merchant_id,month,chargebacks,refunds,fraud_cases,risk_score
M0598,2024-03,4,20,1,15
M0407,2024-02,6,10,3,67
M0090,2024-05,23,139,10,21
M0340,2024-12,13,65,3,20
M0336,2024-11,1,6,0,24
M0282,2024-01,1,4,0,17
M0487,2024-10,37,288,29,18
M0235,2024-11,3,27,1,16
M0393,2024-05,0,2,0,13
M0359,2024-11,1,5,1,19
M0211,2024-11,0,2,0,22
M0114,2024-02,0,1,0,12
M0407,2024-04,7,11,5,63
M0003,2024-09,1,5,0,19
M0456,2024-07,0,1,0,20
M0146,2024-11,5,24,3,20
M0579,2024-12,45,185,39,18
M0418,2024-08,1,10,2,16
M0081,2024-03,4,20,1,18
M0328,2024-08,21,68,9,40
M0298,2024-06,36,147,14,20
M0050,2024-07,0,2,0,19
M0392,2024-02,3,36,2,25
M0118,2024-06,1,9,1,15
M0412,2024-09,11,36,2,24
M0562,2024-11,2,3,0,18
M0249,2024-11,4,12,2,20
M0581,2024-04,2,33,2,20
M0108,2024-12,3,7,1,42
M0023,2024-06,0,2,0,18
M0325,2024-05,4,49,2,23
M0101,2024-07,10,30,4,14
M0178,2024-02,0,5,0,20
M0396,2024-06,55,198,19,20
M0046,2024-04,1,3,0,13
M0215,2024-04,1,3,0,14
M0134,2024-07,0,4,0,14
M0067,2024-05,1,3,1,15
M0574,2024-09,7,21,1,23
M0553,2024-07,1,2,1,43
M0326,2024-12,3,9,0,15
M0089,2024-03,0,2,0,22
M0031,2024-05,5,46,3,19
M0090,2024-09,17,112,6,14
M0389,2024-02,1,7,1,21
M0440,2024-04,1,2,0,16
M0276,2024-06,1,5,0,23
M0477,2024-03,1,2,0,25
M0363,2024-12,1,4,1,22
M0231,2024-12,3,24,2,24
M0550,2024-01,1,2,0,20
M0467,2024-12,1,5,0,26
M0262,2024-09,0,1,0,16
M0535,2024-03,3,31,3,11
M0167,2024-05,3,18,1,25
M0279,2024-08,2,6,1,21
M0544,2024-10,25,67,9,21
M0494,2024-08,1,3,0,21
M0326,2024-03,2,11,0,13
M0387,2024-05,16,42,5,23
M0499,2024-05,5,25,1,27
M0062,2024-07,3,10,2,29
M0576,2024-04,4,39,1,16
M0306,2024-01,1,3,0,12
M0464,2024-03,12,70,4,22
M0399,2024-11,1,3,0,15
M0479,2024-01,4,14,1,11
M0250,2024-01,0,5,0,14
M0344,2024-12,1,4,1,13
M0072,2024-04,2,11,0,24
M0282,2024-04,1,4,0,14
M0308,2024-10,52,115,14,41
M0413,2024-10,44,186,23,25
M0243,2024-06,1,6,0,24
M0385,2024-04,2,8,1,16
M0384,2024-03,2,4,0,24
M0261,2024-05,0,1,0,18
M0196,2024-12,0,1,0,13
M0069,2024-05,9,23,2,20
M0382,2024-02,12,59,8,18
M0284,2024-03,9,93,11,23
M0276,2024-05,2,9,0,19
M0487,2024-08,30,314,29,17
M0186,2024-03,1,6,0,18
M0360,2024-04,6,37,6,16
M0199,2024-08,29,170,9,9
M0009,2024-08,1,5,0,19
M0256,2024-08,1,7,0,18
M0165,2024-01,4,24,2,23
M0117,2024-05,1,5,0,17
M0116,2024-12,0,2,0,20
M0569,2024-07,5,15,2,16
M0034,2024-11,21,68,7,20
M0161,2024-07,5,16,1,18
M0336,2024-03,1,6,0,18
M0325,2024-12,4,73,4,23
M0576,2024-03,4,26,1,7
M0093,2024-07,0,1,0,12
M0029,2024-04,1,13,0,14
M0577,2024-07,1,5,1,20
M0442,2024-11,10,133,10,20
M0117,2024-09,1,6,0,20
M0064,2024-05,7,51,3,23
M0416,2024-06,69,171,6,22
M0102,2024-07,1,3,0,22
M0422,2024-10,6,12,2,44
M0542,2024-09,3,30,1,16
M0468,2024-05,176,367,110,43
M0146,2024-08,6,29,4,27
M0584,2024-02,0,3,1,20
M0142,2024-07,7,37,2,27
M0049,2024-04,1,4,1,16
M0260,2024-04,0,4,1,16
M0583,2024-07,1,9,0,25
M0447,2024-08,0,3,0,15
M0543,2024-08,0,3,0,32
M0417,2024-03,11,54,1,23
M0029,2024-02,1,12,0,16
M0510,2024-11,55,207,25,13
M0312,2024-08,1,3,0,23
M0416,2024-01,52,225,8,22
M0592,2024-12,2,11,1,21
M0397,2024-07,2,3,0,23
M0157,2024-01,4,19,2,10
M0493,2024-05,1,5,1,26
M0199,2024-10,30,131,7,13
M0356,2024-04,9,25,2,11
M0469,2024-11,0,2,0,12
M0219,2024-10,3,10,2,18
M0086,2024-03,1,1,0,23
M0301,2024-04,1,3,0,28
M0278,2024-05,0,1,0,24
M0090,2024-07,18,118,8,13
M0518,2024-07,1,3,0,23
M0453,2024-06,7,19,2,24
M0103,2024-03,35,191,36,19
M0151,2024-09,1,3,0,28
M0019,2024-04,0,5,0,23
M0101,2024-12,12,40,3,19
M0236,2024-05,4,10,3,20
M0368,2024-09,10,86,8,13
M0275,2024-08,49,301,41,24
M0235,2024-10,3,13,1,13
M0081,2024-05,3,14,1,16
M0001,2024-02,1,9,0,30
M0577,2024-10,1,4,0,16
M0571,2024-04,1,8,0,19
M0177,2024-05,1,10,0,23
M0253,2024-03,3,15,3,15
M0212,2024-05,0,2,0,19
M0346,2024-03,1,2,0,23
M0091,2024-02,5,40,4,22
M0378,2024-02,7,35,2,20
M0020,2024-12,10,26,3,25
M0581,2024-02,2,20,2,15
M0431,2024-02,0,4,1,20
M0497,2024-06,2,10,1,18
M0508,2024-02,29,85,10,21
M0036,2024-01,19,159,8,18
M0030,2024-06,1,6,0,18
M0176,2024-09,2,14,1,23
M0562,2024-10,1,4,1,14
M0594,2024-12,1,4,0,20
M0055,2024-09,46,103,31,47
M0576,2024-12,4,35,1,14
M0589,2024-01,5,14,3,23
M0211,2024-10,0,2,0,24
M0417,2024-08,10,70,2,16
M0318,2024-12,4,27,2,20
M0233,2024-09,5,29,2,23
M0322,2024-07,0,1,0,22
M0478,2024-08,0,1,0,24
M0157,2024-06,3,15,1,11
M0333,2024-10,0,1,0,19
M0460,2024-07,3,10,1,17
M0260,2024-05,1,3,0,12
M0225,2024-04,13,52,2,22
M0412,2024-12,8,34,3,28
M0414,2024-06,0,3,0,18
M0494,2024-04,1,3,0,20
M0500,2024-10,5,22,2,21
M0176,2024-11,2,12,1,19
M0113,2024-03,1,24,1,16
M0205,2024-12,2,6,0,14
M0516,2024-04,0,5,0,20
M0173,2024-10,1,2,0,14
M0553,2024-03,2,3,1,46
M0274,2024-08,4,32,1,17
M0303,2024-08,2,5,0,21
M0494,2024-05,2,4,1,22
M0389,2024-10,2,5,0,14
M0071,2024-04,7,16,1,15
M0093,2024-08,0,2,0,14
M0171,2024-03,1,3,0,23
M0333,2024-11,0,1,0,16
M0462,2024-08,5,24,5,26
M0345,2024-06,12,36,6,22
M0484,2024-10,42,157,21,23
M0231,2024-08,2,23,2,22
M0269,2024-05,3,19,3,18
M0464,2024-11,7,47,6,26
M0015,2024-05,0,7,1,24
M0219,2024-02,2,9,1,18
M0449,2024-01,1,10,1,24
M0402,2024-01,0,1,0,18
M0387,2024-11,13,53,5,18
M0155,2024-08,3,14,1,20
M0169,2024-06,1,3,0,17
M0471,2024-04,1,4,0,18
M0544,2024-01,22,46,8,21
M0289,2024-09,2,22,2,21
M0329,2024-04,31,292,11,16
M0409,2024-05,1,3,0,16
M0229,2024-01,3,11,1,21
M0551,2024-06,1,5,1,15
M0223,2024-05,1,5,0,24
M0242,2024-03,0,2,0,22
M0289,2024-02,2,15,2,19
M0303,2024-02,2,5,0,21
M0337,2024-05,7,43,5,16
M0398,2024-06,9,35,2,18
M0361,2024-06,7,10,3,22
M0427,2024-01,0,2,0,15
M0072,2024-06,2,8,0,17
M0177,2024-07,3,10,1,25
M0490,2024-07,3,5,1,21
M0314,2024-11,3,7,1,18
M0399,2024-07,0,2,0,9
M0181,2024-06,9,27,3,18
M0340,2024-06,16,96,3,23
M0367,2024-04,0,2,0,23
M0467,2024-03,1,7,1,24
M0187,2024-09,2,10,1,20
M0348,2024-03,1,6,0,22
M0579,2024-06,54,191,21,11
M0193,2024-11,1,2,0,18
M0086,2024-02,1,2,0,25
M0262,2024-11,0,2,0,31
M0515,2024-08,4,28,2,27
M0320,2024-06,3,13,2,22
M0120,2024-06,6,36,5,16
M0039,2024-03,7,27,5,18
M0245,2024-09,0,4,0,20
M0301,2024-02,1,2,0,21
M0135,2024-04,1,5,0,20
M0066,2024-12,4,27,3,19
M0093,2024-11,0,1,0,9
M0078,2024-03,62,175,23,21
M0313,2024-03,33,73,13,18
M0165,2024-04,5,32,4,26
M0247,2024-01,24,72,13,19
M0409,2024-08,1,7,1,26
M0344,2024-03,0,2,0,17
M0105,2024-07,0,2,0,12
M0398,2024-11,7,35,3,25
M0228,2024-02,1,2,0,20
M0370,2024-10,1,3,0,16
M0309,2024-01,0,1,0,15
M0460,2024-05,3,12,1,13
M0154,2024-03,1,5,1,12
M0013,2024-09,1,2,0,10
M0051,2024-08,5,15,4,64
M0064,2024-04,9,62,2,26
M0111,2024-12,1,5,1,28
M0349,2024-03,2,16,2,28
M0027,2024-07,5,50,3,21
M0181,2024-01,5,20,3,12
M0090,2024-12,20,117,10,21
M0325,2024-02,3,30,1,24
M0153,2024-03,5,55,2,15
M0209,2024-08,1,3,0,24
M0384,2024-09,2,4,0,25
M0328,2024-11,21,92,13,32
M0422,2024-07,5,10,1,39
M0511,2024-03,2,7,1,34
M0150,2024-12,35,267,12,17
M0112,2024-09,1,4,0,18
M0565,2024-12,2,7,0,24
M0017,2024-08,1,4,0,21
M0014,2024-05,1,7,0,14
M0157,2024-08,4,14,2,8
M0596,2024-10,1,5,1,28
M0049,2024-12,2,8,1,13
M0473,2024-12,1,5,0,33
M0404,2024-09,8,20,4,21
M0111,2024-04,1,4,0,14
M0102,2024-12,1,4,1,16
M0296,2024-09,1,7,0,16
M0288,2024-01,2,13,1,21
M0540,2024-02,0,2,0,28
M0143,2024-11,15,36,6,19
M0417,2024-11,8,53,2,20
M0470,2024-03,3,7,1,25
M0438,2024-01,1,3,0,10
M0015,2024-01,0,5,1,12
M0087,2024-04,0,1,0,17
M0438,2024-11,1,3,0,17
M0430,2024-06,2,6,0,25
M0374,2024-05,0,1,0,16
M0360,2024-09,7,42,7,16
M0521,2024-07,7,36,3,19
M0040,2024-10,1,3,1,22
M0411,2024-05,1,5,0,25
M0342,2024-01,4,18,3,13
M0568,2024-01,1,6,0,18
M0139,2024-02,1,6,1,28
M0207,2024-02,1,3,0,19
M0279,2024-09,2,6,1,20
M0218,2024-08,1,4,0,18
M0341,2024-05,7,61,4,17
M0090,2024-01,12,115,11,17
M0066,2024-06,3,28,2,19
M0055,2024-03,2,18,2,21
M0153,2024-08,6,55,2,18
M0522,2024-03,10,43,5,19
M0274,2024-04,4,26,1,19
M0466,2024-12,2,28,3,34
M0486,2024-03,1,4,0,27
M0170,2024-08,0,2,0,30
M0575,2024-12,1,7,1,32
M0347,2024-01,1,5,0,23
M0163,2024-05,8,34,2,17
M0048,2024-07,1,3,0,17
M0240,2024-02,4,38,3,9
M0538,2024-12,11,35,5,12
M0226,2024-11,0,2,0,11
M0039,2024-04,10,32,7,31
M0057,2024-03,0,3,0,20
M0352,2024-10,3,11,2,24
M0259,2024-04,1,3,1,22
M0250,2024-11,0,5,0,22
M0040,2024-04,1,3,1,25
M0302,2024-11,0,1,0,12
M0236,2024-04,3,12,2,19
M0172,2024-05,1,7,0,5
M0303,2024-05,2,6,1,26
M0546,2024-05,4,15,1,16
M0233,2024-11,11,62,4,25
M0457,2024-01,8,46,3,26
M0202,2024-05,2,10,1,28
M0326,2024-09,2,9,0,21
M0174,2024-08,2,6,1,22
M0279,2024-12,2,5,1,12
M0019,2024-06,1,5,0,20
M0256,2024-06,1,5,0,23
M0003,2024-04,1,4,0,19
M0018,2024-07,0,0,0,15
M0066,2024-02,4,29,3,20
M0508,2024-01,26,75,6,21
M0171,2024-11,1,5,0,16
M0081,2024-11,6,22,3,24
M0004,2024-01,27,130,7,27
M0053,2024-08,7,41,6,22
M0487,2024-11,33,199,19,15
M0055,2024-08,22,40,16,36
M0221,2024-03,4,17,1,24
M0326,2024-01,2,11,0,17
M0561,2024-03,1,4,0,17
M0440,2024-11,0,2,0,16
M0085,2024-10,4,11,4,54
M0327,2024-01,0,0,0,10
M0411,2024-03,1,3,0,22
M0021,2024-04,13,50,9,18
M0082,2024-02,1,2,0,16
M0296,2024-03,1,4,0,18
M0521,2024-03,5,30,4,15
M0003,2024-12,2,11,1,25
M0256,2024-12,1,6,0,23
M0275,2024-02,43,242,15,25
M0585,2024-09,11,56,3,22
M0280,2024-02,10,24,1,44
M0372,2024-07,0,2,0,25
M0289,2024-12,2,14,2,19
M0362,2024-02,1,2,1,47
M0341,2024-01,5,36,3,14
M0290,2024-06,12,32,3,14
M0263,2024-05,1,4,0,16
M0332,2024-03,0,5,0,23
M0110,2024-12,1,5,0,29
M0218,2024-10,1,3,0,26
M0599,2024-03,7,107,5,16
M0509,2024-09,1,5,1,14
M0092,2024-06,1,6,0,20
M0399,2024-12,1,2,0,17
M0036,2024-12,35,279,16,21
M0553,2024-09,3,5,2,41
M0503,2024-12,1,4,0,19
M0349,2024-06,2,15,2,25
M0380,2024-02,0,0,0,15
M0429,2024-01,0,1,0,18
M0313,2024-01,46,90,10,20
M0414,2024-02,0,4,0,15
M0021,2024-03,8,46,6,18
M0316,2024-03,3,9,1,24
M0384,2024-07,2,5,0,24
M0383,2024-11,12,27,2,22
M0591,2024-09,1,4,1,36
M0249,2024-10,5,14,3,22
M0505,2024-02,1,7,0,17
M0452,2024-06,0,3,0,20
M0362,2024-05,1,2,1,46
M0503,2024-09,1,4,0,9
M0222,2024-06,0,1,0,17
M0512,2024-06,17,182,29,14
M0107,2024-07,15,98,12,25
M0481,2024-05,21,49,8,33
M0514,2024-03,0,1,0,13
M0013,2024-01,0,1,0,18
M0583,2024-08,1,8,0,26
M0309,2024-03,1,1,0,16
M0247,2024-06,32,87,22,23
M0203,2024-11,1,6,0,19
M0178,2024-08,1,8,1,20
M0153,2024-11,9,52,3,19
M0332,2024-02,0,5,0,19
M0550,2024-04,1,3,0,25
M0065,2024-02,1,3,0,18
M0265,2024-11,1,15,1,22
M0338,2024-12,8,25,4,51
M0191,2024-04,1,3,0,14
M0479,2024-11,5,14,1,16
M0428,2024-09,0,3,1,18
M0547,2024-10,2,4,0,13
M0084,2024-10,3,7,1,17
M0574,2024-11,6,16,1,36
M0450,2024-09,9,22,3,30
M0359,2024-04,1,5,0,22
M0160,2024-05,3,22,1,16
M0262,2024-04,0,1,0,14
M0381,2024-10,0,1,0,15
M0001,2024-06,1,6,0,31
M0459,2024-09,0,3,0,23
M0501,2024-02,0,1,0,17
M0368,2024-10,11,86,6,14
M0205,2024-11,1,5,0,18
M0166,2024-06,0,2,0,14
M0444,2024-01,1,8,0,21
M0299,2024-03,6,19,3,28
M0393,2024-06,0,1,0,11
M0007,2024-10,7,15,5,59
M0389,2024-09,2,8,1,19
M0368,2024-04,10,96,5,13
M0439,2024-12,1,3,0,25
M0364,2024-02,1,5,1,22
M0436,2024-04,1,3,0,15
M0478,2024-04,0,1,0,24
M0484,2024-11,58,129,19,21
M0023,2024-02,0,2,0,16
M0306,2024-11,1,2,0,21
M0467,2024-06,1,6,1,25
M0163,2024-09,10,38,3,20
M0101,2024-05,17,37,4,21
M0092,2024-03,1,4,1,19
M0485,2024-12,1,5,0,23
M0127,2024-11,0,1,0,19
M0005,2024-06,1,2,1,19
M0548,2024-02,0,3,0,20
M0224,2024-05,6,27,2,11
M0559,2024-11,10,34,3,20
M0020,2024-09,5,19,3,20
M0157,2024-11,5,15,1,11
M0031,2024-11,5,41,3,22
M0001,2024-03,1,7,0,33
M0495,2024-09,4,14,0,20
M0599,2024-06,11,112,8,18
M0423,2024-08,52,150,15,27
M0285,2024-06,1,7,1,23
M0462,2024-05,3,20,3,21
M0128,2024-03,1,7,1,21
M0257,2024-01,6,9,3,70
M0217,2024-09,7,33,4,14
M0569,2024-12,10,30,3,15
M0574,2024-10,4,10,1,32
M0134,2024-04,0,3,0,18
M0078,2024-01,57,142,21,22
M0221,2024-01,5,22,1,25
M0006,2024-06,1,5,0,16
M0549,2024-06,8,61,7,25
M0357,2024-11,5,44,3,15
M0471,2024-08,1,5,0,21
M0457,2024-10,9,48,2,24
M0585,2024-08,16,47,3,25
M0203,2024-02,1,7,0,14
M0022,2024-01,19,95,18,9
M0530,2024-02,7,45,2,18
M0204,2024-05,1,5,0,20
M0108,2024-07,3,6,1,47
M0436,2024-09,1,4,1,19
M0202,2024-04,2,7,1,16
M0382,2024-07,7,44,8,22
M0386,2024-10,0,1,0,14
M0494,2024-03,2,4,1,23
M0447,2024-12,1,5,0,20
M0133,2024-12,0,1,0,23
M0174,2024-11,2,5,1,20
M0338,2024-03,2,12,2,25
M0127,2024-07,0,1,0,21
M0152,2024-06,1,6,1,18
M0556,2024-06,2,7,1,30
M0327,2024-04,0,0,0,16
M0585,2024-05,12,52,2,22
M0232,2024-06,0,2,0,17
M0243,2024-12,1,5,0,26
M0457,2024-08,13,42,3,19
M0508,2024-07,31,96,10,26
M0541,2024-02,2,10,1,28
M0278,2024-01,0,1,0,24
M0463,2024-03,1,5,1,29
M0600,2024-06,1,2,0,12
M0279,2024-07,2,6,1,18
M0501,2024-07,0,2,0,17
M0367,2024-10,0,1,0,16
M0216,2024-07,2,4,0,27
M0416,2024-08,49,237,6,22
M0106,2024-08,33,46,9,10
M0029,2024-11,2,24,0,24
M0026,2024-05,5,39,3,15
M0496,2024-07,1,5,0,19
M0595,2024-06,2,15,1,13
M0058,2024-04,1,5,1,18
M0355,2024-03,7,24,5,21
M0166,2024-05,0,3,0,14
M0467,2024-09,1,11,1,20
M0373,2024-05,4,26,2,17
M0542,2024-04,3,24,2,22
M0197,2024-02,8,27,1,25
M0348,2024-10,2,7,0,28
M0574,2024-04,5,15,1,26
M0087,2024-10,0,1,0,21
M0512,2024-01,13,123,21,17
M0264,2024-10,1,8,1,19
M0135,2024-12,2,6,0,20
M0088,2024-06,8,26,4,25
M0251,2024-10,1,4,0,11
M0160,2024-12,8,34,3,16
M0426,2024-01,0,1,0,21
M0016,2024-04,0,4,0,23
M0516,2024-03,1,6,0,26
M0378,2024-05,7,34,3,20
M0140,2024-12,2,30,2,19
M0587,2024-09,1,5,0,13
M0072,2024-01,1,7,0,18
M0452,2024-11,0,2,0,19
M0282,2024-05,1,5,0,19
M0495,2024-01,4,21,1,20
M0332,2024-12,1,10,0,22
M0296,2024-05,1,3,0,14
M0363,2024-08,2,6,1,28
M0460,2024-03,2,7,1,19
M0041,2024-05,6,19,4,19
M0398,2024-07,6,35,3,22
M0307,2024-01,1,5,1,18
M0493,2024-02,1,3,1,28
M0265,2024-07,1,10,1,15
M0012,2024-06,1,7,0,19
M0358,2024-03,5,10,2,53
M0401,2024-02,1,4,0,21
M0154,2024-08,1,5,0,16
M0531,2024-08,3,42,2,18
M0485,2024-03,1,3,0,20
M0020,2024-10,9,26,4,19
M0596,2024-03,1,6,1,21
M0295,2024-01,8,25,3,19
M0475,2024-11,2,9,1,20
M0142,2024-11,11,48,3,19
M0543,2024-10,0,3,0,28
M0332,2024-01,0,5,0,21
M0420,2024-08,3,26,1,14
M0552,2024-07,0,1,0,18
M0130,2024-12,1,10,1,34
M0434,2024-03,0,1,0,19
M0059,2024-05,1,3,0,17
M0173,2024-06,1,2,0,21
M0262,2024-10,0,1,0,19
M0259,2024-03,1,3,1,23
M0566,2024-06,44,99,9,57
M0570,2024-05,4,53,1,14
M0038,2024-06,1,4,1,18
M0543,2024-04,0,3,0,37
M0259,2024-01,1,3,1,19
M0200,2024-06,6,13,4,64
M0565,2024-01,1,9,0,21
M0393,2024-12,0,2,0,4
M0076,2024-02,7,28,2,25
M0419,2024-10,20,54,11,56
M0074,2024-11,2,8,0,16
M0489,2024-06,2,8,0,20
M0002,2024-04,3,30,3,17
M0027,2024-06,4,40,3,22
M0466,2024-11,3,33,4,38
M0429,2024-06,0,1,0,16
M0506,2024-05,8,29,3,13
M0003,2024-03,1,5,0,14
M0121,2024-07,0,1,0,23
M0336,2024-07,1,8,0,21
M0551,2024-11,1,6,1,17
M0480,2024-12,7,34,3,20
M0141,2024-12,8,13,3,65
M0341,2024-10,8,71,6,18
M0207,2024-07,1,3,0,17
M0457,2024-07,13,74,5,23
M0051,2024-06,7,11,4,65
M0155,2024-09,3,18,3,23
M0104,2024-07,0,2,0,18
M0063,2024-03,1,2,0,19
M0497,2024-03,1,8,1,11
M0372,2024-04,0,1,0,24
M0147,2024-02,1,5,0,17
M0452,2024-04,0,2,0,19
M0488,2024-08,19,81,20,17
M0100,2024-09,1,1,0,25
M0041,2024-04,6,26,3,23
M0219,2024-11,2,16,2,17
M0004,2024-12,239,1006,71,62
M0013,2024-02,0,1,0,10
M0008,2024-10,1,1,0,13
M0005,2024-08,1,2,0,17
M0392,2024-06,3,60,3,23
M0529,2024-10,7,18,4,17
M0194,2024-11,1,3,1,29
M0119,2024-10,0,4,0,20
M0464,2024-05,9,66,7,26
M0194,2024-06,1,4,1,26
M0439,2024-08,1,3,0,27
M0504,2024-12,0,3,0,17
M0585,2024-07,12,56,3,17
M0406,2024-10,0,5,1,20
M0563,2024-03,7,39,4,26
M0290,2024-01,7,20,3,14
M0572,2024-12,9,35,3,16
M0225,2024-07,12,58,4,23
M0465,2024-08,3,10,1,20
M0308,2024-02,11,36,3,20
M0525,2024-11,1,4,1,22
M0151,2024-11,1,2,0,20
M0178,2024-11,1,6,1,18
M0159,2024-10,7,34,4,14
M0181,2024-04,4,25,3,15
M0369,2024-06,1,5,0,16
M0380,2024-09,0,1,0,16
M0337,2024-12,13,73,10,27
M0124,2024-03,16,36,2,27
M0144,2024-03,1,3,0,20
M0080,2024-03,10,25,2,17
M0273,2024-06,1,8,1,18
M0035,2024-06,1,3,1,13
M0044,2024-11,38,69,18,66
M0189,2024-12,13,131,5,15
M0586,2024-04,0,2,0,30
M0264,2024-07,1,7,1,19
M0011,2024-06,1,3,1,15
M0104,2024-08,0,2,0,18
M0380,2024-10,0,0,0,15
M0574,2024-05,6,18,1,29
M0282,2024-11,1,4,0,18
M0350,2024-01,12,28,7,61
M0124,2024-05,17,39,4,31
M0340,2024-01,12,44,1,13
M0437,2024-05,0,2,0,24
M0134,2024-10,0,2,0,24
M0346,2024-01,1,2,0,23
M0340,2024-05,11,47,2,19
M0253,2024-04,3,20,1,17
M0353,2024-07,0,1,0,10
M0121,2024-11,0,2,0,18
M0407,2024-05,7,16,5,72
M0497,2024-12,2,18,1,15
M0329,2024-12,21,267,11,15
M0577,2024-09,1,5,0,16
M0232,2024-12,1,3,0,23
M0449,2024-02,2,6,1,28
M0190,2024-06,1,8,1,12
M0566,2024-08,40,65,22,63
M0596,2024-06,1,5,1,23
M0484,2024-07,35,139,17,28
M0300,2024-02,35,162,28,20
M0519,2024-06,0,1,0,9
M0192,2024-02,0,1,0,29
M0558,2024-03,1,5,1,22
M0425,2024-04,6,26,1,19
M0055,2024-06,2,21,3,11
M0145,2024-05,50,165,15,21
M0122,2024-03,25,133,10,26
M0514,2024-02,0,1,0,9
M0589,2024-11,5,17,2,16
M0582,2024-06,7,30,3,23
M0450,2024-11,5,26,2,26
M0010,2024-04,1,4,0,15
M0513,2024-05,5,23,3,25
M0559,2024-05,7,22,2,21
M0373,2024-11,3,17,2,13
M0148,2024-05,1,3,0,17
M0559,2024-01,9,31,3,23
M0290,2024-08,9,27,3,12
M0390,2024-04,2,11,1,21
M0024,2024-07,1,5,0,24
M0029,2024-08,1,16,0,16
M0122,2024-10,56,215,14,41
M0450,2024-07,9,22,2,25
M0082,2024-10,1,3,0,17
M0112,2024-03,1,3,0,15
M0336,2024-02,1,6,0,21
M0507,2024-07,10,38,4,18
M0491,2024-04,1,7,0,18
M0173,2024-09,1,2,0,24
M0573,2024-01,0,2,0,16
M0040,2024-08,1,5,1,24
M0029,2024-07,1,14,0,16
M0001,2024-12,1,7,0,31
M0015,2024-04,0,5,0,13
M0393,2024-01,0,1,0,8
M0131,2024-04,1,2,0,13
M0036,2024-09,21,132,7,16
M0193,2024-10,0,2,0,18
M0355,2024-10,9,18,3,22
M0490,2024-04,2,4,1,18
M0008,2024-05,1,2,0,15
M0213,2024-10,1,3,0,20
M0274,2024-11,4,30,1,17
M0154,2024-04,1,5,1,20
M0330,2024-01,1,2,0,19
M0152,2024-11,1,4,0,16
M0399,2024-10,1,3,0,15
M0339,2024-09,12,37,5,23
M0295,2024-04,11,26,3,21
M0296,2024-08,1,8,0,27
M0442,2024-09,16,106,13,18
M0479,2024-04,4,12,0,12
M0560,2024-09,1,3,0,14
M0444,2024-11,1,12,0,25
M0220,2024-01,1,5,0,16
M0500,2024-04,4,19,1,23
M0033,2024-12,1,3,0,21
M0432,2024-03,0,2,0,28
M0292,2024-12,22,84,6,25
M0065,2024-10,1,3,0,20
M0443,2024-08,2,8,0,27
M0485,2024-02,0,2,0,14
M0476,2024-09,0,2,0,19
M0074,2024-07,2,11,0,17
M0258,2024-03,2,5,0,26
M0032,2024-01,3,12,1,13
M0257,2024-04,8,15,3,62
M0172,2024-12,1,9,0,7
M0305,2024-01,2,5,2,53
M0314,2024-10,3,9,1,14
M0247,2024-04,23,70,12,17
M0466,2024-10,4,32,3,28
M0128,2024-09,1,5,1,22
M0541,2024-04,1,13,2,26
M0257,2024-08,8,8,3,68
M0151,2024-06,1,3,1,34
M0039,2024-02,9,22,6,32
M0474,2024-01,1,3,0,14
M0343,2024-07,3,8,1,26
M0181,2024-08,9,30,3,15
M0231,2024-01,3,19,2,22
M0416,2024-09,55,182,4,16
M0058,2024-07,1,5,1,18
M0359,2024-02,1,4,1,19
M0145,2024-07,66,221,16,16
M0137,2024-01,1,5,1,25
M0139,2024-12,1,7,1,23
M0431,2024-06,1,3,0,33
M0015,2024-11,1,9,1,18
M0004,2024-07,109,331,92,46
M0184,2024-05,4,9,3,60
M0440,2024-09,0,2,0,19
M0067,2024-06,1,4,1,18
M0445,2024-09,0,1,0,16
M0449,2024-11,2,16,2,17
M0056,2024-11,1,5,1,18
M0476,2024-05,0,4,0,15
M0417,2024-02,6,34,1,17
M0471,2024-10,1,6,0,23
M0500,2024-02,5,20,2,17
M0461,2024-10,10,22,4,24
M0300,2024-06,55,157,32,19
M0441,2024-01,9,47,7,19
M0418,2024-03,2,14,2,17
M0084,2024-04,3,5,0,22
M0021,2024-09,7,52,8,21
M0454,2024-08,1,4,0,23
M0471,2024-07,1,5,0,19
M0250,2024-06,0,6,1,17
M0540,2024-03,1,2,0,26
M0446,2024-10,1,6,0,19
M0166,2024-09,0,3,0,12
M0568,2024-07,1,4,0,13
M0405,2024-03,1,7,0,23
M0226,2024-03,0,2,0,13
M0007,2024-11,9,10,4,64
M0164,2024-07,0,1,0,16
M0094,2024-05,1,8,1,11
M0502,2024-02,3,24,1,21
M0244,2024-10,4,33,2,15
M0095,2024-09,9,23,1,26
M0127,2024-03,1,1,0,22
M0105,2024-09,0,2,0,12
M0026,2024-09,7,30,4,14
M0493,2024-12,1,9,1,27
M0423,2024-07,36,127,15,19
M0535,2024-06,2,38,3,12
M0546,2024-10,5,17,2,19
M0452,2024-08,0,2,0,16
M0420,2024-09,2,28,1,9
M0209,2024-11,1,3,0,24
M0096,2024-08,1,2,0,13
M0448,2024-06,1,4,0,10
M0500,2024-08,4,18,1,23
M0291,2024-08,2,13,1,15
M0101,2024-02,12,40,4,17
M0482,2024-12,1,2,0,18
M0313,2024-12,50,83,13,19
M0094,2024-02,1,8,1,13
M0488,2024-02,12,49,13,15
M0124,2024-12,11,52,4,26
M0535,2024-09,3,33,3,18
M0206,2024-01,3,20,4,21
M0480,2024-07,3,27,3,23
M0191,2024-03,1,3,0,17
M0280,2024-08,20,27,6,52
M0127,2024-08,0,1,0,20
M0324,2024-04,29,114,7,18
M0483,2024-05,0,1,0,17
M0420,2024-10,2,13,0,7
M0368,2024-07,11,96,7,16
M0444,2024-05,2,9,0,20
M0234,2024-07,3,8,0,24
M0253,2024-12,3,18,1,16
M0348,2024-12,3,11,0,27
M0138,2024-06,1,4,0,24
M0250,2024-07,0,5,1,18
M0273,2024-01,1,6,0,15
M0450,2024-02,4,17,2,26
M0090,2024-02,20,117,13,16
M0290,2024-07,10,28,3,9
M0290,2024-02,6,16,2,16
M0504,2024-10,0,2,0,18
M0444,2024-04,2,9,0,21
M0029,2024-01,1,11,0,16
M0389,2024-11,2,8,1,19
M0565,2024-06,2,10,0,24
M0411,2024-07,1,4,0,27
M0028,2024-03,2,7,0,24
M0435,2024-06,38,128,7,14
M0060,2024-06,0,2,0,7
M0258,2024-09,2,4,1,24
M0226,2024-05,0,2,0,15
M0061,2024-10,0,2,0,26
M0094,2024-10,1,10,1,12
M0199,2024-11,28,197,8,12
M0171,2024-08,1,4,0,19
M0082,2024-11,1,2,0,20
M0280,2024-04,13,23,6,53
M0104,2024-09,0,2,0,20
M0237,2024-06,1,4,0,25
M0006,2024-01,1,3,0,19
M0331,2024-01,1,2,0,14
M0294,2024-01,1,3,1,44
M0527,2024-04,1,17,1,15
M0249,2024-05,5,12,3,23
M0210,2024-09,1,7,0,16
M0320,2024-02,2,9,1,29
M0255,2024-11,1,4,0,27
M0077,2024-02,0,1,0,18
M0369,2024-02,0,3,0,17
M0558,2024-06,1,6,1,20
M0189,2024-07,8,87,4,23
M0485,2024-01,1,4,0,21
M0516,2024-11,1,6,0,21
M0201,2024-02,1,3,0,23
M0127,2024-06,1,2,0,20
M0592,2024-11,1,8,0,16
M0471,2024-09,1,4,0,19
M0455,2024-11,0,3,0,7
M0030,2024-09,0,6,0,14
M0467,2024-02,2,7,1,30
M0061,2024-08,0,1,0,24
M0033,2024-06,1,4,0,12
M0071,2024-05,7,12,1,15
M0118,2024-04,1,6,1,13
M0428,2024-05,0,2,0,15
M0516,2024-12,1,5,0,28
M0371,2024-08,0,2,0,23
M0225,2024-10,16,60,3,23
M0588,2024-06,1,3,0,13
M0063,2024-04,1,2,0,25
M0054,2024-06,0,2,0,18
M0235,2024-03,2,13,1,11
M0014,2024-03,1,8,0,21
M0424,2024-07,19,21,9,57
M0271,2024-07,2,3,0,24
M0490,2024-12,3,6,1,20
M0051,2024-04,6,12,2,49
M0188,2024-01,8,41,4,12
M0555,2024-11,7,55,4,30
M0348,2024-06,1,5,0,25
M0164,2024-10,0,1,0,16
M0233,2024-02,7,22,2,17
M0317,2024-11,1,6,1,22
M0155,2024-06,2,18,3,20
M0563,2024-10,7,34,6,25
M0233,2024-03,5,30,2,21
M0143,2024-09,19,44,5,17
M0472,2024-04,1,6,0,15
M0335,2024-03,0,3,0,24
M0022,2024-05,36,106,15,19
M0179,2024-11,29,89,7,23
M0384,2024-05,1,4,0,27
M0146,2024-03,7,28,3,17
M0383,2024-03,8,24,1,19
M0572,2024-05,10,36,4,18
M0365,2024-11,4,8,1,49
M0039,2024-08,11,46,6,24
M0089,2024-10,0,2,0,18
M0365,2024-09,2,5,1,45
M0559,2024-12,6,32,3,14
M0504,2024-07,0,3,0,15
M0191,2024-12,1,4,0,18
M0292,2024-08,13,52,3,23
M0098,2024-05,1,5,0,25
M0395,2024-09,50,180,23,23
M0254,2024-10,2,10,1,23
M0043,2024-02,9,25,3,17
M0181,2024-05,6,23,2,15
M0445,2024-08,0,1,0,19
M0224,2024-06,6,30,3,16
M0365,2024-02,3,6,1,50
M0294,2024-06,1,3,1,53
M0051,2024-03,8,8,3,55
M0125,2024-03,0,4,0,19
M0270,2024-12,0,1,0,16
M0481,2024-09,23,86,17,44
M0326,2024-10,2,10,0,15
M0077,2024-06,1,2,0,18
M0431,2024-01,1,3,1,27
M0152,2024-12,1,7,0,19
M0367,2024-06,0,1,0,18
M0477,2024-12,2,5,1,27
M0365,2024-04,3,5,1,52
M0179,2024-06,22,70,9,22
M0555,2024-02,7,45,3,30
M0064,2024-02,7,41,2,26
M0494,2024-11,2,3,1,18
M0518,2024-01,1,3,0,13
M0527,2024-12,2,20,1,20
M0596,2024-11,1,5,0,11
M0010,2024-02,1,4,0,22
M0439,2024-05,1,3,0,30
M0059,2024-02,1,3,0,28
M0114,2024-09,1,1,0,18
M0474,2024-08,4,11,2,30
M0484,2024-03,36,109,20,26
M0455,2024-10,0,3,0,7
M0356,2024-12,6,26,2,14
M0531,2024-07,3,39,2,20
M0276,2024-09,1,6,0,22
M0155,2024-02,3,13,1,17
M0128,2024-06,1,5,1,17
M0531,2024-12,3,44,2,24
M0307,2024-04,1,3,1,23
M0402,2024-02,0,1,0,15
M0204,2024-11,2,6,0,23
M0052,2024-02,0,2,0,11
M0273,2024-02,1,3,0,10
M0092,2024-01,1,3,1,22
M0473,2024-01,1,2,0,15
M0291,2024-11,2,14,1,12
M0274,2024-05,6,29,1,20
M0115,2024-10,5,31,2,19
M0547,2024-05,1,5,0,18
M0182,2024-07,0,1,0,25
M0333,2024-08,0,1,0,12
M0043,2024-05,9,19,3,23
M0388,2024-10,0,2,0,17
M0007,2024-09,6,14,6,61
M0415,2024-04,68,351,34,22
M0537,2024-12,12,35,4,22
M0083,2024-02,2,9,1,17
M0190,2024-12,1,10,1,11
M0339,2024-01,9,43,3,22
M0057,2024-04,1,4,0,19
M0423,2024-01,18,102,15,29
M0088,2024-03,9,38,3,25
M0519,2024-08,0,1,0,24
M0071,2024-06,8,14,1,11
M0582,2024-04,6,22,3,12
M0420,2024-12,2,22,1,8
M0046,2024-01,1,5,0,17
M0566,2024-03,34,44,7,60
M0150,2024-08,32,240,10,19
M0134,2024-05,0,4,0,21
M0111,2024-11,1,4,1,20
M0144,2024-11,1,4,0,19
M0442,2024-03,9,105,11,19
M0367,2024-07,0,2,0,17
M0569,2024-03,5,14,1,18
M0552,2024-12,0,2,0,19
M0387,2024-09,14,46,3,16
M0092,2024-12,1,6,1,22
M0507,2024-06,8,34,5,21
M0190,2024-07,1,7,0,7
M0314,2024-07,3,5,1,17
M0432,2024-10,0,2,0,27
M0351,2024-11,1,5,0,28
M0579,2024-11,50,121,29,16
M0126,2024-08,1,5,1,22
M0021,2024-10,11,54,13,24
M0010,2024-03,1,6,0,19
M0276,2024-03,1,7,0,18
M0301,2024-03,1,2,0,25
M0105,2024-01,0,2,0,15
M0496,2024-01,1,4,0,26
M0203,2024-10,2,9,1,13
M0366,2024-12,1,7,1,21
M0487,2024-02,40,226,29,18
M0479,2024-10,4,13,1,16
M0106,2024-05,32,52,8,17
M0064,2024-07,11,63,3,25
M0195,2024-06,3,11,1,27
M0486,2024-12,1,2,0,19
M0546,2024-06,4,16,1,21
M0091,2024-12,11,77,7,24
M0599,2024-04,9,116,7,15
M0278,2024-02,0,1,0,20
M0401,2024-07,2,7,1,23
M0213,2024-08,1,4,1,22
M0145,2024-01,35,134,12,12
M0020,2024-04,7,31,3,15
M0008,2024-07,0,1,0,16
M0162,2024-12,3,34,1,24
M0242,2024-04,0,3,0,22
M0452,2024-07,0,2,0,10
M0248,2024-12,1,2,0,17
M0352,2024-08,4,31,4,22
M0215,2024-06,2,4,0,21
M0263,2024-01,1,4,0,16
M0372,2024-02,0,2,0,24
M0499,2024-02,4,17,1,26
M0328,2024-06,13,58,11,32
M0072,2024-05,1,8,0,19
M0110,2024-08,2,6,1,23
M0575,2024-06,1,8,1,28
M0124,2024-07,21,55,5,28
M0173,2024-07,1,1,0,16
M0077,2024-12,1,2,0,20
M0450,2024-04,8,31,3,26
M0167,2024-07,3,16,1,18
M0121,2024-05,0,2,0,21
M0202,2024-09,4,18,2,38
M0178,2024-05,1,6,1,18
M0550,2024-11,1,4,0,23
M0509,2024-08,1,4,1,16
M0512,2024-03,18,140,21,21
M0536,2024-02,1,8,1,17
M0362,2024-06,1,2,1,48
M0312,2024-05,0,4,0,23
M0556,2024-12,2,6,1,31
M0120,2024-10,6,32,4,16
M0475,2024-08,1,7,1,20
M0278,2024-03,0,1,0,26
M0350,2024-07,24,48,10,70
M0563,2024-04,6,37,6,18
M0556,2024-11,1,6,1,24
M0109,2024-09,1,8,0,18
M0227,2024-10,3,12,1,26
M0322,2024-08,0,1,0,11
M0297,2024-06,2,5,0,22
M0301,2024-07,1,4,0,26
M0024,2024-03,1,3,0,25
M0215,2024-03,1,4,0,20
M0236,2024-08,3,10,2,16
M0068,2024-03,27,197,28,16
M0404,2024-10,6,11,2,23
M0116,2024-02,0,1,0,20
M0210,2024-08,1,4,0,11
M0227,2024-05,3,13,0,27
M0018,2024-10,0,1,0,26
M0484,2024-01,32,83,10,20
M0214,2024-01,67,234,16,25
M0570,2024-02,3,36,1,19
M0319,2024-08,4,8,1,20
M0084,2024-01,3,7,1,18
M0473,2024-08,1,3,0,20
M0472,2024-03,1,6,1,20
M0020,2024-07,8,31,2,21
M0011,2024-08,1,3,1,19
M0169,2024-08,1,2,0,19
M0212,2024-01,0,2,0,20
M0064,2024-01,7,35,2,21
M0552,2024-01,0,3,0,28
M0169,2024-11,1,3,0,23
M0026,2024-07,6,31,5,16
M0198,2024-11,2,9,1,16
M0548,2024-05,0,4,0,18
M0246,2024-05,2,3,0,16
M0105,2024-06,0,2,0,13
M0486,2024-11,1,4,0,19
M0376,2024-06,11,108,11,37
M0060,2024-09,0,3,0,12
M0207,2024-09,1,3,0,19
M0187,2024-06,1,11,1,22
M0098,2024-04,1,6,1,22
M0106,2024-04,32,62,10,16
M0425,2024-05,9,28,2,20
M0385,2024-03,2,6,1,17
M0128,2024-11,1,7,0,18
M0425,2024-09,9,31,2,26
M0446,2024-11,2,7,0,28
M0420,2024-03,2,24,1,10
M0382,2024-11,10,49,9,24
M0435,2024-02,48,107,8,25
M0338,2024-10,10,22,3,46
M0302,2024-04,0,1,0,17
M0118,2024-03,1,9,1,16
M0047,2024-02,4,7,2,36
M0253,2024-10,4,19,1,14
M0181,2024-09,6,30,4,19
M0471,2024-06,1,6,0,19
M0459,2024-05,0,2,0,17
M0331,2024-06,1,2,0,14
M0589,2024-10,6,12,2,18
M0556,2024-03,1,4,1,26
M0030,2024-10,1,6,0,19
M0077,2024-09,1,2,0,17
M0229,2024-02,2,9,1,18
M0199,2024-06,35,157,8,6
M0590,2024-11,1,6,1,13
M0545,2024-10,1,2,0,20
M0195,2024-07,2,10,1,26
M0507,2024-05,7,28,2,11
M0427,2024-11,0,2,0,14
M0007,2024-06,9,11,4,61
M0387,2024-06,9,55,4,23
M0333,2024-04,0,1,0,21
M0275,2024-06,34,330,29,21
M0557,2024-01,1,8,1,17
M0323,2024-03,1,10,1,28
M0496,2024-11,15,31,4,59
M0015,2024-08,1,6,1,21
M0231,2024-06,4,34,1,28
M0140,2024-09,2,29,2,20
M0421,2024-08,5,19,1,24
M0366,2024-06,1,3,0,23
M0140,2024-02,2,19,2,17
M0445,2024-02,0,1,0,20
M0025,2024-06,1,8,1,25
M0492,2024-04,1,5,1,19
M0514,2024-05,0,1,0,12
M0569,2024-04,4,21,2,21
M0561,2024-08,1,4,0,17
M0406,2024-07,0,4,1,14
M0013,2024-08,1,2,0,21
M0230,2024-11,1,5,0,16
M0377,2024-01,1,4,0,20
M0167,2024-08,4,17,1,24
M0272,2024-04,1,5,0,27
M0128,2024-12,1,7,1,18
M0498,2024-02,1,3,0,33
M0231,2024-11,4,18,2,25
M0252,2024-08,12,35,3,21
M0068,2024-12,38,212,31,13
M0287,2024-11,1,4,0,9
M0345,2024-08,10,40,3,19
M0208,2024-12,65,250,17,19
M0318,2024-11,3,15,2,11
M0347,2024-08,1,6,0,15
M0231,2024-02,3,18,1,28
M0167,2024-10,3,12,1,19
M0117,2024-01,1,7,0,22
M0557,2024-08,1,8,1,19
M0130,2024-06,1,3,0,24
M0243,2024-07,1,4,0,19
M0282,2024-12,2,6,0,23
M0259,2024-09,1,4,1,21
M0100,2024-11,0,1,0,24
M0019,2024-05,0,5,0,19
M0512,2024-12,29,241,28,17
M0528,2024-12,1,4,1,20
M0529,2024-02,9,39,5,22
M0217,2024-01,5,20,3,25
M0404,2024-03,7,18,4,25
M0164,2024-02,0,1,0,20
M0185,2024-09,2,9,1,18
M0273,2024-11,1,8,1,15
M0323,2024-04,1,7,1,16
M0585,2024-11,10,42,2,20
M0126,2024-12,2,7,1,15
M0028,2024-02,1,7,0,19
M0276,2024-10,1,8,0,18
M0195,2024-11,2,7,1,20
M0249,2024-04,7,16,2,27
M0478,2024-05,0,1,0,28
M0253,2024-02,4,11,2,14
M0218,2024-11,1,4,0,19
M0076,2024-05,6,23,3,21
M0278,2024-06,0,1,0,20
M0156,2024-01,1,4,0,16
M0136,2024-06,6,44,2,19
M0032,2024-02,3,17,1,19
M0454,2024-10,1,4,0,24
M0490,2024-11,3,6,1,23
M0119,2024-02,0,2,0,14
M0427,2024-12,0,1,0,13
M0241,2024-06,1,7,0,14
M0425,2024-12,13,42,2,17
M0551,2024-10,1,6,1,16
M0009,2024-10,1,4,1,13
M0309,2024-10,1,1,0,18
M0380,2024-12,0,1,0,14
M0031,2024-06,6,35,3,17
M0084,2024-12,2,7,0,15
M0210,2024-11,2,10,1,19
M0456,2024-10,0,1,0,19
M0133,2024-04,0,1,0,20
M0046,2024-02,1,4,0,22
M0251,2024-04,1,5,1,13
M0075,2024-06,5,31,2,15
M0288,2024-12,2,10,1,21
M0318,2024-03,4,16,2,18
M0332,2024-04,0,5,0,16
M0022,2024-03,31,80,14,12
M0121,2024-01,0,1,0,19
M0274,2024-01,4,24,1,14
M0412,2024-06,10,35,2,28
M0116,2024-07,0,2,0,18
M0079,2024-05,1,7,0,26
M0044,2024-10,34,112,22,60
M0088,2024-12,10,28,5,26
M0402,2024-07,0,1,0,22
M0116,2024-01,0,2,0,22
M0294,2024-12,1,5,1,49
M0188,2024-08,7,34,2,18
M0123,2024-08,8,61,2,14
M0262,2024-05,0,1,0,15
M0147,2024-06,1,7,1,14
M0517,2024-04,2,5,0,18
M0520,2024-07,0,2,0,21
M0521,2024-01,6,30,4,13
M0372,2024-03,0,1,0,25
M0076,2024-10,9,40,3,22
M0370,2024-05,1,2,0,12
M0165,2024-03,3,28,3,15
M0522,2024-09,17,55,8,14
M0306,2024-02,1,2,0,16
M0545,2024-02,1,2,0,16
M0321,2024-10,3,12,1,24
M0076,2024-04,6,36,2,26
M0102,2024-02,0,2,0,17
M0316,2024-02,2,6,1,21
M0279,2024-11,2,5,1,17
M0175,2024-07,3,34,2,17
M0137,2024-03,1,5,1,28
M0547,2024-07,1,5,0,13
M0167,2024-04,4,15,1,16
M0590,2024-03,1,7,1,18
M0098,2024-06,0,7,0,18
M0017,2024-02,0,2,0,25
M0173,2024-08,1,2,0,16
M0476,2024-07,1,4,1,14
M0153,2024-07,6,57,3,19
M0511,2024-07,2,11,1,28
M0151,2024-07,1,3,1,22
M0474,2024-12,5,15,3,53
M0065,2024-01,1,6,0,27
M0499,2024-01,3,19,2,29
M0461,2024-08,8,35,7,24
M0191,2024-09,1,4,0,14
M0094,2024-01,1,8,1,10
M0133,2024-08,0,1,0,23
M0152,2024-03,1,4,0,13
M0523,2024-12,0,3,0,16
M0158,2024-11,5,23,3,20
M0461,2024-04,9,23,4,16
M0081,2024-01,4,11,2,24
M0546,2024-11,5,17,2,17
M0320,2024-11,2,9,1,21
M0224,2024-03,6,34,2,17
M0147,2024-11,1,5,0,17
M0124,2024-02,9,33,3,25
M0326,2024-02,2,7,0,13
M0060,2024-02,0,2,0,9
M0055,2024-04,2,16,2,21
M0495,2024-07,4,16,1,20
M0375,2024-05,3,10,1,14
M0042,2024-12,5,12,2,15
M0324,2024-08,45,127,7,20
M0077,2024-10,1,2,0,13
M0115,2024-07,4,36,2,24
M0054,2024-02,0,2,0,20
M0352,2024-05,4,18,2,15
M0100,2024-01,1,2,0,21
M0171,2024-01,1,3,0,27
M0593,2024-09,5,16,3,19
M0315,2024-12,1,3,0,15
M0443,2024-06,1,10,0,26
M0547,2024-03,1,3,0,13
M0112,2024-02,1,5,0,25
M0051,2024-05,6,15,4,61
M0006,2024-09,1,3,0,22
M0141,2024-08,6,9,2,50
M0552,2024-06,0,2,0,23
M0011,2024-09,1,3,1,17
M0374,2024-09,0,2,0,18
M0083,2024-01,2,5,1,17
M0198,2024-09,2,7,1,20
M0100,2024-06,1,2,0,23
M0246,2024-01,2,2,0,21
M0009,2024-07,1,5,1,11
M0164,2024-06,0,1,0,19
M0081,2024-02,3,16,1,24
M0307,2024-03,2,5,0,20
M0588,2024-03,1,5,1,12
M0145,2024-06,47,148,13,13
M0036,2024-05,22,189,9,15
M0286,2024-05,0,1,0,13
M0247,2024-07,29,133,25,18
M0498,2024-06,1,4,0,26
M0336,2024-12,1,8,1,19
M0457,2024-02,11,42,3,25
M0415,2024-05,91,223,31,24
M0468,2024-08,123,235,75,42
M0020,2024-08,6,29,3,17
M0182,2024-02,0,2,0,22
M0080,2024-09,11,24,3,20
M0133,2024-05,0,1,0,22
M0361,2024-12,8,11,2,14
M0034,2024-05,28,71,16,18
M0032,2024-08,3,23,1,13
M0097,2024-09,0,3,0,23
M0138,2024-04,1,3,0,19
M0178,2024-07,1,8,1,24
M0120,2024-03,7,33,4,15
M0493,2024-01,1,4,0,25
M0369,2024-11,1,9,0,16
M0585,2024-04,12,50,3,20
M0395,2024-12,48,253,17,21
M0219,2024-03,3,12,2,25
M0017,2024-03,1,3,0,27
M0276,2024-04,2,7,0,25
M0240,2024-11,5,40,3,17
M0412,2024-08,9,47,2,26
M0053,2024-04,6,27,3,17
M0152,2024-09,0,4,0,20
M0549,2024-10,6,49,5,18
M0520,2024-02,1,2,0,25
M0275,2024-12,40,363,37,22
M0475,2024-05,1,5,0,24
M0356,2024-03,7,21,2,15
M0318,2024-02,4,14,2,18
M0166,2024-10,0,3,0,12
M0558,2024-02,1,4,1,22
M0044,2024-06,18,87,24,59
M0199,2024-05,35,145,9,6
M0387,2024-04,10,32,3,17
M0168,2024-09,2,24,2,19
M0294,2024-04,1,3,1,60
M0114,2024-11,1,2,0,11
M0138,2024-07,1,5,1,27
M0124,2024-01,14,34,4,32
M0410,2024-07,4,20,5,16
M0369,2024-03,0,4,0,20
M0251,2024-01,1,4,0,18
M0288,2024-10,1,14,1,27
M0552,2024-02,0,3,0,20
M0086,2024-12,1,2,0,16
M0164,2024-03,0,1,0,19
M0032,2024-03,2,14,1,14
M0568,2024-09,1,4,0,13
M0035,2024-02,1,2,0,10
M0192,2024-03,0,1,0,31
M0564,2024-08,1,4,0,25
M0465,2024-03,6,13,2,22
M0063,2024-08,1,4,0,26
M0281,2024-05,1,4,0,24
M0176,2024-06,3,8,1,12
M0560,2024-12,0,3,0,18
M0061,2024-03,0,2,0,22
M0149,2024-12,5,11,1,24
M0544,2024-07,23,83,11,17
M0022,2024-10,22,90,14,12
M0160,2024-02,4,17,1,11
M0075,2024-08,83,134,34,50
M0340,2024-02,7,29,2,14
M0360,2024-11,6,32,6,23
M0213,2024-11,1,3,0,20
M0339,2024-05,8,37,3,24
M0484,2024-09,37,116,19,19
M0556,2024-08,2,6,1,31
M0555,2024-07,8,41,4,34
M0113,2024-09,2,20,1,14
M0056,2024-03,2,5,1,15
M0189,2024-05,12,108,4,16
M0234,2024-06,2,6,0,17
M0184,2024-06,6,13,3,65
M0510,2024-02,68,211,29,15
M0320,2024-04,3,11,2,18
M0054,2024-07,0,1,0,24
M0170,2024-06,0,2,0,28
M0180,2024-01,9,26,4,28
M0502,2024-05,5,27,3,27
M0500,2024-12,3,21,2,13
M0031,2024-02,7,40,3,21
M0335,2024-06,1,3,0,20
M0186,2024-02,1,6,0,18
M0409,2024-06,0,2,0,20
M0578,2024-07,1,3,0,27
M0373,2024-02,4,21,2,18
M0294,2024-11,1,3,1,50
M0198,2024-03,1,6,0,15
M0131,2024-08,1,3,1,10
M0286,2024-06,0,1,0,10
M0290,2024-12,7,18,3,11
M0441,2024-04,11,49,4,24
M0144,2024-05,1,3,0,13
M0548,2024-04,0,3,0,17
M0351,2024-02,1,4,0,21
M0072,2024-12,2,9,1,21
M0252,2024-02,13,35,4,18
M0144,2024-01,1,7,0,19
M0437,2024-06,0,3,0,28
M0428,2024-07,0,1,0,17
M0236,2024-07,4,13,3,15
M0254,2024-03,2,15,1,23
M0006,2024-04,1,4,0,24
M0453,2024-07,5,16,1,25
M0533,2024-07,1,2,0,37
M0354,2024-04,1,9,1,25
M0174,2024-04,2,5,1,17
M0444,2024-12,1,10,1,20
M0490,2024-06,3,6,1,22
M0286,2024-08,0,1,0,12
M0132,2024-10,1,2,0,18
M0538,2024-04,4,15,2,9
M0376,2024-01,4,34,3,14
M0319,2024-01,5,11,2,22
M0328,2024-04,22,72,15,38
M0292,2024-01,8,27,3,22
M0530,2024-09,6,49,3,21
M0262,2024-06,0,2,0,16
M0021,2024-08,9,41,5,14
M0372,2024-11,1,2,0,25
M0526,2024-05,2,5,0,18
M0196,2024-01,0,2,0,7
M0501,2024-03,0,2,0,21
M0399,2024-05,1,3,0,14
M0440,2024-03,0,2,0,13
M0024,2024-12,2,8,0,25
M0271,2024-08,2,6,0,27
M0340,2024-03,9,34,3,18
M0101,2024-11,14,42,4,19
M0501,2024-12,0,2,0,20
M0218,2024-03,1,4,0,27
M0531,2024-09,4,41,1,15
M0536,2024-11,1,8,2,16
M0107,2024-08,16,95,15,16
M0148,2024-06,0,2,0,15
M0488,2024-11,20,87,21,20
M0011,2024-10,1,2,0,16
M0347,2024-10,0,6,0,16
M0321,2024-09,2,11,1,19
M0212,2024-12,0,2,0,13
M0227,2024-04,3,15,1,24
M0476,2024-06,1,3,0,17
M0495,2024-04,5,15,1,19
M0221,2024-07,5,24,2,28
M0389,2024-06,2,7,1,22
M0116,2024-09,0,1,0,17
M0414,2024-03,0,2,0,16
M0569,2024-02,4,12,2,20
M0141,2024-02,3,8,2,61
M0590,2024-08,1,6,1,14
M0218,2024-01,0,3,0,23
M0182,2024-03,0,2,0,20
M0329,2024-03,31,288,6,21
M0539,2024-10,10,55,5,14
M0263,2024-12,0,4,0,18
M0210,2024-12,1,9,0,12
M0008,2024-08,1,2,0,25
M0411,2024-04,1,5,0,26
M0326,2024-05,2,8,0,14
M0133,2024-03,0,0,0,18
M0397,2024-08,1,2,0,17
M0127,2024-01,0,1,0,21
M0426,2024-08,0,2,0,14
M0539,2024-07,9,39,4,10
M0016,2024-10,0,5,0,21
M0569,2024-08,4,14,2,14
M0578,2024-02,1,2,0,22
M0518,2024-03,1,3,0,16
M0548,2024-06,0,3,0,18
M0073,2024-10,0,1,0,24
M0138,2024-03,1,4,0,24
M0284,2024-04,12,144,10,26
M0088,2024-05,10,37,3,24
M0165,2024-06,4,31,3,18
M0419,2024-03,23,45,16,59
M0440,2024-01,0,2,0,16
M0416,2024-03,68,176,6,17
M0551,2024-05,1,5,1,16
M0396,2024-04,65,243,29,23
M0191,2024-06,1,4,0,25
M0159,2024-07,6,34,4,10
M0166,2024-12,0,3,0,12
M0081,2024-04,4,19,1,20
M0301,2024-12,1,3,0,23
M0366,2024-03,0,3,0,14
M0542,2024-11,3,25,2,14
M0211,2024-09,0,2,0,10
M0040,2024-05,1,3,0,22
M0535,2024-08,3,44,3,12
M0436,2024-07,0,2,0,23
M0049,2024-01,1,5,1,14
M0136,2024-12,13,67,3,14
M0531,2024-04,4,42,2,23
M0094,2024-04,1,9,2,8
M0370,2024-02,1,3,0,18
M0592,2024-03,2,8,1,27
M0214,2024-03,89,259,14,31
M0227,2024-11,3,9,0,20
M0137,2024-11,2,7,1,30
M0317,2024-07,1,6,1,24
M0238,2024-05,1,2,0,24
M0554,2024-11,3,36,2,15
M0338,2024-09,7,22,3,37
M0109,2024-08,1,6,0,25
M0570,2024-03,3,38,1,13
M0595,2024-01,3,11,1,6
M0243,2024-02,1,3,0,26
M0226,2024-10,0,2,0,15
M0193,2024-01,0,3,0,11
M0501,2024-10,0,1,0,21
M0325,2024-06,4,35,2,18
M0160,2024-03,4,23,1,18
M0588,2024-11,1,5,1,16
M0537,2024-05,13,36,3,26
M0539,2024-02,6,33,3,17
M0235,2024-01,2,16,1,10
M0014,2024-12,1,8,0,20
M0482,2024-09,1,2,0,16
M0041,2024-01,4,17,4,16
M0289,2024-03,2,24,2,22
M0092,2024-09,1,4,0,27
M0188,2024-05,8,37,3,20
M0253,2024-09,3,16,2,15
M0557,2024-10,2,10,1,18
M0054,2024-12,0,3,0,25
M0060,2024-03,0,3,0,10
M0566,2024-10,44,100,20,65
M0480,2024-11,6,33,5,22
M0240,2024-10,6,33,3,13
M0475,2024-06,1,6,0,19
M0294,2024-05,1,2,1,48
M0547,2024-11,2,7,1,11
M0261,2024-09,0,1,0,13
M0518,2024-08,1,3,0,16
M0218,2024-02,1,2,0,22
M0442,2024-12,15,160,10,20
M0489,2024-07,1,6,0,20
M0505,2024-06,1,4,1,18
M0544,2024-05,23,68,8,19
M0353,2024-01,0,1,0,11
M0302,2024-09,0,1,0,14
M0309,2024-02,1,1,0,14
M0068,2024-07,27,262,37,20
M0038,2024-05,0,3,0,17
M0197,2024-08,15,54,2,31
M0510,2024-04,49,166,27,15
M0524,2024-02,0,3,1,14
M0552,2024-05,0,2,0,23
M0309,2024-08,1,1,0,14
M0536,2024-12,1,9,2,14
M0125,2024-02,0,6,0,17
M0106,2024-02,37,65,14,17
M0220,2024-07,0,3,0,16
M0271,2024-12,1,5,0,22
M0520,2024-12,1,3,0,27
M0233,2024-01,6,33,2,19
M0528,2024-04,1,5,1,26
M0187,2024-04,1,7,1,19
M0329,2024-02,23,240,12,20
M0251,2024-07,1,6,1,18
M0216,2024-06,1,3,0,16
M0068,2024-04,24,173,27,18
M0122,2024-09,51,220,33,41
M0572,2024-10,11,36,3,18
M0096,2024-12,1,2,0,16
M0273,2024-10,1,7,1,15
M0170,2024-10,0,2,0,29
M0581,2024-08,3,29,2,18
M0260,2024-12,1,4,1,15
M0381,2024-09,0,1,0,7
M0530,2024-11,9,59,6,18
M0366,2024-05,0,4,0,20
M0434,2024-02,0,1,0,18
M0580,2024-11,5,27,4,51
M0079,2024-06,2,9,1,28
M0537,2024-09,10,35,3,19
M0043,2024-11,7,27,3,17
M0446,2024-04,1,5,0,13
M0345,2024-04,11,47,5,19
M0429,2024-07,0,1,0,15
M0463,2024-07,2,7,1,22
M0333,2024-05,0,1,0,7
M0521,2024-05,4,31,3,19
M0232,2024-09,0,1,0,18
M0150,2024-09,39,206,9,11
M0561,2024-11,2,8,0,15
M0225,2024-03,9,44,3,20
M0194,2024-12,1,5,1,23
M0296,2024-12,0,3,0,15
M0451,2024-10,3,4,1,22
M0007,2024-04,7,11,5,59
M0600,2024-03,1,2,0,18
M0497,2024-09,1,5,1,13
M0003,2024-07,1,6,0,20
M0522,2024-04,12,57,7,21
M0004,2024-11,136,511,89,55
M0539,2024-04,10,53,5,20
M0238,2024-11,1,3,0,21
M0241,2024-02,0,7,0,21
M0004,2024-08,111,598,55,44
M0140,2024-08,2,23,2,17
M0058,2024-12,2,8,1,17
M0056,2024-10,2,7,0,20
M0002,2024-03,2,23,3,15
M0316,2024-10,3,8,1,25
M0183,2024-10,2,7,0,16
M0123,2024-03,7,36,2,22
M0320,2024-08,3,14,2,23
M0114,2024-08,1,1,0,16
M0516,2024-06,0,5,0,24
M0416,2024-05,65,177,9,27
M0258,2024-04,2,5,0,17
M0565,2024-09,2,10,0,21
M0356,2024-01,9,28,3,14
M0117,2024-02,1,5,0,28
M0551,2024-02,1,4,1,13
M0304,2024-06,1,3,1,30
M0364,2024-11,2,9,1,19
M0085,2024-11,5,19,3,50
M0508,2024-05,30,88,12,20
M0401,2024-04,2,5,0,32
M0229,2024-06,2,8,1,22
M0065,2024-09,1,4,0,20
M0598,2024-07,5,23,1,11
M0424,2024-02,14,21,5,61
M0121,2024-04,0,1,0,18
M0397,2024-04,1,2,0,18
M0499,2024-04,4,24,2,27
M0181,2024-02,5,26,2,12
M0509,2024-11,1,4,1,13
M0091,2024-05,6,37,7,20
M0007,2024-03,7,12,4,61
M0057,2024-12,1,5,0,23
M0159,2024-08,4,38,4,17
M0140,2024-03,2,28,2,25
M0330,2024-09,1,2,1,20
M0567,2024-09,5,27,2,20
M0076,2024-06,10,39,3,26
M0368,2024-12,10,67,5,13
M0348,2024-02,1,6,0,27
M0287,2024-12,0,3,0,5
M0092,2024-02,1,6,1,22
M0461,2024-05,12,28,5,28
M0246,2024-04,1,2,0,20
M0365,2024-05,3,7,1,33
M0182,2024-11,0,2,0,25
M0327,2024-02,0,0,0,17
M0344,2024-04,0,2,0,16
M0232,2024-10,0,2,0,25
M0110,2024-10,2,5,1,26
M0491,2024-03,1,6,0,15
M0084,2024-02,3,7,0,22
M0228,2024-04,1,3,0,19
M0380,2024-03,0,1,0,16
M0008,2024-04,1,1,0,18
M0420,2024-05,3,21,0,7
M0091,2024-11,11,63,10,30
M0357,2024-04,7,51,6,16
M0464,2024-04,7,59,5,26
M0147,2024-03,1,6,1,19
M0253,2024-01,4,20,2,17
M0210,2024-01,1,5,0,13
M0525,2024-09,1,3,0,22
M0583,2024-01,1,4,0,21
M0132,2024-05,0,2,0,15
M0247,2024-08,30,97,12,20
M0459,2024-03,0,2,0,17
M0324,2024-01,37,176,4,21
M0054,2024-05,0,2,0,16
M0408,2024-01,1,8,0,21
M0183,2024-03,2,9,0,27
M0237,2024-08,1,4,0,23
M0219,2024-07,3,15,3,17
M0452,2024-01,0,2,0,21
M0018,2024-04,0,1,0,26
M0112,2024-05,1,4,0,18
M0299,2024-05,5,32,2,17
M0048,2024-01,0,2,0,25
M0445,2024-10,0,1,0,19
M0083,2024-06,2,5,1,14
M0573,2024-03,0,1,0,20
M0502,2024-01,5,26,3,27
M0192,2024-07,1,1,0,29
M0412,2024-03,7,27,1,28
M0398,2024-08,7,20,4,24
M0162,2024-03,2,30,1,24
M0277,2024-04,2,11,2,22
M0225,2024-01,7,46,4,21
M0538,2024-11,9,38,4,15
M0575,2024-08,1,8,1,28
M0309,2024-05,1,1,0,19
M0496,2024-05,2,5,0,30
M0250,2024-05,1,4,0,15
M0465,2024-05,4,14,2,29
M0402,2024-11,0,1,0,15
M0168,2024-01,4,28,2,20
M0574,2024-06,3,8,1,30
M0343,2024-11,4,11,1,22
M0537,2024-10,13,30,3,28
M0283,2024-12,1,7,1,18
M0281,2024-03,1,5,0,20
M0151,2024-08,1,2,1,19
M0408,2024-06,1,6,0,13
M0335,2024-12,1,4,0,15
M0453,2024-01,5,17,1,25
M0326,2024-08,3,9,0,24
M0494,2024-02,2,4,1,21
M0455,2024-06,0,2,0,10
M0598,2024-11,8,36,2,21
M0024,2024-11,1,4,0,23
M0104,2024-05,0,1,0,16
M0599,2024-10,10,151,9,14
M0261,2024-03,0,1,0,13
M0507,2024-04,5,27,2,18
M0480,2024-08,12,43,4,27
M0129,2024-05,1,5,0,12
M0418,2024-02,2,14,2,14
M0122,2024-07,47,264,22,38
M0355,2024-04,11,23,6,19
M0309,2024-11,1,1,0,18
M0341,2024-06,7,61,5,17
M0576,2024-09,3,28,1,14
M0196,2024-04,0,2,0,12
M0145,2024-09,43,141,15,21
M0336,2024-01,1,5,0,17
M0481,2024-08,29,70,14,42
M0220,2024-06,1,4,0,17
M0474,2024-02,1,6,1,15
M0518,2024-05,1,4,0,15
M0582,2024-12,10,50,6,25
M0442,2024-02,12,100,9,21
M0356,2024-06,5,15,2,14
M0445,2024-03,0,1,0,17
M0354,2024-12,1,11,1,21
M0419,2024-01,23,39,13,55
M0264,2024-09,1,7,1,18
M0471,2024-02,1,3,0,16
M0070,2024-07,48,135,14,46
M0085,2024-03,5,13,4,59
M0131,2024-06,1,2,1,18
M0385,2024-02,2,9,1,13
M0190,2024-11,1,8,1,17
M0219,2024-09,3,12,2,14
M0251,2024-08,1,5,1,19
M0449,2024-08,2,13,1,31
M0596,2024-09,1,7,1,21
M0222,2024-04,0,1,0,14
M0124,2024-09,12,39,4,30
M0424,2024-06,15,19,7,55
M0266,2024-10,5,21,1,21
M0288,2024-06,1,10,1,27
M0395,2024-11,46,192,26,25
M0144,2024-06,1,2,0,19
M0119,2024-06,0,4,0,13
M0356,2024-02,8,18,3,18
M0265,2024-06,1,13,1,18
M0592,2024-08,2,9,1,23
M0543,2024-02,0,2,0,22
M0033,2024-07,0,3,0,14
M0300,2024-07,39,109,21,15
M0214,2024-12,93,280,22,31
M0229,2024-12,2,8,0,16
M0248,2024-05,0,2,0,10
M0234,2024-03,2,5,0,13
M0454,2024-03,2,4,0,18
M0033,2024-08,1,3,0,14
M0387,2024-08,13,47,5,19
M0261,2024-02,0,1,0,18
M0175,2024-01,3,42,2,14
M0142,2024-10,7,45,2,23
M0444,2024-10,1,8,0,22
M0216,2024-09,2,3,0,18
M0448,2024-07,1,4,0,18
M0206,2024-07,7,33,3,19
M0466,2024-08,5,36,4,37
M0034,2024-01,25,86,12,15
M0378,2024-06,6,33,3,21
M0018,2024-11,0,1,0,22
M0437,2024-03,0,3,0,20
M0357,2024-12,5,43,5,12
M0120,2024-12,7,45,5,14
M0210,2024-10,1,8,0,23
M0017,2024-04,1,3,0,24
M0468,2024-09,158,173,90,32
M0260,2024-08,1,5,0,13
M0060,2024-07,0,3,0,15
M0097,2024-05,0,2,0,22
M0514,2024-10,0,1,0,12
M0243,2024-01,1,4,0,21
M0595,2024-05,3,12,1,10
M0125,2024-05,0,4,0,19
M0269,2024-01,4,13,2,15
M0012,2024-10,1,7,0,22
M0553,2024-10,3,3,1,43
M0345,2024-09,13,44,7,22
M0377,2024-12,3,5,0,21
M0378,2024-12,24,79,14,21
M0344,2024-09,0,2,0,16
M0487,2024-09,30,271,30,10
M0589,2024-12,10,20,2,18
M0211,2024-08,0,1,0,15
M0441,2024-12,11,77,6,29
M0418,2024-12,2,14,2,12
M0406,2024-03,0,5,1,20
M0453,2024-05,7,20,1,21
M0303,2024-10,2,5,0,22
M0465,2024-04,3,13,1,23
M0063,2024-12,2,3,0,20
M0200,2024-01,5,10,3,53
M0205,2024-01,1,4,0,24
M0357,2024-06,6,75,6,20
M0576,2024-10,3,35,1,9
M0379,2024-03,22,176,9,11
M0578,2024-05,1,2,0,25
M0126,2024-09,1,5,1,19
M0460,2024-11,5,16,1,16
M0235,2024-05,2,14,1,13
M0480,2024-06,7,23,3,26
M0449,2024-10,2,10,1,19
M0295,2024-08,9,29,2,18
M0482,2024-03,1,2,0,15
M0408,2024-04,1,7,1,18
M0059,2024-06,1,5,0,22
M0457,2024-06,17,56,4,33
M0247,2024-05,22,91,19,25
M0254,2024-08,2,16,1,22
M0436,2024-01,1,3,0,12
M0019,2024-03,1,5,0,19
M0425,2024-07,12,37,2,17
M0018,2024-05,0,1,0,27
M0135,2024-03,1,5,0,17
M0579,2024-03,47,171,15,15
M0003,2024-02,1,7,0,23
M0471,2024-03,1,4,0,23
M0155,2024-01,5,14,3,22
M0221,2024-08,5,23,1,22
M0530,2024-08,8,61,4,25
M0066,2024-10,4,22,4,20
M0499,2024-11,4,27,2,28
M0057,2024-06,1,4,0,26
M0188,2024-04,7,27,5,18
M0483,2024-08,0,2,0,12
M0135,2024-11,1,7,1,22
M0348,2024-11,2,8,0,22
M0209,2024-01,1,3,0,23
M0373,2024-03,3,17,1,17
M0386,2024-06,0,2,0,22
M0540,2024-08,1,4,0,23
M0492,2024-06,1,7,1,26
M0340,2024-09,12,45,2,19
M0195,2024-09,2,9,1,28
M0418,2024-05,2,16,2,21
M0534,2024-04,1,10,1,8
M0517,2024-09,2,7,1,24
M0114,2024-07,0,1,0,9
M0514,2024-12,0,1,0,13
M0502,2024-06,8,27,3,27
M0145,2024-11,38,97,9,19
M0067,2024-01,1,2,0,10
M0580,2024-09,3,13,3,38
M0197,2024-07,13,71,2,24
M0415,2024-02,76,260,30,27
M0002,2024-06,3,25,2,23
M0473,2024-06,1,2,0,18
M0596,2024-07,2,10,1,18
M0253,2024-08,3,14,2,17
M0194,2024-01,1,3,0,23
M0443,2024-11,1,7,0,23
M0172,2024-11,1,7,0,7
M0007,2024-07,5,12,4,49
M0022,2024-12,38,121,20,7
M0089,2024-05,0,2,0,17
M0079,2024-02,2,7,0,25
M0271,2024-10,1,4,0,28
M0485,2024-05,1,5,0,21
M0220,2024-02,1,5,0,16
M0305,2024-03,2,5,1,53
M0406,2024-04,0,5,1,18
M0081,2024-07,3,17,2,16
M0435,2024-04,64,127,9,18
M0098,2024-11,1,8,0,19
M0553,2024-11,2,4,2,51
M0244,2024-05,4,19,2,17
M0311,2024-08,6,22,3,16
M0427,2024-09,0,2,0,15
M0480,2024-05,5,32,3,25
M0338,2024-11,8,24,3,48
M0414,2024-11,0,3,0,15
M0189,2024-11,12,120,5,13
M0394,2024-06,1,5,0,19
M0123,2024-07,12,54,2,12
M0472,2024-08,1,6,0,13
M0109,2024-03,1,7,0,30
M0031,2024-07,6,45,2,30
M0437,2024-01,0,2,0,23
M0529,2024-05,5,25,4,16
M0599,2024-05,9,135,5,13
M0504,2024-09,0,3,0,16
M0523,2024-04,0,1,0,13
M0560,2024-10,0,3,0,14
M0148,2024-02,0,2,0,17
M0586,2024-07,0,1,0,23
M0476,2024-10,0,3,0,15
M0240,2024-01,5,31,4,16
M0251,2024-11,1,6,1,21
M0587,2024-02,1,6,0,10
M0409,2024-02,1,3,0,23
M0149,2024-03,4,7,1,22
M0354,2024-05,1,10,1,26
M0235,2024-02,1,12,0,11
M0182,2024-09,0,1,0,19
M0228,2024-03,1,2,0,17
M0136,2024-08,7,63,2,14
M0133,2024-09,0,1,0,21
M0056,2024-07,2,5,1,14
M0166,2024-02,0,3,0,13
M0492,2024-09,1,7,1,23
M0337,2024-04,7,41,5,18
M0063,2024-05,1,3,0,20
M0533,2024-10,1,1,0,42
M0112,2024-10,1,4,0,16
M0305,2024-09,2,5,1,57
M0440,2024-10,1,2,0,13
M0341,2024-11,8,53,8,9
M0216,2024-05,1,3,1,21
M0062,2024-06,2,7,1,22
M0493,2024-03,1,4,1,26
M0511,2024-01,2,6,1,26
M0383,2024-09,10,26,2,24
M0305,2024-11,2,6,1,51
M0551,2024-07,1,5,1,20
M0408,2024-07,1,7,1,17
M0274,2024-07,5,34,1,15
M0128,2024-07,1,7,1,17
M0402,2024-10,1,1,0,22
M0297,2024-01,2,6,0,21
M0330,2024-04,1,2,1,21
M0246,2024-02,1,2,0,14
M0039,2024-01,10,28,5,24
M0223,2024-08,1,4,0,23
M0034,2024-09,28,84,15,16
M0108,2024-01,5,12,1,51
M0271,2024-01,1,4,0,23
M0077,2024-07,1,2,0,18
M0213,2024-07,1,4,1,26
M0263,2024-03,1,4,0,23
M0134,2024-06,0,5,1,23
M0371,2024-07,0,1,0,13
M0061,2024-07,0,2,0,25
M0044,2024-03,37,90,22,61
M0115,2024-11,7,44,2,24
M0544,2024-02,14,52,7,21
M0162,2024-05,3,34,1,21
M0511,2024-12,3,8,1,29
M0074,2024-05,1,7,1,21
M0492,2024-11,2,11,1,23
M0462,2024-10,3,17,3,21
M0479,2024-09,5,18,1,14
M0443,2024-05,1,6,0,21
M0278,2024-08,0,1,0,23
M0179,2024-10,22,85,7,17
M0095,2024-02,10,25,1,21
M0233,2024-10,6,44,2,14
M0300,2024-04,48,155,32,21
M0519,2024-12,0,1,0,13
M0510,2024-06,49,258,18,13
M0458,2024-06,51,197,15,20
M0103,2024-10,23,97,28,24
M0454,2024-04,1,3,0,18
M0108,2024-11,3,6,2,47
M0322,2024-11,0,1,0,18
M0354,2024-07,1,8,1,19
M0304,2024-09,2,6,1,49
M0103,2024-11,27,183,25,17
M0501,2024-04,0,1,0,17
M0358,2024-01,4,7,2,55
M0378,2024-03,7,44,3,20
M0094,2024-08,1,8,2,13
M0012,2024-07,1,8,0,18
M0354,2024-03,1,6,0,22
M0114,2024-10,0,2,0,13
M0085,2024-04,4,12,2,42
M0142,2024-03,7,38,2,24
M0463,2024-09,1,7,1,26
M0389,2024-05,1,6,0,21
M0367,2024-01,0,2,0,23
M0073,2024-08,0,1,0,25
M0284,2024-12,15,152,11,23
M0373,2024-08,3,20,1,18
M0183,2024-06,2,8,1,29
M0446,2024-05,1,4,0,12
M0149,2024-10,5,8,1,22
M0082,2024-06,1,2,0,20
M0335,2024-10,0,4,0,19
M0096,2024-11,0,1,0,17
M0272,2024-01,1,5,0,25
M0577,2024-11,1,3,0,15
M0492,2024-10,1,9,0,26
M0544,2024-03,18,52,6,20
M0360,2024-06,7,36,6,23
M0044,2024-09,31,71,25,59
M0381,2024-06,0,1,0,14
M0590,2024-02,1,5,1,21
M0044,2024-07,34,56,22,67
M0406,2024-01,0,5,1,18
M0542,2024-07,3,25,2,16
M0347,2024-03,1,5,0,17
M0385,2024-10,2,7,1,15
M0410,2024-05,4,17,3,20
M0141,2024-11,5,7,3,63
M0506,2024-07,5,33,2,14
M0545,2024-06,1,2,0,14
M0228,2024-11,1,2,0,23
M0175,2024-05,3,52,3,18
M0342,2024-10,5,28,4,21
M0339,2024-03,5,31,3,25
M0513,2024-06,7,35,5,31
M0014,2024-07,1,10,0,15
M0274,2024-10,3,24,1,10
M0572,2024-04,11,43,4,18
M0535,2024-10,3,28,3,14
M0130,2024-02,1,4,0,27
M0177,2024-11,2,9,0,24
M0257,2024-07,13,16,4,63
M0067,2024-10,1,4,1,16
M0423,2024-04,21,96,10,19
M0009,2024-06,1,5,1,19
M0260,2024-10,1,4,0,21
M0023,2024-05,0,1,0,12
M0158,2024-02,7,22,3,15
M0484,2024-02,25,69,10,23
M0541,2024-01,1,10,1,30
M0317,2024-08,1,9,2,27
M0123,2024-09,9,50,1,18
M0557,2024-11,1,7,1,19
M0472,2024-01,1,6,0,17
M0494,2024-01,1,2,0,18
M0394,2024-04,1,5,0,15
M0263,2024-06,1,3,0,21
M0548,2024-01,0,3,0,15
M0025,2024-10,1,4,1,30
M0549,2024-12,8,44,7,24
M0422,2024-02,7,9,2,44
M0266,2024-08,5,23,1,23
M0390,2024-02,2,8,1,21
M0411,2024-02,1,3,0,24
M0009,2024-03,1,3,0,15
M0527,2024-03,1,19,1,21
M0344,2024-01,0,2,0,16
M0349,2024-02,2,15,2,27
M0290,2024-11,5,25,1,12
M0420,2024-11,2,23,0,6
M0260,2024-07,1,5,1,19
M0155,2024-04,2,14,2,22
M0414,2024-12,0,3,0,16
M0484,2024-04,28,103,19,28
M0468,2024-10,172,306,100,39
M0230,2024-12,1,5,0,15
M0268,2024-09,3,9,1,17
M0219,2024-06,3,17,3,22
M0200,2024-09,8,15,4,67
M0009,2024-12,1,5,0,16
M0131,2024-03,1,2,0,19
M0591,2024-07,2,3,1,54
M0414,2024-01,1,3,0,13
M0052,2024-06,0,3,0,11
M0454,2024-05,2,3,0,25
M0444,2024-09,2,10,0,21
M0073,2024-01,0,1,0,20
M0118,2024-10,1,14,1,14
M0162,2024-08,3,35,1,21
M0455,2024-02,0,2,0,8
M0423,2024-06,36,171,10,24
M0128,2024-10,1,6,1,21
M0043,2024-06,10,25,3,16
M0444,2024-06,2,9,0,25
M0365,2024-06,3,6,1,45
M0474,2024-10,6,15,2,51
M0529,2024-06,6,34,6,20
M0357,2024-01,5,58,5,15
M0366,2024-11,1,8,1,20
M0025,2024-03,1,4,1,27
M0459,2024-06,0,2,0,18
M0058,2024-08,1,6,0,17
M0239,2024-07,0,3,0,11
M0502,2024-12,7,28,3,25
M0461,2024-11,11,30,5,22
M0398,2024-05,8,36,4,19
M0107,2024-11,17,122,12,12
M0560,2024-06,0,3,0,19
M0576,2024-08,3,31,2,9
M0267,2024-10,3,11,1,20
M0519,2024-09,0,1,0,18
M0122,2024-05,39,146,13,31
M0121,2024-02,0,1,0,17
M0203,2024-12,2,7,1,20
M0511,2024-04,2,7,1,28
M0365,2024-08,4,6,1,55
M0038,2024-08,1,4,0,16
M0507,2024-08,9,28,5,18
M0205,2024-07,2,4,1,20
M0226,2024-12,0,2,0,14
M0488,2024-10,19,75,17,23
M0346,2024-10,1,2,0,26
M0583,2024-11,2,6,0,24
M0514,2024-11,0,1,0,14
M0233,2024-12,13,65,3,24
M0083,2024-12,3,8,1,12
M0185,2024-12,4,10,2,14
M0047,2024-05,5,6,2,49
M0500,2024-11,4,25,1,21
M0119,2024-11,0,4,0,20
M0310,2024-10,1,3,0,19
M0385,2024-07,2,6,0,17
M0485,2024-10,1,3,0,21
M0255,2024-07,1,5,0,26
M0462,2024-07,4,31,3,28
M0041,2024-02,7,22,4,25
M0521,2024-09,6,26,3,16
M0322,2024-02,0,1,0,19
M0311,2024-07,6,21,3,9
M0397,2024-10,1,2,0,17
M0034,2024-08,21,72,10,19
M0550,2024-12,1,3,1,23
M0573,2024-06,0,1,0,11
M0173,2024-12,1,2,0,15
M0163,2024-01,7,31,1,19
M0119,2024-04,0,4,0,15
M0476,2024-02,0,2,0,20
M0283,2024-05,1,6,1,14
M0381,2024-05,0,1,0,12
M0111,2024-06,1,5,1,22
M0050,2024-10,0,2,0,19
M0267,2024-03,2,7,0,16
M0363,2024-10,1,3,1,19
M0377,2024-08,2,6,1,21
M0098,2024-01,1,5,0,19
M0207,2024-04,1,3,0,22
M0283,2024-09,1,7,0,16
M0318,2024-05,4,19,2,16
M0039,2024-05,8,33,3,23
M0550,2024-10,1,3,0,21
M0545,2024-12,1,3,0,12
M0567,2024-11,4,32,2,22
M0207,2024-01,1,4,0,14
M0479,2024-07,4,16,1,11
M0375,2024-03,3,10,1,15
M0240,2024-06,5,40,4,16
M0566,2024-05,34,73,13,59
M0584,2024-01,0,3,0,18
M0027,2024-09,3,31,3,21
M0223,2024-10,1,5,0,25
M0130,2024-04,1,5,0,24
M0450,2024-03,4,20,1,30
M0069,2024-08,10,39,3,25
M0509,2024-04,1,4,1,14
M0287,2024-03,1,3,0,3
M0470,2024-05,3,15,2,23
M0098,2024-12,1,8,1,21
M0015,2024-06,0,6,1,19
M0460,2024-01,4,9,1,14
M0270,2024-02,0,1,0,24
M0181,2024-11,6,20,3,17
M0322,2024-05,0,1,0,15
M0043,2024-08,8,20,3,17
M0134,2024-01,0,3,0,16
M0526,2024-09,2,7,0,14
M0275,2024-03,37,232,26,24
M0357,2024-02,4,47,5,15
M0337,2024-08,10,40,3,22
M0412,2024-02,5,27,1,25
M0177,2024-06,2,7,0,28
M0565,2024-03,1,9,0,16
M0291,2024-02,1,6,1,18
M0309,2024-07,1,2,0,16
M0022,2024-08,30,134,17,11
M0462,2024-11,3,12,2,20
M0186,2024-08,1,8,0,25
M0178,2024-04,1,5,0,17
M0504,2024-05,0,2,0,12
M0596,2024-12,1,7,1,28
M0100,2024-08,1,1,0,25
M0279,2024-05,2,4,1,20
M0415,2024-10,56,209,31,26
M0009,2024-02,1,4,0,13
M0575,2024-07,1,8,1,27
M0359,2024-12,1,5,1,22
M0135,2024-10,1,6,0,16
M0234,2024-01,2,5,0,23
M0498,2024-09,1,3,0,30
M0010,2024-10,1,4,0,9
M0348,2024-07,1,7,0,25
M0524,2024-07,1,6,1,20
M0463,2024-05,1,6,1,28
M0515,2024-04,4,24,2,26
M0071,2024-03,9,15,1,11
M0156,2024-05,2,7,1,25
M0583,2024-02,1,5,0,19
M0276,2024-08,2,8,0,24
M0310,2024-03,0,2,0,15
M0573,2024-04,0,1,0,24
M0155,2024-12,5,23,3,22
M0336,2024-10,1,6,0,26
M0177,2024-02,2,8,0,22
M0053,2024-09,9,63,5,21
M0343,2024-12,3,8,1,19
M0267,2024-09,4,20,1,25
M0254,2024-04,1,10,0,18
M0323,2024-10,1,7,1,18
M0081,2024-10,5,18,2,20
M0176,2024-05,2,15,1,22
M0241,2024-05,1,6,0,20
M0578,2024-03,1,2,0,21
M0376,2024-10,16,123,17,39
M0297,2024-11,1,4,0,27
M0093,2024-03,0,1,0,13
M0500,2024-07,4,30,2,23
M0217,2024-03,5,13,3,17
M0187,2024-12,2,11,1,29
M0309,2024-06,1,1,0,19
M0149,2024-04,4,9,1,22
M0357,2024-08,5,76,4,19
M0067,2024-11,1,4,1,13
M0285,2024-07,1,5,1,16
M0468,2024-06,127,262,100,44
M0564,2024-11,1,5,1,20
M0541,2024-05,2,13,1,22
M0400,2024-04,0,4,0,18
M0410,2024-04,4,16,3,18
M0143,2024-03,19,34,7,18
M0358,2024-04,3,8,2,48
M0383,2024-07,18,55,2,21
M0015,2024-09,0,7,1,22
M0296,2024-11,1,4,0,18
M0001,2024-09,3,9,0,29
M0261,2024-08,0,2,0,22
M0483,2024-07,0,2,0,9
M0200,2024-03,5,10,3,58
M0458,2024-01,40,180,17,16
M0377,2024-05,2,5,0,22
M0299,2024-01,5,21,3,20
M0142,2024-09,7,40,2,24
M0458,2024-04,28,163,17,17
M0518,2024-12,1,4,0,21
M0260,2024-11,1,2,0,14
M0304,2024-11,3,7,1,49
M0445,2024-04,0,1,0,18
M0171,2024-02,0,3,0,23
M0229,2024-04,2,10,1,28
M0568,2024-06,1,6,0,19
M0311,2024-02,6,22,3,13
M0014,2024-08,1,8,0,9
M0320,2024-07,3,12,2,22
M0475,2024-12,2,9,1,13
M0364,2024-05,1,6,1,14
M0242,2024-07,1,3,0,25
M0112,2024-12,1,4,0,17
M0225,2024-02,11,30,3,21
M0085,2024-08,6,9,3,50
M0374,2024-08,0,2,0,15
M0057,2024-11,1,3,0,19
M0155,2024-05,4,13,2,21
M0554,2024-07,2,23,2,19
M0487,2024-05,35,290,21,19
M0301,2024-08,1,4,0,30
M0554,2024-12,2,28,2,17
M0597,2024-05,1,2,0,17
M0117,2024-10,1,5,0,26
M0094,2024-12,2,12,1,15
M0297,2024-08,2,5,0,26
M0166,2024-08,0,2,0,12
M0550,2024-05,1,2,0,26
M0375,2024-09,2,8,1,13
M0028,2024-07,2,5,0,21
M0455,2024-01,0,3,0,1
M0248,2024-02,0,1,0,11
M0478,2024-02,0,1,0,28
M0007,2024-02,6,14,5,57
M0063,2024-11,1,3,0,22
M0567,2024-04,6,22,2,18
M0373,2024-10,3,21,2,6
M0321,2024-06,3,17,1,18
M0200,2024-07,6,11,5,59
M0505,2024-11,1,6,0,17
M0552,2024-11,0,2,0,23
M0448,2024-04,2,8,0,22
M0030,2024-07,1,4,0,16
M0265,2024-03,1,11,1,22
M0587,2024-04,1,6,0,15
M0600,2024-12,1,2,0,14
M0162,2024-11,3,36,1,16
M0104,2024-06,0,2,0,18
M0191,2024-01,1,3,0,14
M0354,2024-08,1,7,1,19
M0017,2024-01,1,2,0,19
M0005,2024-10,1,3,0,18
M0308,2024-06,14,52,10,21
M0470,2024-12,3,10,2,24
M0136,2024-07,7,44,2,16
M0050,2024-01,0,1,0,22
M0291,2024-05,2,10,0,14
M0344,2024-05,0,2,0,16
M0563,2024-11,5,42,4,16
M0417,2024-04,7,45,2,24
M0560,2024-03,1,3,0,21
M0367,2024-05,0,1,0,13
M0035,2024-09,1,3,0,11
M0302,2024-05,0,1,0,11
M0372,2024-10,1,2,0,32
M0353,2024-02,0,2,0,16
M0179,2024-05,24,67,5,19
M0352,2024-12,3,18,2,17
M0434,2024-07,0,1,0,16
M0353,2024-08,0,2,0,17
M0019,2024-01,0,6,0,19
M0573,2024-07,0,1,0,22
M0307,2024-07,1,4,0,22
M0382,2024-12,10,62,9,19
M0014,2024-04,1,7,0,13
M0534,2024-05,1,9,1,3
M0324,2024-12,29,74,3,23
M0065,2024-08,1,3,0,19
M0239,2024-06,1,3,0,11
M0577,2024-03,1,3,0,16
M0125,2024-09,0,6,0,16
M0321,2024-07,2,13,1,18
M0083,2024-11,3,8,1,17
M0465,2024-09,5,12,1,23
M0031,2024-10,6,36,4,22
M0536,2024-09,1,8,1,18
M0055,2024-12,106,247,103,60
M0008,2024-01,1,2,0,19
M0410,2024-09,4,25,6,25
M0579,2024-01,55,143,24,17
M0242,2024-09,0,3,0,22
M0372,2024-01,0,1,0,23
M0136,2024-04,6,28,2,14
M0362,2024-12,1,2,1,44
M0517,2024-02,2,7,1,29
M0358,2024-12,4,12,2,56
M0050,2024-08,1,1,0,18
M0039,2024-07,8,32,7,22
M0512,2024-08,19,170,22,20
M0225,2024-08,10,44,4,24
M0109,2024-02,1,4,0,19
M0519,2024-03,0,1,0,16
M0495,2024-08,4,17,0,20
M0430,2024-11,1,5,0,28
M0221,2024-09,4,24,1,25
M0518,2024-10,1,4,0,15
M0442,2024-06,17,156,13,26
M0080,2024-08,13,27,2,23
M0317,2024-05,1,7,1,29
M0269,2024-04,4,16,3,15
M0145,2024-04,45,198,8,18
M0065,2024-11,1,5,0,20
M0360,2024-01,7,33,6,16
M0257,2024-03,7,13,3,72
M0577,2024-01,1,2,0,16
M0582,2024-08,7,25,4,20
M0398,2024-03,10,36,3,20
M0370,2024-07,1,3,0,18
M0317,2024-09,1,11,1,25
M0039,2024-11,8,41,6,27
M0162,2024-07,2,40,1,18
M0271,2024-02,1,3,0,30
M0352,2024-01,4,17,1,26
M0053,2024-05,5,36,4,17
M0586,2024-01,0,2,0,28
M0491,2024-07,1,7,0,21
M0143,2024-06,18,44,6,17
M0024,2024-01,1,3,0,28
M0325,2024-03,3,60,3,20
M0026,2024-12,10,60,9,15
M0210,2024-03,1,5,0,21
M0096,2024-05,1,2,0,12
M0333,2024-03,0,1,0,19
M0140,2024-07,2,21,3,20
M0102,2024-01,0,2,0,14
M0185,2024-07,3,10,1,13
M0497,2024-04,1,9,1,10
M0017,2024-09,1,2,0,18
M0386,2024-04,0,2,0,18
M0231,2024-05,4,14,2,25
M0120,2024-11,6,37,4,13
M0214,2024-09,73,318,11,25
M0143,2024-07,27,68,6,16
M0312,2024-11,1,4,0,24
M0548,2024-07,0,5,0,21
M0295,2024-12,10,32,3,12
M0101,2024-06,11,39,5,20
M0345,2024-11,11,24,4,13
M0176,2024-10,2,12,1,17
M0057,2024-07,1,4,0,22
M0280,2024-01,13,19,6,50
M0404,2024-11,8,15,4,19
M0561,2024-06,1,4,0,19
M0515,2024-09,5,33,3,26
M0075,2024-12,131,255,45,60
M0395,2024-10,37,189,28,17
M0507,2024-09,6,27,3,14
M0471,2024-12,2,7,0,17
M0050,2024-02,0,2,0,19
M0132,2024-06,0,2,0,13
M0105,2024-11,0,2,0,12
M0567,2024-01,5,28,2,12
M0513,2024-03,5,26,3,21
M0488,2024-07,12,57,17,18
M0098,2024-10,1,8,1,21
M0091,2024-01,6,39,6,23
M0355,2024-11,11,24,4,27
M0298,2024-04,27,144,15,28
M0162,2024-09,3,30,1,23
M0289,2024-06,2,17,3,15
M0554,2024-09,3,33,3,16
M0588,2024-07,1,3,0,14
M0198,2024-07,2,8,1,10
M0141,2024-07,7,11,4,66
M0095,2024-12,12,40,2,19
M0116,2024-04,0,1,0,15
M0285,2024-05,1,8,1,17
M0532,2024-12,69,103,44,49
M0003,2024-05,1,6,0,20
M0414,2024-07,0,3,0,18
M0526,2024-04,2,6,0,22
M0370,2024-01,1,3,0,16
M0162,2024-01,3,28,1,22
M0390,2024-11,2,10,1,20
M0588,2024-01,1,5,1,9
M0224,2024-01,8,25,1,13
M0504,2024-06,0,3,0,16
M0251,2024-12,1,7,1,18
M0155,2024-10,3,19,2,19
M0101,2024-08,9,29,5,27
M0593,2024-05,6,13,3,17
M0140,2024-05,2,27,2,20
M0237,2024-05,1,4,0,21
M0291,2024-10,2,13,1,20
M0070,2024-06,36,107,10,43
M0552,2024-10,0,3,0,19
M0400,2024-03,0,4,0,13
M0283,2024-06,1,5,0,5
M0255,2024-02,1,4,0,22
M0074,2024-02,1,6,0,19
M0449,2024-09,3,12,1,21
M0056,2024-08,1,6,1,16
M0600,2024-10,1,3,0,18
M0259,2024-06,1,5,1,21
M0303,2024-12,2,7,0,24
M0384,2024-11,3,6,0,26
M0304,2024-12,3,6,1,50
M0281,2024-04,1,5,0,26
M0554,2024-01,2,30,3,15
M0339,2024-12,6,40,2,24
M0393,2024-03,0,2,0,10
M0046,2024-09,1,5,0,20
M0528,2024-03,1,6,0,30
M0537,2024-06,14,33,3,27
M0167,2024-06,4,12,1,19
M0269,2024-02,4,18,3,21
M0239,2024-11,1,4,0,12
M0061,2024-12,0,2,0,23
M0418,2024-11,2,9,2,14
M0248,2024-10,0,2,0,18
M0219,2024-05,3,17,3,19
M0318,2024-06,6,27,3,19
M0413,2024-05,44,209,17,20
M0510,2024-10,36,278,31,12
M0006,2024-05,1,4,0,23
M0199,2024-07,30,161,6,8
M0269,2024-12,4,17,3,18
M0004,2024-04,64,242,29,32
M0278,2024-07,0,1,0,20
M0384,2024-02,1,3,0,24
M0279,2024-06,2,6,1,18
M0372,2024-06,0,1,0,34
M0083,2024-05,2,5,1,18
M0546,2024-07,3,14,1,18
M0316,2024-08,3,10,1,25
M0131,2024-07,1,2,0,15
M0558,2024-09,1,4,0,15
M0351,2024-08,1,6,1,22
M0492,2024-07,1,9,1,24
M0294,2024-07,1,2,1,45
M0407,2024-09,8,18,6,64
M0312,2024-09,1,4,0,20
M0597,2024-04,1,2,0,18
M0199,2024-04,37,142,8,19
M0019,2024-08,0,6,0,19
M0170,2024-12,0,2,0,29
M0208,2024-01,57,189,17,20
M0191,2024-05,1,3,0,18
M0095,2024-01,8,18,1,16
M0033,2024-11,1,3,0,11
M0507,2024-10,5,31,2,24
M0066,2024-11,3,30,3,20
M0445,2024-05,0,1,0,18
M0249,2024-09,7,18,2,22
M0600,2024-04,1,3,0,13
M0458,2024-05,57,199,14,18
M0413,2024-08,28,190,25,22
M0308,2024-08,35,71,8,40
M0363,2024-11,1,5,1,18
M0331,2024-08,1,2,0,9
M0544,2024-08,29,72,11,22
M0178,2024-06,1,8,1,14
M0594,2024-04,1,3,0,14
M0208,2024-09,62,315,19,22
M0342,2024-06,5,26,3,21
M0585,2024-10,15,46,3,19
M0451,2024-01,4,7,1,20
M0353,2024-03,0,2,0,11
M0208,2024-10,83,261,15,17
M0103,2024-12,49,252,32,29
M0277,2024-10,3,16,2,16
M0236,2024-09,3,12,2,18
M0320,2024-10,2,12,2,26
M0549,2024-09,8,59,5,21
M0377,2024-10,2,3,0,21
M0581,2024-07,2,32,2,16
M0397,2024-06,1,3,0,26
M0558,2024-01,1,5,0,16
M0559,2024-09,9,21,2,20
M0345,2024-07,12,36,6,18
M0113,2024-11,2,21,1,18
M0562,2024-03,2,5,1,20
M0104,2024-02,0,1,0,14
M0352,2024-02,2,13,1,17
M0202,2024-12,3,18,3,41
M0178,2024-03,1,6,0,18
M0522,2024-06,5,31,3,25
M0182,2024-08,0,2,0,28
M0306,2024-03,0,2,0,19
M0015,2024-07,1,5,1,20
M0295,2024-10,6,24,3,15
M0188,2024-06,4,39,4,12
M0347,2024-07,1,7,0,17
M0082,2024-01,1,3,0,16
M0394,2024-07,1,6,0,14
M0276,2024-12,2,6,0,18
M0295,2024-06,8,28,1,18
M0391,2024-01,8,80,8,7
M0556,2024-10,1,5,0,28
M0190,2024-04,1,7,0,6
M0078,2024-09,68,224,24,19
M0421,2024-07,5,16,1,21
M0083,2024-04,2,8,1,18
M0125,2024-07,1,5,0,18
M0061,2024-11,0,2,0,27
M0456,2024-01,0,1,0,19
M0280,2024-09,15,19,9,58
M0332,2024-10,1,6,0,20
M0536,2024-08,2,9,2,19
M0086,2024-08,1,3,0,22
M0473,2024-10,1,3,0,25
M0570,2024-04,2,30,1,17
M0183,2024-04,1,7,1,21
M0458,2024-10,62,189,21,17
M0422,2024-09,4,10,2,35
M0359,2024-01,1,5,0,17
M0035,2024-12,1,4,1,17
M0313,2024-11,50,109,17,18
M0149,2024-06,5,8,1,21
M0042,2024-10,6,17,2,15
M0139,2024-03,1,6,1,22
M0403,2024-07,1,7,0,20
M0142,2024-02,6,33,1,31
M0549,2024-07,12,77,6,25
M0107,2024-05,13,94,11,23
M0488,2024-04,15,65,16,19
M0321,2024-03,3,17,1,20
M0564,2024-04,0,2,0,25
M0463,2024-04,2,6,1,28
M0595,2024-04,2,14,1,17
M0123,2024-01,7,37,1,15
M0236,2024-01,5,9,2,26
M0564,2024-01,1,3,0,19
M0551,2024-12,1,6,1,12
M0144,2024-04,1,4,0,21
M0167,2024-11,4,18,0,24
M0033,2024-03,1,3,0,17
M0128,2024-01,1,5,0,19
M0267,2024-05,2,6,0,17
M0109,2024-07,1,6,0,19
M0233,2024-04,5,32,2,19
M0112,2024-07,1,4,0,16
M0138,2024-05,1,5,0,25
M0488,2024-12,17,119,24,22
M0346,2024-11,1,1,0,22
M0439,2024-02,1,3,0,25
M0506,2024-10,8,24,2,19
M0475,2024-02,1,4,0,17
M0511,2024-05,2,6,1,30
M0522,2024-02,12,60,5,24
M0069,2024-06,5,17,1,14
M0393,2024-04,0,2,0,15
M0378,2024-07,7,32,4,21
M0145,2024-08,59,180,16,19
M0216,2024-02,1,3,0,23
M0446,2024-02,1,5,0,18
M0529,2024-03,5,32,5,20
M0432,2024-09,0,3,0,31
M0526,2024-02,1,6,0,14
M0505,2024-10,1,4,0,11
M0434,2024-01,0,1,0,18
M0226,2024-02,1,2,0,16
M0554,2024-02,3,31,3,21
M0170,2024-11,0,2,0,34
M0343,2024-04,3,7,1,26
M0046,2024-12,1,8,0,17
M0074,2024-08,2,9,0,16
M0144,2024-07,1,3,0,20
M0205,2024-09,1,3,0,19
M0023,2024-04,0,1,0,7
M0082,2024-05,1,3,0,15
M0575,2024-09,1,8,0,25
M0538,2024-03,6,22,3,13
M0334,2024-08,7,27,3,11
M0464,2024-09,7,68,4,26
M0022,2024-07,32,120,19,18
M0440,2024-08,0,2,0,13
M0448,2024-03,1,5,0,14
M0595,2024-10,2,15,1,15
M0292,2024-05,10,50,4,31
M0205,2024-08,1,6,1,26
M0255,2024-04,1,5,0,26
M0470,2024-01,2,8,1,18
M0521,2024-12,6,37,4,18
M0449,2024-12,4,22,3,23
M0507,2024-03,5,24,3,12
M0300,2024-12,53,163,34,20
M0465,2024-06,4,12,1,20
M0530,2024-07,11,50,3,19
M0414,2024-09,0,3,0,17
M0466,2024-03,3,27,2,37
M0374,2024-01,0,2,0,10
M0470,2024-08,4,12,2,22
M0527,2024-10,1,13,1,15
M0540,2024-07,1,3,0,20
M0074,2024-10,1,5,0,18
M0389,2024-12,1,6,0,14
M0520,2024-04,1,2,0,25
M0293,2024-06,5,35,6,18
M0438,2024-04,1,3,1,13
M0099,2024-07,32,166,23,17
M0063,2024-07,1,3,0,22
M0241,2024-03,1,6,0,14
M0246,2024-09,2,4,0,20
M0508,2024-09,23,72,8,17
M0103,2024-09,29,171,34,22
M0142,2024-06,9,32,2,22
M0529,2024-04,8,27,5,16
M0519,2024-01,0,1,0,15
M0335,2024-11,0,3,0,22
M0524,2024-08,1,4,1,19
M0508,2024-11,24,93,12,22
M0021,2024-12,16,48,9,12
M0328,2024-09,30,34,15,41
M0070,2024-09,51,121,15,46
M0593,2024-06,4,19,3,15
M0518,2024-04,1,3,0,20
M0407,2024-12,10,14,5,68
M0427,2024-02,0,2,0,13
M0176,2024-01,2,13,1,16
M0180,2024-02,10,21,5,24
M0030,2024-08,1,5,0,19
M0472,2024-07,1,6,0,19
M0131,2024-11,1,3,0,13
M0038,2024-09,1,2,0,19
M0441,2024-11,11,47,4,25
M0326,2024-06,2,9,0,18
M0506,2024-02,10,35,2,19
M0171,2024-05,0,3,0,24
M0170,2024-02,0,2,0,34
M0543,2024-03,0,3,0,30
M0318,2024-10,3,18,2,25
M0172,2024-09,1,7,0,6
M0093,2024-06,0,1,0,10
M0547,2024-01,2,4,0,16
M0540,2024-11,0,3,0,18
M0137,2024-12,3,7,1,29
M0031,2024-09,7,38,3,21
M0006,2024-11,1,4,0,17
M0406,2024-09,0,3,0,18
M0163,2024-03,8,47,2,21
M0582,2024-09,5,25,3,23
M0229,2024-07,2,8,1,21
M0053,2024-12,5,29,3,18
M0143,2024-12,24,60,10,28
M0019,2024-07,0,3,0,22
M0359,2024-03,1,4,0,13
M0264,2024-12,1,6,1,16
M0088,2024-02,12,29,5,21
M0441,2024-05,8,52,3,24
M0541,2024-12,2,16,2,26
M0049,2024-09,3,21,3,12
M0158,2024-01,6,16,2,16
M0467,2024-05,1,7,1,28
M0115,2024-12,7,37,2,22
M0097,2024-07,0,2,0,15
M0598,2024-01,3,21,1,20
M0326,2024-07,3,11,0,18
M0375,2024-08,2,17,1,22
M0426,2024-03,0,1,0,21
M0426,2024-11,0,3,0,14
M0363,2024-03,1,4,1,15
M0506,2024-08,9,28,2,16
M0266,2024-03,4,14,1,21
M0113,2024-12,2,26,1,14
M0475,2024-01,1,4,1,20
M0571,2024-02,1,7,0,20
M0426,2024-04,0,1,0,23
M0410,2024-08,5,35,7,18
M0346,2024-08,0,3,0,25
M0316,2024-01,2,7,1,17
M0486,2024-05,1,4,0,23
M0185,2024-08,3,11,1,21
M0337,2024-06,8,32,6,14
M0453,2024-02,5,12,1,19
M0455,2024-12,0,2,0,9
M0197,2024-09,11,55,1,32
M0081,2024-08,4,19,1,17
M0067,2024-12,1,7,1,17
M0344,2024-08,0,2,1,17
M0315,2024-10,1,2,0,11
M0383,2024-01,9,31,2,14
M0180,2024-05,12,38,5,16
M0201,2024-08,1,7,0,24
M0443,2024-03,1,6,0,20
M0131,2024-05,1,3,0,17
M0438,2024-02,1,3,0,16
M0515,2024-11,4,30,2,16
M0475,2024-09,1,6,1,26
M0376,2024-12,23,163,26,50
M0028,2024-08,2,9,1,33
M0295,2024-11,9,21,3,17
M0296,2024-07,0,3,0,17
M0093,2024-01,0,1,0,16
M0156,2024-10,3,9,2,39
M0479,2024-02,5,9,0,9
M0515,2024-10,5,34,3,24
M0570,2024-12,6,62,3,17
M0591,2024-04,2,5,2,44
M0450,2024-10,5,22,2,28
M0535,2024-04,3,40,4,13
M0554,2024-05,3,30,2,18
M0580,2024-08,2,10,2,35
M0490,2024-01,2,6,1,16
M0321,2024-11,3,14,1,22
M0230,2024-08,1,5,0,15
M0363,2024-04,1,4,1,16
M0279,2024-01,2,5,1,21
M0211,2024-07,0,1,0,14
M0419,2024-02,24,38,17,60
M0541,2024-09,2,13,1,21
M0201,2024-04,1,5,0,24
M0371,2024-11,0,2,0,14
M0210,2024-05,1,4,0,14
M0088,2024-01,7,31,4,20
M0051,2024-12,13,23,5,57
M0169,2024-02,1,3,0,16
M0068,2024-01,35,225,32,18
M0584,2024-03,0,3,0,18
M0096,2024-06,1,2,0,19
M0492,2024-12,1,9,1,19
M0214,2024-06,89,239,19,21
M0085,2024-05,6,14,3,63
M0525,2024-08,1,4,0,23
M0206,2024-10,4,23,4,17
M0084,2024-06,3,4,1,24
M0222,2024-01,0,1,0,11
M0420,2024-06,2,20,0,2
M0047,2024-04,4,7,2,46
M0567,2024-12,6,22,2,12
M0370,2024-09,1,3,0,14
M0443,2024-02,1,6,0,21
M0279,2024-10,1,6,1,19
M0165,2024-09,4,26,3,21
M0206,2024-02,5,27,3,17
M0412,2024-05,7,43,2,28
M0456,2024-03,0,1,0,17
M0177,2024-04,1,8,0,20
M0305,2024-05,2,5,1,61
M0559,2024-08,5,31,2,13
M0318,2024-09,4,21,2,17
M0014,2024-09,1,8,0,16
M0452,2024-03,1,3,0,18
M0011,2024-02,1,4,1,22
M0118,2024-11,2,17,2,22
M0595,2024-11,2,13,1,15
M0382,2024-06,6,40,3,23
M0132,2024-02,0,1,0,12
M0465,2024-01,5,12,2,22
M0088,2024-10,11,39,4,24
M0512,2024-07,16,203,21,21
M0079,2024-10,1,4,0,21
M0552,2024-08,0,5,0,30
M0570,2024-11,5,57,2,18
M0533,2024-05,0,1,0,30
M0419,2024-04,27,48,19,61
M0572,2024-06,8,29,4,14
M0538,2024-06,8,27,3,13
M0470,2024-02,3,7,1,24
M0006,2024-10,1,3,0,19
M0079,2024-12,2,7,0,25
M0435,2024-09,38,150,7,16
M0361,2024-05,5,8,3,18
M0298,2024-05,32,156,14,24
M0585,2024-03,11,47,3,18
M0167,2024-12,4,15,1,22
M0043,2024-09,9,24,2,15
M0503,2024-10,1,4,0,20
M0119,2024-03,0,3,0,15
M0329,2024-06,23,483,13,13
M0353,2024-06,0,1,0,17
M0229,2024-08,2,10,1,27
M0166,2024-07,0,3,0,18
M0482,2024-01,1,2,0,12
M0169,2024-01,1,3,0,17
M0293,2024-01,3,41,4,12
M0188,2024-02,8,35,3,21
M0080,2024-12,12,33,3,19
M0369,2024-05,1,4,0,14
M0274,2024-09,4,30,1,12
M0115,2024-09,7,43,2,18
M0597,2024-06,1,3,0,18
M0462,2024-09,3,21,3,26
M0269,2024-07,7,25,5,19
M0424,2024-04,10,19,5,60
M0104,2024-12,0,2,0,17
M0175,2024-02,3,34,2,21
M0072,2024-11,1,8,0,19
M0345,2024-12,14,41,5,16
M0301,2024-05,1,4,0,30
M0409,2024-01,1,4,0,18
M0531,2024-01,4,34,3,19
M0508,2024-03,22,76,9,28
M0545,2024-03,1,2,0,19
M0380,2024-07,0,1,0,12
M0593,2024-07,7,16,2,29
M0103,2024-08,42,220,46,17
M0331,2024-12,1,3,0,14
M0115,2024-08,8,36,3,23
M0153,2024-10,6,80,3,16
M0220,2024-05,1,3,0,18
M0255,2024-09,1,5,0,27
M0089,2024-11,0,2,0,15
M0341,2024-04,6,40,5,15
M0062,2024-05,2,7,1,21
M0566,2024-11,47,117,16,55
M0139,2024-09,1,8,1,20
M0011,2024-05,1,4,1,21
M0516,2024-07,1,5,0,24
M0038,2024-04,1,3,0,23
M0096,2024-04,1,2,0,19
M0304,2024-02,1,2,0,23
M0515,2024-02,4,35,2,27
M0116,2024-08,0,1,0,16
M0148,2024-04,0,2,0,19
M0125,2024-06,0,5,1,15
M0318,2024-04,3,22,2,25
M0339,2024-11,6,35,3,26
M0237,2024-02,1,5,0,20
M0270,2024-07,0,1,0,18
M0391,2024-11,8,92,8,11
M0594,2024-02,1,2,0,14
M0206,2024-05,6,30,4,25
M0508,2024-04,40,95,8,24
M0578,2024-01,1,2,0,27
M0382,2024-01,12,61,13,19
M0576,2024-05,3,32,2,13
M0189,2024-10,11,97,3,11
M0264,2024-02,1,10,1,23
M0353,2024-10,0,2,0,20
M0032,2024-10,3,17,1,20
M0463,2024-12,2,6,1,27
M0095,2024-07,9,20,1,20
M0373,2024-09,3,22,1,12
M0169,2024-10,1,2,0,17
M0046,2024-11,1,5,0,15
M0281,2024-07,1,3,0,24
M0594,2024-06,0,2,0,16
M0491,2024-08,2,7,0,21
M0116,2024-10,0,2,0,24
M0152,2024-05,0,5,0,17
M0161,2024-11,4,17,1,22
M0068,2024-05,22,187,27,14
M0568,2024-08,1,4,0,13
M0183,2024-08,2,7,1,27
M0138,2024-09,1,6,0,24
M0158,2024-08,8,17,2,20
M0529,2024-07,6,31,6,20
M0556,2024-07,2,8,1,29
M0054,2024-11,0,3,0,24
M0456,2024-05,0,1,0,22
M0574,2024-07,3,10,1,26
M0381,2024-07,0,1,0,18
M0008,2024-03,1,1,0,13
M0460,2024-09,3,13,1,19
M0214,2024-05,68,239,19,27
M0424,2024-11,12,14,6,64
M0051,2024-01,5,12,3,53
M0557,2024-04,2,10,1,16
M0421,2024-10,5,10,2,23
M0441,2024-07,7,43,4,21
M0028,2024-11,2,6,1,25
M0524,2024-06,1,6,1,22
M0173,2024-05,1,1,0,18
M0321,2024-02,2,15,2,19
M0474,2024-07,3,12,2,30
M0120,2024-04,6,39,4,18
M0485,2024-07,1,3,0,13
M0007,2024-12,6,12,7,52
M0272,2024-10,1,4,0,28
M0238,2024-08,1,3,0,26
M0516,2024-05,1,4,0,24
M0028,2024-06,1,5,0,25
M0186,2024-09,1,4,0,16
M0111,2024-09,1,6,1,21
M0036,2024-04,22,183,9,20
M0123,2024-06,11,54,2,17
M0392,2024-11,13,114,8,19
M0310,2024-06,0,3,0,12
M0002,2024-01,3,34,2,20
M0056,2024-01,1,5,0,21
M0166,2024-01,0,2,0,12
M0073,2024-02,0,1,0,22
M0023,2024-07,0,1,0,16
M0133,2024-02,0,1,0,22
M0375,2024-11,2,12,1,18
M0448,2024-10,1,7,0,19
M0489,2024-01,2,6,0,22
M0292,2024-11,14,67,5,23
M0327,2024-12,0,1,0,21
M0578,2024-08,1,2,0,24
M0064,2024-09,9,52,4,26
M0285,2024-10,1,5,1,21
M0505,2024-07,1,5,0,21
M0002,2024-07,3,47,2,21
M0003,2024-11,1,8,0,13
M0180,2024-03,13,31,5,24
M0148,2024-11,0,2,0,14
M0211,2024-02,0,2,0,13
M0201,2024-09,1,4,0,18
M0552,2024-03,0,2,0,18
M0270,2024-11,0,1,0,21
M0087,2024-08,0,2,0,32
M0268,2024-04,6,11,2,23
M0306,2024-12,1,2,0,16
M0361,2024-07,5,13,3,18
M0303,2024-11,2,5,0,19
M0059,2024-04,0,3,0,14
M0572,2024-03,8,27,2,17
M0520,2024-10,1,2,0,23
M0593,2024-12,7,17,3,23
M0055,2024-10,66,130,54,48
M0464,2024-12,8,38,4,27
M0239,2024-05,1,4,0,12
M0359,2024-06,1,4,0,12
M0450,2024-05,7,29,2,25
M0300,2024-08,37,91,38,10
M0125,2024-11,1,6,0,15
M0156,2024-06,2,7,1,24
M0156,2024-04,1,6,1,28
M0034,2024-10,24,87,12,23
M0346,2024-06,1,3,0,26
M0174,2024-01,2,6,1,23
M0486,2024-06,0,3,0,19
M0447,2024-01,1,3,0,17
M0436,2024-02,1,3,0,22
M0374,2024-10,0,2,0,14
M0217,2024-06,3,16,1,16
M0558,2024-11,1,6,1,19
M0075,2024-09,61,138,29,49
M0254,2024-01,2,9,0,23
M0212,2024-11,0,2,0,25
M0426,2024-02,0,1,0,19
M0554,2024-10,2,36,3,25
M0278,2024-04,0,1,0,22
M0045,2024-08,1,2,0,23
M0430,2024-04,1,5,0,24
M0007,2024-01,6,11,4,59
M0529,2024-12,8,33,6,21
M0014,2024-01,1,6,0,15
M0517,2024-08,2,7,1,21
M0419,2024-07,25,37,14,53
M0427,2024-05,0,2,0,16
M0544,2024-06,24,80,11,24
M0002,2024-10,2,23,1,19
M0560,2024-07,1,3,0,13
M0464,2024-01,8,57,5,22
M0022,2024-11,31,116,19,17
M0322,2024-09,0,1,0,13
M0123,2024-02,6,33,1,16
M0364,2024-07,1,7,1,18
M0316,2024-07,3,12,1,16
M0270,2024-09,0,1,0,22
M0095,2024-06,10,29,1,19
M0147,2024-07,1,6,0,19
M0207,2024-11,1,3,0,15
M0509,2024-02,1,4,1,14
M0364,2024-01,1,6,0,17
M0057,2024-05,1,3,0,24
M0355,2024-12,10,26,5,20
M0480,2024-02,8,43,6,26
M0288,2024-02,2,9,1,19
M0238,2024-10,1,3,0,21
M0161,2024-04,4,9,1,17
M0273,2024-12,1,6,1,10
M0496,2024-02,2,5,0,23
M0063,2024-01,1,2,0,23
M0271,2024-03,1,3,0,22
M0559,2024-10,8,32,3,22
M0527,2024-01,1,14,2,21
M0265,2024-08,1,11,1,16
M0269,2024-03,4,17,3,21
M0584,2024-09,1,3,1,13
M0115,2024-04,10,41,4,19
M0591,2024-06,2,5,1,53
M0430,2024-01,1,4,0,28
M0257,2024-05,7,12,3,71
M0366,2024-08,1,6,0,24
M0313,2024-02,35,63,11,19
M0297,2024-10,1,3,0,20
M0504,2024-04,0,3,0,18
M0456,2024-11,0,2,0,20
M0202,2024-07,3,13,2,34
M0490,2024-09,3,6,1,28
M0258,2024-06,3,5,1,30
M0194,2024-08,1,5,1,18
M0571,2024-06,1,10,1,24
M0454,2024-11,1,3,0,17
M0418,2024-04,2,11,2,10
M0184,2024-04,4,9,3,57
M0502,2024-07,9,47,3,30
M0367,2024-11,0,1,0,18
M0201,2024-05,1,6,0,17
M0192,2024-12,0,1,0,30
M0476,2024-11,0,3,0,18
M0376,2024-09,23,116,16,32
M0260,2024-06,1,4,1,17
M0183,2024-09,1,7,0,18
M0167,2024-01,3,15,1,22
M0383,2024-12,14,45,2,22
M0193,2024-12,1,3,0,13
M0097,2024-10,0,1,0,18
M0445,2024-06,0,1,0,20
M0156,2024-03,1,4,1,16
M0434,2024-09,0,1,0,18
M0339,2024-07,5,26,2,26
M0595,2024-02,2,16,1,14
M0467,2024-07,1,5,1,20
M0037,2024-01,10,59,3,23
M0540,2024-12,1,4,0,24
M0516,2024-02,1,5,0,21
M0162,2024-04,3,34,1,20
M0242,2024-08,1,5,0,29
M0581,2024-01,3,28,2,19
M0091,2024-08,8,61,9,28
M0301,2024-09,1,4,0,26
M0527,2024-02,1,13,1,19
M0012,2024-05,1,7,0,20
M0194,2024-04,1,4,1,28
M0181,2024-07,6,21,4,14
M0145,2024-10,30,144,18,13
M0082,2024-04,1,2,0,17
M0043,2024-12,8,23,2,18
M0481,2024-02,17,55,14,45
M0172,2024-10,1,4,0,6
M0193,2024-06,1,3,1,13
M0575,2024-02,1,5,0,25
M0182,2024-04,0,1,0,26
M0327,2024-11,0,0,0,12
M0390,2024-05,2,11,1,17
M0411,2024-12,1,4,0,15
M0204,2024-07,1,4,0,27
M0051,2024-02,7,11,3,60
M0232,2024-07,0,2,0,19
M0086,2024-04,1,1,0,26
M0272,2024-06,2,6,0,33
M0440,2024-12,1,2,0,17
M0297,2024-07,2,6,0,25
M0181,2024-12,8,26,2,15
M0168,2024-12,5,27,3,23
M0542,2024-03,4,41,3,21
M0021,2024-01,9,54,11,17
M0537,2024-04,13,22,3,24
M0514,2024-06,0,1,0,17
M0061,2024-02,0,3,0,26
M0120,2024-01,6,39,4,13
M0061,2024-06,0,3,0,27
M0142,2024-04,7,29,2,21
M0319,2024-12,4,15,2,17
M0321,2024-04,3,9,1,18
M0292,2024-04,9,44,3,31
M0256,2024-10,0,3,0,20
M0015,2024-10,1,5,1,18
M0214,2024-02,69,259,15,27
M0356,2024-11,8,30,3,19
M0530,2024-01,7,41,3,23
M0216,2024-08,2,4,0,19
M0394,2024-08,1,5,0,20
M0510,2024-05,51,202,30,18
M0189,2024-09,11,91,3,17
M0038,2024-10,1,3,0,16
M0466,2024-02,3,37,4,29
M0009,2024-05,1,5,1,22
M0075,2024-07,4,22,2,19
M0386,2024-07,0,1,0,15
M0561,2024-02,1,5,0,16
M0486,2024-01,1,3,0,30
M0375,2024-04,3,11,1,13
M0110,2024-04,1,4,1,26
M0284,2024-07,14,115,7,21
M0080,2024-11,13,40,2,21
M0070,2024-04,28,81,8,32
M0588,2024-02,1,4,1,15
M0121,2024-08,0,1,0,22
M0184,2024-07,7,11,4,65
M0172,2024-06,1,7,0,11
M0459,2024-12,0,2,0,18
M0005,2024-11,1,3,1,22
M0556,2024-05,1,6,1,28
M0501,2024-08,0,2,0,17
M0494,2024-09,2,2,1,17
M0454,2024-09,1,4,0,17
M0247,2024-12,46,84,18,22
M0010,2024-08,1,4,0,20
M0099,2024-09,36,136,26,14
M0194,2024-10,1,3,0,21
M0489,2024-08,2,8,0,24
M0403,2024-01,1,4,0,19
M0270,2024-05,0,1,0,17
M0137,2024-04,1,4,0,27
M0168,2024-03,3,26,2,14
M0478,2024-11,0,2,0,25
M0105,2024-10,0,2,0,13
M0026,2024-01,5,27,4,11
M0554,2024-04,3,32,4,19
M0086,2024-06,1,3,0,25
M0312,2024-12,1,6,0,25
M0469,2024-08,0,2,0,13
M0505,2024-03,1,7,0,19
M0170,2024-01,0,2,0,33
M0407,2024-07,9,21,6,62
M0005,2024-01,1,2,0,20
M0287,2024-01,1,3,0,12
M0312,2024-04,1,4,0,21
M0506,2024-03,11,36,3,15
M0209,2024-12,1,3,0,20
M0245,2024-01,0,6,0,19
M0572,2024-07,8,31,3,20
M0343,2024-05,2,6,1,17
M0175,2024-10,3,43,2,18
M0014,2024-11,1,6,0,13
M0385,2024-12,2,9,1,14
M0303,2024-03,1,6,0,18
M0329,2024-05,26,207,15,17
M0164,2024-09,0,1,0,19
M0489,2024-02,1,7,0,15
M0477,2024-04,1,2,0,19
M0142,2024-01,6,36,1,22
M0161,2024-10,3,9,1,17
M0482,2024-04,0,3,0,22
M0369,2024-07,0,4,0,14
M0428,2024-01,0,2,0,16
M0560,2024-05,1,3,0,14
M0330,2024-12,1,2,1,19
M0577,2024-02,1,3,0,16
M0271,2024-09,1,5,0,22
M0106,2024-11,23,52,12,17
M0161,2024-12,5,21,1,18
M0237,2024-11,1,4,0,17
M0206,2024-03,4,35,3,20
M0168,2024-10,5,26,1,14
M0233,2024-08,9,53,3,18
M0099,2024-01,20,87,23,21
M0454,2024-12,1,4,0,20
M0079,2024-09,1,7,0,26
M0547,2024-09,2,6,0,21
M0397,2024-12,2,3,0,21
M0585,2024-12,18,65,3,19
M0250,2024-10,0,5,0,16
M0349,2024-09,2,12,2,19
M0223,2024-03,1,5,0,25
M0492,2024-01,1,5,1,25
M0392,2024-05,3,44,2,20
M0277,2024-07,4,15,2,18
M0497,2024-08,1,8,1,19
M0579,2024-02,45,200,25,12
M0067,2024-07,1,4,1,10
M0223,2024-01,1,6,0,20
M0291,2024-07,2,10,1,23
M0383,2024-10,12,30,1,18
M0579,2024-07,40,159,16,15
M0170,2024-04,0,2,0,29
M0396,2024-03,70,217,41,22
M0171,2024-04,1,3,0,19
M0412,2024-07,10,45,2,24
M0548,2024-12,1,5,1,19
M0581,2024-03,2,26,1,15
M0008,2024-11,1,2,0,19
M0315,2024-03,1,2,0,7
M0037,2024-11,11,47,5,28
M0047,2024-09,5,9,1,36
M0172,2024-04,1,7,0,4
M0171,2024-09,1,5,0,18
M0490,2024-05,3,5,1,11
M0577,2024-06,1,5,0,19
M0493,2024-06,1,5,1,26
M0489,2024-11,1,10,0,18
M0078,2024-07,46,254,18,26
M0440,2024-02,1,2,0,15
M0038,2024-12,1,3,0,11
M0500,2024-06,5,23,1,16
M0089,2024-04,0,2,0,20
M0402,2024-05,0,2,0,21
M0568,2024-04,1,5,0,22
M0148,2024-01,0,2,0,18
M0231,2024-07,4,19,1,25
M0006,2024-07,1,6,0,17
M0252,2024-01,10,31,4,18
M0265,2024-04,1,12,1,13
M0242,2024-02,0,2,0,26
M0347,2024-12,1,8,1,22
M0052,2024-09,0,3,0,3
M0561,2024-05,1,4,0,13
M0584,2024-04,0,4,1,20
M0070,2024-02,14,62,4,21
M0325,2024-07,4,60,4,20
M0369,2024-10,1,6,1,14
M0116,2024-11,0,1,0,18
M0470,2024-04,3,7,1,21
M0450,2024-12,8,34,3,26
M0021,2024-07,12,43,8,10
M0336,2024-08,1,7,0,25
M0433,2024-06,1,4,0,23
M0401,2024-01,1,3,0,25
M0419,2024-11,20,30,14,55
M0217,2024-08,7,32,4,23
M0397,2024-05,1,3,0,23
M0405,2024-12,1,7,0,27
M0391,2024-08,7,93,5,14
M0089,2024-12,0,2,0,14
M0497,2024-10,2,10,1,14
M0550,2024-02,1,3,0,29
M0346,2024-12,1,2,0,23
M0511,2024-02,2,5,0,25
M0370,2024-11,1,2,0,19
M0220,2024-03,1,6,0,17
M0124,2024-04,13,34,3,28
M0231,2024-09,3,21,1,27
M0377,2024-03,2,4,0,18
M0593,2024-10,5,14,2,22
M0337,2024-02,8,40,4,23
M0435,2024-11,40,161,8,17
M0417,2024-06,10,62,2,20
M0545,2024-04,1,3,0,14
M0567,2024-03,5,28,2,18
M0218,2024-09,1,4,0,20
M0007,2024-05,8,11,5,64
M0361,2024-09,6,7,3,13
M0383,2024-02,9,25,1,17
M0285,2024-08,2,6,1,22
M0386,2024-01,0,1,0,14
M0145,2024-12,58,207,22,23
M0104,2024-03,0,1,0,17
M0423,2024-11,11,90,12,22
M0155,2024-03,3,14,2,21
M0432,2024-08,0,3,0,28
M0063,2024-02,1,2,0,25
M0048,2024-03,0,2,0,21
M0380,2024-04,0,1,0,17
M0560,2024-08,1,3,0,14
M0227,2024-07,4,14,1,20
M0252,2024-03,11,30,3,24
M0564,2024-03,0,2,0,24
M0144,2024-12,1,4,0,19
M0504,2024-11,0,3,0,12
M0266,2024-04,3,19,1,17
M0041,2024-03,7,21,3,17
M0403,2024-06,1,6,0,18
M0411,2024-09,1,4,0,25
M0160,2024-09,4,20,1,20
M0062,2024-12,2,7,1,26
M0221,2024-10,4,19,1,24
M0454,2024-06,1,4,0,22
M0199,2024-12,29,147,7,8
M0518,2024-06,1,3,0,21
M0123,2024-11,15,80,3,15
M0247,2024-10,19,65,11,25
M0402,2024-12,0,2,0,16
M0351,2024-10,1,4,0,20
M0353,2024-05,0,1,0,13
M0540,2024-04,1,2,0,21
M0174,2024-06,1,2,0,17
M0555,2024-04,9,42,3,26
M0057,2024-09,1,3,0,21
M0065,2024-12,1,4,0,19
M0261,2024-04,0,1,0,17
M0591,2024-11,2,3,1,52
M0069,2024-02,9,27,2,15
M0496,2024-03,1,6,0,21
M0579,2024-05,53,171,24,17
M0407,2024-08,9,12,4,54
M0185,2024-10,2,10,1,16
M0268,2024-12,6,13,2,22
M0430,2024-02,1,3,0,26
M0328,2024-03,26,75,13,31
M0509,2024-03,1,3,1,19
M0150,2024-03,27,230,12,20
M0293,2024-12,4,28,4,12
M0285,2024-12,2,5,1,23
M0564,2024-05,1,3,0,23
M0219,2024-01,3,10,2,17
M0116,2024-05,0,1,0,22
M0544,2024-11,25,76,10,27
M0129,2024-06,1,5,0,14
M0379,2024-10,22,198,16,14
M0350,2024-09,11,26,6,60
M0497,2024-05,1,9,1,14
M0498,2024-11,0,3,0,28
M0434,2024-11,0,1,0,14
M0503,2024-08,1,6,0,17
M0572,2024-09,8,31,3,18
M0029,2024-09,1,14,0,14
M0410,2024-11,2,18,3,18
M0525,2024-10,1,5,0,25
M0038,2024-03,0,2,0,21
M0419,2024-06,20,29,10,54
M0269,2024-06,4,17,4,23
M0080,2024-01,11,36,2,17
M0365,2024-03,3,5,1,42
M0106,2024-07,29,51,10,18
M0460,2024-08,3,12,1,21
M0536,2024-04,1,4,2,17
M0099,2024-12,45,200,21,25
M0068,2024-10,30,208,24,12
M0026,2024-10,5,44,6,18
M0364,2024-10,1,5,1,20
M0317,2024-03,1,5,1,27
M0495,2024-12,3,13,1,20
M0344,2024-07,0,2,0,16
M0557,2024-02,2,9,2,20
M0040,2024-12,1,5,1,22
M0484,2024-05,29,133,9,22
M0370,2024-03,1,3,0,18
M0306,2024-05,1,2,0,17
M0437,2024-04,0,3,0,25
M0599,2024-02,10,88,6,18
M0496,2024-08,9,17,5,50
M0457,2024-05,13,57,3,27
M0050,2024-06,0,1,0,15
M0128,2024-04,1,5,0,13
M0595,2024-03,3,19,1,20
M0367,2024-03,0,2,0,18
M0239,2024-08,1,6,0,18
M0415,2024-01,72,280,32,22
M0369,2024-01,0,3,0,16
M0165,2024-07,4,30,3,19
M0310,2024-11,1,3,0,17
M0549,2024-03,6,44,3,19
M0235,2024-06,2,13,1,18
M0132,2024-01,0,2,0,14
M0580,2024-07,3,13,2,32
M0127,2024-04,0,1,0,19
M0045,2024-10,1,2,0,18
M0208,2024-07,87,222,24,19
M0498,2024-08,0,5,0,26
M0200,2024-08,6,10,4,60
M0292,2024-10,10,62,4,25
M0433,2024-03,1,3,0,23
M0209,2024-05,1,3,0,20
M0022,2024-04,28,108,16,15
M0583,2024-05,1,5,0,25
M0503,2024-07,1,4,0,17
M0584,2024-05,1,5,1,20
M0523,2024-11,0,2,0,21
M0055,2024-07,2,18,3,18
M0587,2024-08,1,4,0,15
M0232,2024-03,0,1,0,21
M0263,2024-04,1,5,0,22
M0420,2024-07,2,14,1,7
M0273,2024-08,1,5,0,14
M0149,2024-07,5,9,1,17
M0600,2024-08,1,4,1,26
M0436,2024-06,0,2,0,16
M0522,2024-08,22,71,6,24
M0547,2024-02,1,3,0,15
M0219,2024-04,3,14,2,20
M0179,2024-09,23,69,8,19
M0051,2024-07,6,12,3,52
M0545,2024-11,1,3,0,15
M0499,2024-09,6,30,2,25
M0185,2024-05,4,9,1,19
M0027,2024-10,3,26,2,19
M0190,2024-10,1,6,0,10
M0300,2024-09,50,148,18,21
M0469,2024-04,0,2,0,16
M0567,2024-10,4,19,2,17
M0129,2024-03,1,3,0,13
M0525,2024-01,1,2,0,26
M0539,2024-03,10,55,5,19
M0224,2024-02,6,31,1,16
M0510,2024-07,46,218,23,14
M0133,2024-07,0,1,0,23
M0151,2024-03,1,2,0,24
M0455,2024-05,0,2,0,8
M0341,2024-03,7,55,5,20
M0150,2024-10,25,243,14,19
M0535,2024-12,4,43,3,16
M0423,2024-09,22,133,16,20
M0591,2024-05,2,3,1,42
M0087,2024-12,0,1,0,26
M0524,2024-12,1,4,1,18
M0222,2024-05,0,1,0,19
M0345,2024-05,9,33,5,21
M0015,2024-03,0,5,1,17
M0206,2024-04,6,28,4,18
M0226,2024-08,0,2,0,18
M0593,2024-04,5,16,3,22
M0325,2024-10,3,33,2,16
M0567,2024-05,5,22,1,18
M0213,2024-02,1,4,0,24
M0580,2024-06,2,12,2,30
M0404,2024-07,9,27,4,22
M0144,2024-10,1,6,0,22
M0387,2024-02,10,40,3,19
M0041,2024-10,6,17,2,17
M0442,2024-10,11,100,10,22
M0581,2024-06,3,26,2,16
M0139,2024-06,1,6,1,21
M0087,2024-11,0,1,0,26
M0431,2024-10,1,4,0,27
M0482,2024-05,0,3,0,16
M0012,2024-04,1,9,0,25
M0341,2024-12,12,69,8,12
M0452,2024-10,0,2,0,14
M0223,2024-02,1,3,0,25
M0546,2024-04,4,17,2,18
M0308,2024-05,18,60,9,27
M0360,2024-05,6,26,3,17
M0266,2024-12,7,33,2,23
M0143,2024-08,21,62,8,12
M0492,2024-05,1,8,1,18
M0349,2024-01,2,12,1,16
M0482,2024-10,1,2,0,15
M0156,2024-02,1,3,1,17
M0275,2024-07,61,296,49,26
M0146,2024-07,3,17,2,20
M0032,2024-05,3,18,1,17
M0592,2024-02,2,12,1,19
M0206,2024-09,5,23,4,17
M0392,2024-12,10,137,4,25
M0537,2024-08,11,28,2,20
M0395,2024-04,51,227,21,20
M0485,2024-09,1,4,0,23
M0227,2024-01,3,12,1,21
M0097,2024-11,0,2,0,24
M0371,2024-06,0,1,0,18
M0346,2024-02,0,2,0,26
M0312,2024-06,0,5,0,23
M0400,2024-11,0,4,1,14
M0052,2024-12,1,4,0,9
M0153,2024-06,5,49,4,23
M0588,2024-05,1,5,1,14
M0076,2024-09,10,42,3,21
M0056,2024-12,1,6,1,13
M0228,2024-12,1,3,0,20
M0402,2024-04,0,1,0,18
M0169,2024-03,1,3,0,18
M0367,2024-12,0,1,0,21
M0476,2024-01,0,3,0,18
M0052,2024-11,1,2,0,9
M0365,2024-12,3,6,1,43
M0429,2024-04,0,1,0,20
M0379,2024-08,41,159,21,14
M0188,2024-10,9,48,5,19
M0598,2024-09,4,21,1,14
M0464,2024-07,7,52,5,23
M0515,2024-03,5,35,3,30
M0319,2024-11,4,10,1,16
M0376,2024-11,19,134,24,47
M0284,2024-06,10,124,10,27
M0527,2024-11,1,13,1,15
M0126,2024-01,1,3,1,11
M0149,2024-01,3,9,1,16
M0229,2024-09,2,8,1,26
M0213,2024-06,1,4,1,23
M0497,2024-01,1,12,1,11
M0105,2024-03,0,2,0,17
M0018,2024-12,0,1,0,24
M0474,2024-05,3,8,1,27
M0503,2024-03,1,5,0,15
M0401,2024-10,1,4,0,24
M0533,2024-01,0,0,0,13
M0190,2024-02,1,8,0,6
M0040,2024-03,1,4,1,23
M0412,2024-04,8,23,2,27
M0351,2024-01,1,5,0,22
M0372,2024-09,0,1,0,23
M0146,2024-05,6,22,2,23
M0051,2024-11,9,19,7,58
M0184,2024-03,6,9,2,57
M0159,2024-04,7,29,6,18
M0190,2024-01,1,5,1,9
M0074,2024-12,1,10,1,26
M0518,2024-11,1,3,0,22
M0066,2024-07,4,26,3,21
M0403,2024-09,1,4,0,16
M0400,2024-07,0,2,0,20
M0437,2024-09,0,2,0,22
M0323,2024-09,1,9,1,23
M0497,2024-11,2,14,1,14
M0215,2024-12,3,6,0,24
M0398,2024-10,7,28,3,20
M0199,2024-02,40,168,8,14
M0272,2024-12,2,6,0,33
M0177,2024-01,1,8,0,23
M0470,2024-06,3,10,2,18
M0115,2024-01,8,38,3,25
M0061,2024-09,0,2,0,25
M0103,2024-05,32,169,29,19
M0102,2024-03,0,2,0,16
M0113,2024-06,2,32,1,19
M0230,2024-04,1,3,0,16
M0550,2024-06,1,4,1,21
M0570,2024-06,3,45,1,17
M0349,2024-08,2,10,1,26
M0598,2024-06,5,19,1,17
M0517,2024-06,1,7,1,21
M0159,2024-05,4,28,5,10
M0048,2024-09,0,2,0,25
M0107,2024-03,15,98,9,21
M0284,2024-09,16,124,10,26
M0111,2024-01,1,2,0,18
M0316,2024-05,3,7,1,27
M0084,2024-05,3,7,0,21
M0435,2024-05,47,119,10,10
M0102,2024-09,0,2,1,22
M0356,2024-08,15,45,4,20
M0467,2024-11,1,7,1,22
M0185,2024-01,2,9,1,18
M0523,2024-03,0,2,0,20
M0290,2024-05,7,17,2,15
M0486,2024-09,1,5,0,17
M0193,2024-09,1,3,0,18
M0530,2024-06,7,43,3,20
M0428,2024-12,0,2,0,18
M0131,2024-02,1,2,0,19
M0524,2024-05,1,4,1,19
M0183,2024-05,2,6,0,24
M0115,2024-03,8,37,3,20
M0444,2024-07,2,12,0,21
M0280,2024-03,11,15,5,49
M0561,2024-04,1,3,0,20
M0058,2024-09,1,5,1,14
M0528,2024-07,1,5,0,24
M0577,2024-05,1,3,1,13
M0138,2024-10,1,4,0,23
M0234,2024-02,1,6,0,11
M0136,2024-05,8,54,2,18
M0165,2024-05,5,33,3,19
M0218,2024-05,1,5,0,25
M0595,2024-09,2,13,1,19
M0194,2024-03,1,4,0,27
M0248,2024-06,0,2,0,13
M0566,2024-02,29,64,12,62
M0048,2024-12,1,3,0,25
M0350,2024-05,16,34,8,67
M0309,2024-12,0,1,0,13
M0368,2024-01,9,78,8,10
M0334,2024-09,8,24,3,18
M0030,2024-02,0,5,0,15
M0137,2024-05,1,4,0,23
M0196,2024-09,0,2,0,8
M0519,2024-10,0,1,0,22
M0016,2024-06,1,4,0,20
M0122,2024-08,35,192,20,32
M0487,2024-01,33,342,36,21
M0378,2024-04,5,34,2,23
M0241,2024-08,1,7,0,15
M0526,2024-10,2,5,0,16
M0265,2024-12,1,13,1,17
M0016,2024-07,1,5,1,17
M0390,2024-09,2,10,1,15
M0274,2024-06,4,25,1,10
M0445,2024-07,0,1,0,21
M0343,2024-02,2,7,1,23
M0234,2024-04,1,7,0,14
M0066,2024-03,6,38,4,18
M0385,2024-11,2,7,1,15
M0065,2024-06,1,4,0,16
M0311,2024-10,6,31,4,16
M0001,2024-07,1,3,0,28
M0191,2024-08,1,3,0,18
M0443,2024-09,1,9,0,23
M0452,2024-09,1,3,0,21
M0321,2024-01,3,12,2,16
M0267,2024-11,5,21,1,21
M0531,2024-03,4,37,2,22
M0222,2024-10,0,2,0,14
M0472,2024-05,1,6,0,18
M0121,2024-09,0,1,0,19
M0231,2024-03,2,13,2,23
M0458,2024-08,59,130,20,18
M0047,2024-08,7,12,3,42
M0071,2024-07,7,15,1,13
M0046,2024-05,1,5,0,23
M0201,2024-10,1,5,0,19
M0344,2024-02,0,2,1,20
M0038,2024-02,0,2,0,17
M0456,2024-12,0,1,0,18
M0168,2024-08,3,24,2,19
M0446,2024-01,1,4,0,18
M0577,2024-04,1,4,0,18
M0255,2024-08,1,6,0,23
M0332,2024-05,0,6,0,17
M0143,2024-02,13,32,4,17
M0339,2024-10,9,43,3,30
M0466,2024-09,4,47,4,30
M0077,2024-03,1,2,0,21
M0387,2024-07,16,53,3,18
M0024,2024-08,1,5,1,22
M0568,2024-03,1,5,0,20
M0501,2024-09,0,2,0,16
M0358,2024-08,4,9,2,53
M0545,2024-07,1,2,0,15
M0420,2024-02,2,23,1,11
M0429,2024-09,0,1,0,16
M0075,2024-10,88,195,31,44
M0475,2024-10,1,7,1,20
M0212,2024-10,0,2,0,20
M0148,2024-12,0,3,0,20
M0193,2024-04,1,3,0,17
M0438,2024-03,1,3,0,12
M0102,2024-04,0,1,0,19
M0129,2024-07,1,5,0,10
M0113,2024-04,2,21,1,13
M0175,2024-04,4,40,2,19
M0044,2024-04,30,78,13,56
M0251,2024-05,1,6,1,11
M0048,2024-05,0,2,0,25
M0381,2024-11,0,1,0,13
M0304,2024-07,1,4,1,34
M0368,2024-02,9,117,5,10
M0417,2024-10,8,46,1,21
M0052,2024-10,0,2,0,9
M0520,2024-03,1,2,0,22
M0390,2024-08,2,10,1,18
M0273,2024-03,1,3,1,20
M0226,2024-04,0,3,0,18
M0180,2024-08,16,34,6,25
M0232,2024-05,0,1,0,18
M0401,2024-03,2,4,0,25
M0238,2024-03,1,3,0,22
M0521,2024-04,7,29,4,11
M0569,2024-10,5,18,3,13
M0469,2024-01,0,2,0,13
M0489,2024-05,1,7,0,18
M0046,2024-03,1,3,0,17
M0308,2024-11,46,98,18,38
M0168,2024-11,4,26,2,23
M0182,2024-10,0,1,0,23
M0457,2024-11,9,43,3,20
M0058,2024-11,1,6,1,19
M0117,2024-11,1,5,0,15
M0205,2024-06,1,5,0,24
M0571,2024-07,1,10,1,21
M0076,2024-01,7,27,2,22
M0472,2024-09,1,5,0,17
M0090,2024-08,16,111,5,18
M0454,2024-01,2,3,0,20
M0585,2024-02,10,41,2,16
M0100,2024-03,0,1,0,28
M0216,2024-01,1,2,0,16
M0068,2024-09,26,194,16,22
M0136,2024-11,13,80,4,23
M0008,2024-09,1,2,0,20
M0169,2024-04,1,3,0,15
M0544,2024-04,19,47,7,15
M0024,2024-04,1,5,0,19
M0378,2024-01,7,29,2,15
M0139,2024-04,1,5,1,16
M0504,2024-08,0,4,1,12
M0057,2024-02,1,3,0,23
M0091,2024-06,13,62,11,18
M0258,2024-11,1,6,1,21
M0212,2024-04,0,2,0,24
M0019,2024-11,0,4,0,13
M0350,2024-06,20,29,7,62
M0286,2024-03,0,1,0,14
M0451,2024-05,2,5,1,22
M0023,2024-11,0,2,0,15
M0198,2024-12,3,14,1,13
M0074,2024-04,1,8,0,17
M0584,2024-08,1,3,1,19
M0496,2024-09,13,28,5,49
M0218,2024-12,1,6,0,26
M0433,2024-11,1,3,0,24
M0045,2024-03,0,2,0,22
M0185,2024-11,3,18,2,19
M0013,2024-05,0,1,0,11
M0299,2024-08,7,29,3,18
M0257,2024-09,8,12,5,67
M0490,2024-08,3,5,1,16
M0045,2024-07,1,2,0,12
M0546,2024-01,2,9,1,14
M0377,2024-02,1,4,0,20
M0545,2024-08,1,2,0,12
M0583,2024-12,1,6,0,27
M0072,2024-09,1,8,0,20
M0425,2024-10,6,22,1,18
M0277,2024-11,5,23,2,18
M0032,2024-04,2,19,1,15
M0267,2024-02,1,6,0,20
M0600,2024-11,0,2,0,14
M0187,2024-05,2,9,1,22
M0260,2024-03,1,4,0,17
M0093,2024-09,0,1,0,6
M0058,2024-02,1,3,0,17
M0132,2024-03,0,2,0,16
M0226,2024-09,0,2,0,16
M0321,2024-08,3,14,1,23
M0540,2024-10,1,3,0,23
M0582,2024-10,6,35,4,19
M0311,2024-11,9,34,3,14
M0486,2024-02,1,2,0,16
M0187,2024-01,1,6,1,24
M0169,2024-05,1,3,0,16
M0118,2024-12,1,18,2,14
M0055,2024-11,81,264,77,51
M0481,2024-12,16,33,7,37
M0510,2024-12,48,281,36,9
M0332,2024-06,1,5,0,23
M0045,2024-06,1,2,0,15
M0203,2024-03,2,8,1,19
M0337,2024-11,14,44,7,19
M0011,2024-04,1,4,0,13
M0248,2024-09,0,2,0,13
M0423,2024-02,18,92,7,27
M0078,2024-02,47,219,20,26
M0203,2024-05,1,8,1,17
M0540,2024-01,1,3,0,27
M0252,2024-12,13,41,5,19
M0393,2024-11,0,2,0,6
M0291,2024-04,2,13,0,19
M0432,2024-02,0,2,0,32
M0578,2024-06,1,3,0,24
M0592,2024-06,2,7,0,18
M0109,2024-10,1,9,0,26
M0439,2024-01,1,3,0,28
M0333,2024-02,0,1,0,15
M0192,2024-11,0,1,0,32
M0527,2024-08,1,22,2,15
M0237,2024-01,1,5,0,17
M0569,2024-09,5,18,3,19
M0117,2024-06,1,6,1,27
M0217,2024-11,7,24,2,15
M0306,2024-04,1,2,0,23
M0435,2024-01,52,140,8,19
M0546,2024-12,5,16,2,16
M0237,2024-07,1,3,1,20
M0577,2024-08,1,4,0,12
M0567,2024-02,6,32,2,22
M0452,2024-05,0,2,0,12
M0230,2024-10,1,4,0,14
M0196,2024-08,0,2,0,15
M0405,2024-06,1,9,0,23
M0553,2024-04,3,3,2,56
M0200,2024-05,7,13,4,60
M0449,2024-07,2,8,1,24
M0302,2024-02,0,1,0,15
M0250,2024-08,0,4,0,14
M0388,2024-01,0,1,0,16
M0252,2024-07,13,49,6,19
M0431,2024-05,0,4,0,24
M0358,2024-06,4,8,2,51
M0426,2024-07,0,2,0,19
M0295,2024-09,10,21,3,14
M0538,2024-02,6,25,3,16
M0216,2024-12,3,5,1,26
M0038,2024-11,1,4,1,20
M0390,2024-12,2,7,1,18
M0556,2024-04,1,4,0,28
M0002,2024-11,3,30,2,18
M0045,2024-09,1,2,0,16
M0109,2024-06,1,7,0,24
M0371,2024-03,0,2,0,15
M0304,2024-10,2,5,1,43
M0114,2024-06,1,1,0,11
M0257,2024-02,5,9,2,60
M0528,2024-01,1,5,0,28
M0090,2024-03,22,116,4,14
M0096,2024-09,1,3,0,17
M0141,2024-03,4,9,3,57
M0353,2024-09,0,3,0,16
M0235,2024-04,2,15,1,16
M0050,2024-09,0,2,0,21
M0328,2024-12,26,60,13,38
M0411,2024-10,1,5,0,28
M0491,2024-09,1,7,0,20
M0396,2024-07,31,184,27,21
M0435,2024-07,46,112,6,20
M0586,2024-10,0,2,0,26
M0179,2024-08,17,85,11,19
M0600,2024-07,1,2,0,17
M0506,2024-12,7,22,2,17
M0259,2024-02,0,3,1,16
M0084,2024-08,4,8,1,24
M0095,2024-04,11,20,1,22
M0398,2024-04,8,33,3,26
M0144,2024-09,2,5,0,19
M0555,2024-06,5,41,4,20
M0126,2024-11,2,6,1,21
M0245,2024-02,0,7,0,13
M0325,2024-09,4,49,2,16
M0202,2024-11,5,17,4,50
M0252,2024-09,11,34,4,18
M0596,2024-08,2,8,1,29
M0264,2024-08,1,7,1,22
M0020,2024-01,9,27,3,22
M0037,2024-03,12,41,3,26
M0563,2024-07,7,36,5,23
M0517,2024-10,2,7,0,22
M0512,2024-11,21,242,33,17
M0283,2024-01,1,6,0,12
M0322,2024-10,0,1,0,11
M0307,2024-05,1,5,1,16
M0108,2024-08,5,13,2,59
M0405,2024-11,1,5,0,23
M0178,2024-12,1,9,1,18
M0497,2024-07,1,13,1,11
M0165,2024-11,7,54,4,20
M0498,2024-01,1,3,0,26
M0222,2024-03,0,1,0,16
M0215,2024-09,2,4,0,17
M0334,2024-03,7,37,3,21
M0561,2024-01,1,3,0,19
M0578,2024-12,1,2,0,22
M0555,2024-03,7,45,4,31
M0315,2024-05,1,2,0,20
M0523,2024-08,1,4,0,17
M0572,2024-11,6,28,2,19
M0106,2024-10,37,64,9,17
M0003,2024-10,1,7,0,22
M0079,2024-01,1,7,0,22
M0290,2024-10,5,22,3,10
M0223,2024-07,1,4,0,21
M0082,2024-12,1,3,0,14
M0448,2024-12,1,8,0,20
M0208,2024-03,68,223,20,19
M0031,2024-12,6,45,2,21
M0362,2024-08,1,2,1,42
M0188,2024-12,6,28,4,20
M0600,2024-02,1,3,0,17
M0486,2024-10,1,4,0,21
M0160,2024-04,4,20,1,12
M0083,2024-10,3,6,1,17
M0406,2024-02,0,4,1,17
M0130,2024-01,1,4,0,26
M0380,2024-01,0,1,0,11
M0098,2024-09,1,7,0,20
M0403,2024-08,1,6,0,15
M0467,2024-10,2,8,1,24
M0564,2024-12,1,6,0,17
M0308,2024-09,37,81,13,35
M0207,2024-03,1,3,0,17
M0211,2024-05,0,1,0,20
M0555,2024-01,7,42,4,29
M0004,2024-06,119,420,48,42
M0366,2024-10,1,5,0,21
M0533,2024-06,1,1,0,34
M0154,2024-01,1,5,1,15
M0388,2024-09,0,1,0,14
M0454,2024-07,2,4,0,23
M0468,2024-04,110,374,84,33
M0371,2024-01,0,2,0,20
M0453,2024-03,6,12,1,17
M0165,2024-12,9,58,6,26
M0362,2024-11,1,3,1,41
M0418,2024-07,2,15,2,16
M0459,2024-02,0,2,0,18
M0201,2024-12,1,6,0,23
M0156,2024-11,2,12,2,33
M0090,2024-10,18,103,8,17
M0459,2024-10,0,2,0,16
M0194,2024-02,1,3,0,27
M0535,2024-01,4,31,4,13
M0369,2024-04,1,5,0,21
M0141,2024-04,5,10,3,62
M0477,2024-07,1,3,0,22
M0419,2024-09,24,33,13,62
M0178,2024-09,1,7,1,20
M0117,2024-12,1,6,0,16
M0259,2024-11,1,4,1,19
M0564,2024-07,1,3,0,25
M0016,2024-12,1,7,0,22
M0018,2024-01,0,1,0,25
M0244,2024-11,3,25,3,18
M0419,2024-12,30,39,17,63
M0393,2024-09,0,2,0,3
M0208,2024-05,79,280,18,18
M0498,2024-04,0,3,0,28
M0407,2024-01,7,14,2,55
M0465,2024-07,3,11,1,17
M0486,2024-04,1,3,0,17
M0496,2024-06,1,4,0,18
M0356,2024-09,7,40,4,16
M0184,2024-02,5,8,3,61
M0341,2024-02,4,40,4,17
M0163,2024-12,9,62,3,20
M0265,2024-02,1,12,1,11
M0486,2024-08,1,5,1,32
M0537,2024-11,12,31,3,24
M0434,2024-10,0,1,0,21
M0017,2024-07,1,3,0,19
M0177,2024-10,2,8,0,26
M0337,2024-10,10,37,6,26
M0246,2024-11,2,2,0,24
M0586,2024-05,0,2,0,28
M0174,2024-12,2,3,0,22
M0530,2024-04,7,46,2,22
M0199,2024-09,35,179,9,16
M0069,2024-11,9,22,2,18
M0016,2024-09,1,4,0,15
M0170,2024-03,0,2,0,33
M0294,2024-10,1,2,1,46
M0253,2024-07,3,13,2,16
M0152,2024-02,1,4,0,18
M0302,2024-08,0,1,0,7
M0359,2024-09,1,5,0,13
M0531,2024-05,4,39,3,18
M0473,2024-11,1,3,0,22
M0483,2024-04,0,1,0,16
M0406,2024-05,0,4,1,20
M0470,2024-11,3,11,1,20
M0374,2024-11,0,2,0,11
M0008,2024-06,0,1,0,18
M0042,2024-01,5,15,2,23
M0529,2024-09,6,36,5,23
M0363,2024-01,1,3,1,14
M0075,2024-11,157,330,44,54
M0536,2024-07,2,12,2,17
M0389,2024-01,2,9,1,18
M0550,2024-08,1,5,1,19
M0287,2024-02,1,3,0,7
M0087,2024-07,0,2,0,24
M0460,2024-12,7,18,1,17
M0198,2024-05,1,7,0,12
M0208,2024-08,80,219,23,27
M0143,2024-05,20,58,7,20
M0304,2024-04,1,3,0,26
M0157,2024-05,3,16,1,5
M0414,2024-04,0,3,0,18
M0147,2024-01,1,6,1,16
M0525,2024-05,1,3,0,28
M0187,2024-07,2,10,1,21
M0196,2024-11,0,1,0,9
M0303,2024-07,2,6,0,23
M0032,2024-12,3,15,1,5
M0406,2024-11,0,3,1,22
M0164,2024-01,0,1,0,20
M0381,2024-02,0,1,0,14
M0347,2024-05,1,6,0,23
M0170,2024-09,0,2,0,30
M0522,2024-11,12,53,6,19
M0290,2024-03,5,22,2,10
M0367,2024-09,0,1,0,16
M0241,2024-01,0,6,0,17
M0356,2024-07,6,19,3,14
M0203,2024-08,1,8,1,15
M0366,2024-01,0,3,0,25
M0065,2024-03,1,4,0,15
M0343,2024-06,2,8,1,15
M0478,2024-06,0,1,0,25
M0427,2024-06,0,3,0,17
M0591,2024-03,2,5,1,55
M0071,2024-12,7,16,1,17
M0238,2024-06,1,3,0,25
M0284,2024-08,9,96,8,25
M0515,2024-01,6,30,2,24
M0313,2024-08,43,86,13,15
M0204,2024-12,2,7,0,23
M0073,2024-03,0,1,0,21
M0139,2024-07,1,3,1,16
M0487,2024-12,43,255,32,18
M0514,2024-09,0,1,0,11
M0124,2024-06,11,44,5,27
M0097,2024-08,1,3,0,28
M0091,2024-09,9,62,6,29
M0455,2024-03,0,2,0,2
M0470,2024-07,3,12,1,20
M0150,2024-11,32,217,13,19
M0314,2024-12,3,7,1,18
M0056,2024-06,2,5,1,23
M0027,2024-08,5,44,3,21
M0244,2024-12,3,23,3,14
M0596,2024-01,1,5,1,20
M0402,2024-09,0,1,0,16
M0255,2024-06,1,6,0,30
M0126,2024-07,1,5,1,22
M0582,2024-07,8,31,3,19
M0537,2024-01,16,32,3,20
M0599,2024-09,10,150,6,17
M0428,2024-04,0,1,0,18
M0469,2024-10,0,2,0,15
M0062,2024-04,2,7,1,22
M0286,2024-09,0,1,0,13
M0469,2024-02,0,2,0,11
M0423,2024-10,22,61,13,22
M0146,2024-01,7,29,3,19
M0154,2024-10,1,5,1,15
M0342,2024-09,6,20,4,14
M0487,2024-04,40,246,25,16
M0491,2024-12,2,6,0,16
M0235,2024-08,2,20,1,13
M0356,2024-05,10,20,3,13
M0434,2024-08,0,1,0,18
M0488,2024-03,13,54,11,21
M0202,2024-06,3,11,2,28
M0145,2024-03,51,168,15,17
M0513,2024-10,5,21,4,27
M0491,2024-10,2,7,0,24
M0268,2024-02,4,10,2,18
M0297,2024-05,1,5,0,24
M0485,2024-08,1,3,0,22
M0186,2024-01,1,6,0,22
M0424,2024-05,21,22,10,71
M0386,2024-08,0,2,0,21
M0562,2024-06,1,3,0,15
M0560,2024-11,1,3,0,13
M0571,2024-08,1,10,0,19
M0036,2024-08,21,193,12,23
M0148,2024-03,1,3,0,17
M0491,2024-02,2,6,0,18
M0287,2024-10,0,3,0,7
M0500,2024-05,4,22,1,18
M0579,2024-08,57,163,30,12
M0453,2024-09,5,13,1,15
M0305,2024-12,2,5,2,53
M0421,2024-09,6,17,2,22
M0407,2024-03,5,12,4,60
M0400,2024-12,0,3,0,14
M0509,2024-01,1,4,1,14
M0597,2024-10,1,2,0,13
M0103,2024-02,28,182,20,14
M0085,2024-01,5,9,3,52
M0060,2024-12,0,3,0,17
M0518,2024-02,1,3,0,16
M0225,2024-09,18,49,3,16
M0320,2024-09,2,14,2,21
M0267,2024-07,1,7,0,18
M0229,2024-11,2,11,1,16
M0080,2024-05,16,44,1,23
M0157,2024-03,4,12,1,7
M0364,2024-09,1,7,1,26
M0409,2024-10,1,4,0,30
M0198,2024-02,1,7,0,17
M0306,2024-09,1,3,0,19
M0064,2024-12,12,51,3,28
M0129,2024-04,1,4,0,12
M0074,2024-06,2,7,0,14
M0422,2024-04,6,9,2,51
M0405,2024-01,1,7,0,26
M0262,2024-08,0,1,0,17
M0224,2024-11,7,35,2,19
M0392,2024-03,2,26,1,20
M0569,2024-06,6,18,2,18
M0307,2024-02,1,4,0,17
M0396,2024-12,63,257,33,22
M0533,2024-02,0,0,0,24
M0196,2024-03,0,2,0,6
M0135,2024-09,1,5,0,21
M0054,2024-04,0,1,0,20
M0039,2024-06,8,47,7,24
M0142,2024-05,7,31,1,23
M0184,2024-09,5,7,2,60
M0249,2024-08,5,22,3,20
M0184,2024-01,4,9,3,65
M0438,2024-07,1,2,0,20
M0115,2024-05,8,31,3,27
M0238,2024-07,1,3,0,23
M0073,2024-09,0,1,0,19
M0202,2024-08,3,10,2,27
M0379,2024-09,36,210,25,15
M0502,2024-04,6,23,1,25
M0400,2024-06,0,3,0,19
M0281,2024-11,16,23,4,57
M0227,2024-06,5,16,1,33
M0027,2024-04,3,37,4,23
M0580,2024-05,2,8,1,31
M0086,2024-11,1,1,0,27
M0073,2024-07,1,2,0,25
M0439,2024-04,1,3,0,36
M0132,2024-04,0,1,0,14
M0570,2024-09,3,47,1,14
M0135,2024-08,1,5,0,15
M0313,2024-09,48,72,11,13
M0267,2024-01,1,7,0,27
M0056,2024-02,2,5,1,20
M0159,2024-03,7,38,6,19
M0563,2024-08,5,23,3,18
M0388,2024-06,0,2,0,17
M0109,2024-05,1,5,0,18
M0159,2024-02,3,26,3,14
M0029,2024-06,1,9,0,10
M0077,2024-05,1,1,0,19
M0092,2024-05,1,6,1,24
M0513,2024-11,5,29,3,24
M0281,2024-02,1,4,0,31
M0524,2024-09,1,4,1,16
M0286,2024-12,0,1,0,10
M0438,2024-09,1,5,1,13
M0493,2024-09,1,5,1,23
M0213,2024-05,1,4,0,29
M0002,2024-05,5,36,2,19
M0582,2024-05,6,20,3,18
M0349,2024-04,2,15,2,26
M0423,2024-05,25,116,10,21
M0167,2024-03,3,17,1,23
M0362,2024-10,1,2,1,44
M0536,2024-10,1,7,1,16
M0195,2024-03,2,6,1,20
M0179,2024-04,22,103,9,17
M0399,2024-08,1,5,0,22
M0014,2024-06,1,7,0,10
M0369,2024-12,1,10,1,18
M0481,2024-04,20,61,11,42
M0562,2024-05,1,3,1,25
M0421,2024-06,6,17,2,21
M0591,2024-02,3,4,1,56
M0163,2024-06,14,52,3,22
M0254,2024-06,2,14,1,23
M0542,2024-05,4,25,2,15
M0532,2024-08,32,58,20,40
M0060,2024-05,0,2,0,1
M0549,2024-05,5,44,5,18
M0549,2024-04,8,39,5,23
M0065,2024-04,1,3,0,25
M0325,2024-08,6,43,2,22
M0217,2024-05,5,20,2,21
M0369,2024-09,1,6,1,18
M0046,2024-08,1,5,0,24
M0371,2024-10,0,2,0,17
M0425,2024-06,8,37,2,17
M0298,2024-12,42,174,13,30
M0508,2024-08,19,75,10,16
M0207,2024-06,1,3,0,23
M0082,2024-09,1,3,0,14
M0001,2024-04,2,9,0,31
M0357,2024-10,5,53,7,17
M0533,2024-11,0,1,0,42
M0444,2024-02,1,7,0,21
M0255,2024-03,1,5,0,27
M0152,2024-10,1,4,0,9
M0107,2024-10,15,147,12,14
M0125,2024-04,1,7,1,11
M0325,2024-04,4,52,3,24
M0363,2024-02,1,2,1,18
M0182,2024-12,0,1,0,23
M0352,2024-07,5,29,4,24
M0037,2024-08,10,54,4,22
M0163,2024-07,9,47,2,18
M0104,2024-10,0,2,0,15
M0334,2024-12,8,36,3,19
M0092,2024-10,1,3,0,24
M0279,2024-03,2,5,1,15
M0297,2024-03,1,3,0,23
M0536,2024-05,1,6,2,18
M0078,2024-10,69,172,12,20
M0557,2024-07,1,8,1,14
M0589,2024-02,4,10,2,14
M0529,2024-11,9,40,6,20
M0115,2024-06,9,34,2,27
M0070,2024-08,58,142,13,48
M0391,2024-09,6,84,6,10
M0345,2024-02,9,43,4,22
M0207,2024-08,1,3,0,22
M0209,2024-02,1,3,0,21
M0432,2024-11,0,3,0,35
M0012,2024-01,1,6,0,21
M0446,2024-07,1,8,0,26
M0410,2024-12,4,26,4,18
M0405,2024-04,1,7,0,25
M0338,2024-01,1,6,1,15
M0504,2024-02,0,2,0,16
M0263,2024-11,1,4,0,20
M0295,2024-07,12,35,3,14
M0272,2024-11,1,3,0,26
M0443,2024-04,1,7,0,23
M0195,2024-02,1,6,1,26
M0050,2024-05,0,2,0,19
M0307,2024-11,1,4,1,20
M0093,2024-04,0,1,0,11
M0029,2024-10,1,15,0,20
M0123,2024-12,13,83,3,16
M0070,2024-11,60,190,23,52
M0072,2024-07,2,10,0,23
M0239,2024-03,1,4,0,14
M0232,2024-02,0,1,0,15
M0271,2024-04,1,3,0,20
M0199,2024-01,30,223,9,12
M0101,2024-01,11,19,4,22
M0512,2024-05,11,137,20,16
M0590,2024-04,1,6,1,24
M0331,2024-04,1,3,0,11
M0481,2024-11,19,53,7,38
M0583,2024-09,1,5,0,22
M0268,2024-06,4,10,2,20
M0209,2024-07,1,3,0,19
M0393,2024-08,0,2,0,10
M0051,2024-10,5,12,4,59
M0394,2024-03,2,5,0,17
M0468,2024-02,174,261,92,45
M0025,2024-11,1,4,1,24
M0086,2024-05,1,2,0,27
M0094,2024-03,1,7,1,14
M0088,2024-07,7,38,3,23
M0364,2024-04,1,6,1,16
M0047,2024-01,6,8,2,46
M0358,2024-02,3,7,2,48
M0424,2024-01,11,10,8,59
M0573,2024-10,0,1,0,16
M0270,2024-01,0,1,0,18
M0212,2024-06,0,2,0,20
M0251,2024-03,1,6,1,15
M0442,2024-08,18,138,16,16
M0300,2024-03,43,122,31,14
M0526,2024-07,2,8,0,16
M0103,2024-04,27,164,24,18
M0551,2024-04,1,5,1,20
M0184,2024-12,7,7,5,67
M0055,2024-01,2,19,2,12
M0110,2024-03,2,4,0,26
M0337,2024-03,10,33,5,21
M0039,2024-09,9,26,4,27
M0294,2024-02,1,3,0,44
M0568,2024-10,1,4,0,16
M0360,2024-03,7,23,9,21
M0450,2024-01,7,17,3,28
M0534,2024-09,1,12,1,6
M0209,2024-10,1,3,0,20
M0403,2024-10,1,4,0,18
M0563,2024-02,8,50,5,22
M0299,2024-11,10,43,4,23
M0458,2024-09,43,165,14,12
M0536,2024-06,1,9,1,15
M0288,2024-04,1,16,1,23
M0543,2024-12,1,3,0,32
M0158,2024-09,5,19,2,15
M0482,2024-07,1,2,0,19
M0293,2024-11,6,48,5,13
M0093,2024-05,0,1,0,13
M0028,2024-01,2,8,1,24
M0031,2024-04,6,35,4,20
M0154,2024-05,1,5,0,14
M0388,2024-07,0,2,0,24
M0044,2024-08,42,57,18,70
M0376,2024-04,10,70,9,35
M0580,2024-01,1,4,0,16
M0355,2024-06,10,21,4,21
M0320,2024-12,3,12,2,23
M0485,2024-04,1,3,0,24
M0237,2024-12,1,4,0,23
M0440,2024-06,1,3,0,15
M0578,2024-10,1,2,0,19
M0308,2024-01,5,22,3,14
M0316,2024-11,4,14,2,21
M0013,2024-06,0,1,0,18
M0317,2024-06,1,6,1,29
M0384,2024-01,2,3,0,18
M0526,2024-08,2,8,0,20
M0343,2024-03,2,4,0,22
M0425,2024-02,7,21,1,21
M0107,2024-06,16,146,8,14
M0263,2024-02,1,3,0,13
M0172,2024-08,1,9,0,6
M0318,2024-01,3,19,2,19
M0083,2024-03,3,9,1,11
M0003,2024-01,1,4,0,20
M0220,2024-11,1,4,0,15
M0180,2024-12,21,32,7,24
M0496,2024-04,1,3,0,14
M0425,2024-11,8,26,1,24
M0356,2024-10,10,23,3,11
M0289,2024-05,2,17,2,18
M0562,2024-01,2,5,1,20
M0381,2024-01,0,1,0,9
M0517,2024-03,1,6,1,28
M0191,2024-11,1,4,0,20
M0161,2024-09,4,16,1,19
M0035,2024-04,1,3,0,17
M0582,2024-02,4,23,3,19
M0175,2024-12,3,41,3,18
M0536,2024-01,1,7,1,17
M0335,2024-09,0,3,0,23
M0438,2024-05,0,2,0,8
M0463,2024-10,1,8,0,24
M0389,2024-04,2,9,1,16
M0392,2024-10,15,105,6,19
M0586,2024-12,0,1,0,29
M0438,2024-12,0,2,0,15
M0365,2024-07,4,6,1,49
M0433,2024-04,1,3,0,26
M0409,2024-07,0,4,0,15
M0087,2024-02,0,1,0,24
M0272,2024-03,1,4,0,22
M0592,2024-10,2,9,1,15
M0093,2024-10,0,2,0,6
M0172,2024-03,1,5,0,4
M0523,2024-02,0,2,0,18
M0059,2024-11,1,4,0,22
M0407,2024-11,7,12,4,69
M0350,2024-02,15,21,8,66
M0216,2024-03,1,2,0,19
M0272,2024-05,1,5,0,32
M0381,2024-08,0,1,0,13
M0314,2024-08,4,11,2,26
M0095,2024-11,14,35,2,19
M0586,2024-02,0,2,0,31
M0571,2024-09,1,9,1,16
M0436,2024-11,0,3,0,14
M0047,2024-06,6,10,2,38
M0422,2024-12,5,11,1,41
M0311,2024-04,6,19,3,13
M0380,2024-06,0,1,0,17
M0388,2024-04,0,1,0,18
M0419,2024-08,19,51,12,50
M0087,2024-09,0,1,0,27
M0079,2024-03,1,6,0,20
M0224,2024-04,5,29,2,18
M0519,2024-02,0,1,0,12
M0414,2024-05,0,3,0,17
M0398,2024-09,6,24,2,19
M0403,2024-02,1,3,0,21
M0489,2024-03,2,7,1,18
M0414,2024-10,0,2,0,14
M0280,2024-12,20,29,9,59
M0520,2024-09,1,2,0,23
M0388,2024-05,0,2,0,17
M0501,2024-06,0,2,0,20
M0200,2024-10,10,13,5,65
M0330,2024-08,1,2,0,16
M0418,2024-06,2,14,2,17
M0016,2024-05,0,4,0,18
M0302,2024-12,0,1,0,14
M0488,2024-01,16,23,11,14
M0056,2024-05,1,5,1,16
M0033,2024-05,1,3,0,7
M0004,2024-03,52,280,28,38
M0190,2024-05,1,9,0,15
M0224,2024-09,7,30,1,16
M0295,2024-03,13,32,3,16
M0531,2024-06,3,35,3,18
M0344,2024-11,0,3,1,17
M0574,2024-02,5,13,1,25
M0327,2024-03,0,0,0,14
M0212,2024-02,0,1,0,15
M0008,2024-12,1,2,0,12
M0214,2024-04,78,277,13,36
M0555,2024-12,6,48,3,24
M0375,2024-02,2,11,1,15
M0156,2024-08,2,12,2,29
M0528,2024-08,1,4,0,17
M0408,2024-08,1,6,1,23
M0524,2024-11,1,4,1,18
M0053,2024-10,6,40,4,23
M0228,2024-08,1,3,0,22
M0523,2024-05,0,3,0,20
M0003,2024-06,1,6,0,22
M0102,2024-10,0,2,1,16
M0204,2024-01,1,5,0,26
M0131,2024-10,1,3,1,13
M0039,2024-10,9,17,4,29
M0052,2024-07,0,3,0,9
M0098,2024-03,1,8,1,25
M0451,2024-08,3,7,1,24
M0371,2024-12,0,1,0,15
M0403,2024-04,1,5,0,16
M0435,2024-03,44,128,4,14
M0153,2024-12,8,82,4,14
M0242,2024-06,1,3,0,16
M0324,2024-02,40,122,6,19
M0255,2024-10,1,3,0,21
M0470,2024-10,3,9,1,22
M0030,2024-05,1,6,0,15
M0240,2024-09,5,33,5,15
M0590,2024-10,1,4,1,19
M0331,2024-10,1,2,0,12
M0266,2024-06,5,18,1,22
M0125,2024-08,0,5,1,15
M0151,2024-10,1,2,0,25
M0585,2024-01,15,56,2,22
M0455,2024-08,0,3,0,5
M0382,2024-09,15,70,12,19
M0110,2024-01,1,5,1,18
M0437,2024-11,0,3,0,26
M0331,2024-11,1,2,0,17
M0283,2024-04,1,7,0,9
M0312,2024-03,1,4,0,25
M0111,2024-10,0,4,0,27
M0364,2024-12,1,11,1,21
M0277,2024-08,3,15,1,15
M0572,2024-02,9,32,2,17
M0184,2024-11,5,9,3,62
M0472,2024-11,1,9,1,22
M0498,2024-12,0,4,0,23
M0379,2024-05,28,143,10,8
M0331,2024-07,1,2,0,14
M0336,2024-05,1,6,0,20
M0122,2024-06,33,157,21,31
M0413,2024-09,44,199,25,25
M0459,2024-07,0,2,0,14
M0501,2024-05,0,2,0,19
M0495,2024-11,3,15,1,15
M0310,2024-12,1,5,1,14
M0532,2024-02,3,15,1,11
M0175,2024-03,3,38,3,16
M0562,2024-12,1,4,1,22
M0534,2024-08,1,9,1,5
M0116,2024-06,0,2,0,20
M0554,2024-08,4,45,4,25
M0404,2024-12,9,23,3,16
M0080,2024-02,13,28,2,22
M0364,2024-08,1,11,2,18
M0555,2024-10,7,45,3,29
M0429,2024-03,0,1,0,12
M0010,2024-06,1,4,0,14
M0598,2024-12,10,43,1,17
M0398,2024-02,7,22,3,18
M0374,2024-03,0,1,0,16
M0400,2024-09,1,5,0,19
M0109,2024-11,1,9,0,17
M0477,2024-01,1,2,0,20
M0269,2024-10,4,18,2,20
M0286,2024-11,0,1,0,9
M0043,2024-10,9,27,3,15
M0135,2024-01,1,6,1,21
M0324,2024-06,18,90,5,17
M0222,2024-02,0,2,0,15
M0427,2024-04,0,2,0,16
M0528,2024-09,1,5,1,25
M0137,2024-07,2,3,1,21
M0045,2024-05,1,2,0,17
M0589,2024-08,7,18,3,19
M0071,2024-02,6,13,1,11
M0118,2024-09,1,9,1,18
M0394,2024-10,1,5,0,16
M0481,2024-10,20,51,10,43
M0587,2024-06,1,7,0,6
M0187,2024-11,1,8,1,24
M0127,2024-09,0,1,0,19
M0358,2024-10,3,8,2,48
M0561,2024-12,2,7,0,14
M0236,2024-12,5,11,3,11
M0139,2024-01,1,7,1,23
M0435,2024-12,50,140,10,17
M0548,2024-03,0,3,0,17
M0288,2024-03,2,13,1,23
M0140,2024-04,2,20,2,21
M0305,2024-04,2,4,1,53
M0557,2024-05,2,8,0,22
M0281,2024-06,1,4,0,21
M0263,2024-09,1,5,0,18
M0168,2024-05,3,25,2,14
M0342,2024-07,5,29,3,15
M0367,2024-02,0,2,0,20
M0510,2024-03,57,256,29,12
M0082,2024-03,1,2,0,17
M0588,2024-09,1,7,1,7
M0266,2024-11,5,27,2,19
M0284,2024-01,15,157,9,29
M0083,2024-09,3,9,1,18
M0455,2024-09,0,3,0,7
M0220,2024-04,1,5,0,20
M0449,2024-05,2,11,1,29
M0021,2024-11,10,57,10,20
M0565,2024-11,1,9,0,15
M0258,2024-07,2,7,1,18
M0384,2024-04,2,5,0,27
M0254,2024-09,2,15,1,26
M0192,2024-04,0,1,0,30
M0025,2024-08,2,6,1,26
M0467,2024-04,1,6,1,21
M0396,2024-10,49,229,28,22
M0059,2024-12,1,5,0,23
M0533,2024-08,1,2,0,43
M0592,2024-07,2,7,0,13
M0439,2024-06,1,4,0,26
M0096,2024-10,0,2,0,17
M0331,2024-02,1,2,0,14
M0418,2024-10,1,8,1,11
M0234,2024-11,2,6,0,24
M0104,2024-04,0,2,0,20
M0070,2024-05,39,131,10,37
M0463,2024-11,2,7,0,23
M0562,2024-04,1,4,0,12
M0590,2024-07,1,7,1,27
M0239,2024-01,1,4,0,9
M0033,2024-01,1,4,0,12
M0237,2024-03,1,4,0,17
M0424,2024-03,12,21,6,64
M0113,2024-01,2,23,1,10
M0379,2024-04,23,148,17,8
M0448,2024-11,1,5,0,22
M0342,2024-04,3,20,3,16
M0557,2024-12,1,7,1,21
M0051,2024-09,7,16,3,57
M0227,2024-08,2,20,0,21
M0426,2024-10,0,2,0,21
M0395,2024-01,40,280,12,20
M0451,2024-12,3,8,1,18
M0395,2024-06,47,275,25,18
M0482,2024-06,1,2,0,15
M0110,2024-02,2,4,0,20
M0243,2024-05,1,4,0,19
M0527,2024-09,1,18,1,19
M0330,2024-03,1,3,0,27
M0285,2024-01,1,4,1,17
M0119,2024-05,0,4,0,19
M0495,2024-10,4,21,1,20
M0581,2024-09,3,25,2,14
M0049,2024-02,1,3,1,12
M0461,2024-03,10,25,5,23
M0116,2024-03,0,1,0,19
M0563,2024-09,6,24,5,23
M0262,2024-01,0,1,0,18
M0108,2024-03,3,6,1,50
M0179,2024-01,21,87,11,22
M0289,2024-07,2,13,3,16
M0427,2024-07,0,2,0,20
M0542,2024-12,4,35,3,17
M0362,2024-04,1,2,1,38
M0047,2024-03,6,10,1,53
M0221,2024-06,5,24,2,22
M0265,2024-05,1,14,1,17
M0351,2024-03,0,4,0,20
M0309,2024-04,1,2,0,16
M0112,2024-01,1,4,0,19
M0273,2024-04,1,5,0,10
M0261,2024-01,0,1,0,14
M0272,2024-02,1,4,0,26
M0392,2024-04,3,38,1,16
M0411,2024-06,1,4,0,26
M0397,2024-09,1,2,0,13
M0097,2024-03,0,2,0,21
M0472,2024-02,1,5,0,16
M0211,2024-06,0,1,0,19
M0408,2024-09,1,6,0,20
M0293,2024-05,4,31,4,20
M0004,2024-09,130,577,70,49
M0477,2024-11,1,4,0,24
M0124,2024-10,15,28,4,23
M0262,2024-03,0,1,0,17
M0588,2024-08,1,7,0,16
M0257,2024-11,8,10,2,58
M0052,2024-03,0,3,0,12
M0010,2024-11,1,5,0,17
M0234,2024-05,2,5,0,16
M0538,2024-10,6,26,4,10
M0254,2024-02,2,13,0,21
M0297,2024-04,2,6,0,25
M0283,2024-03,2,6,1,11
M0220,2024-09,1,5,0,17
M0129,2024-02,1,4,0,13
M0286,2024-07,0,1,0,15
M0037,2024-04,8,51,2,18
M0207,2024-10,1,3,0,22
M0212,2024-09,0,2,0,21
M0009,2024-01,1,3,0,11
M0329,2024-08,37,424,19,21
M0222,2024-11,0,2,0,13
M0594,2024-10,0,2,0,17
M0431,2024-09,0,3,0,27
M0371,2024-05,0,2,0,18
M0438,2024-10,1,5,1,15
M0132,2024-12,1,4,0,13
M0122,2024-11,62,230,33,50
M0298,2024-01,28,126,11,27
M0240,2024-05,5,46,4,15
M0154,2024-09,1,5,0,15
M0313,2024-05,59,83,13,22
M0322,2024-01,0,1,0,15
M0415,2024-09,66,339,41,24
M0192,2024-05,0,1,0,32
M0311,2024-06,7,27,3,17
M0495,2024-03,5,18,1,23
M0102,2024-06,1,2,0,17
M0034,2024-06,24,105,16,24
M0023,2024-09,0,1,0,15
M0150,2024-06,43,258,15,17
M0023,2024-08,0,1,0,13
M0100,2024-07,1,2,0,24
M0395,2024-07,75,353,26,23
M0581,2024-12,2,26,2,12
M0208,2024-06,56,239,22,18
M0231,2024-04,4,19,1,23
M0285,2024-09,2,6,1,18
M0270,2024-10,0,1,0,21
M0151,2024-01,1,2,0,21
M0265,2024-10,0,8,1,17
M0225,2024-12,16,100,6,26
M0123,2024-10,15,60,3,22
M0120,2024-02,7,30,4,16
M0308,2024-03,16,39,5,22
M0050,2024-03,0,1,0,14
M0567,2024-07,4,24,1,17
M0525,2024-12,2,5,1,23
M0577,2024-12,1,4,0,17
M0161,2024-08,6,25,1,20
M0005,2024-12,1,3,1,20
M0204,2024-06,2,4,0,18
M0301,2024-01,0,2,0,17
M0151,2024-12,1,3,0,23
M0509,2024-12,1,4,1,10
M0043,2024-01,10,27,3,16
M0086,2024-07,1,3,0,22
M0193,2024-02,1,2,0,18
M0433,2024-07,2,5,0,24
M0516,2024-08,1,6,0,24
M0448,2024-08,2,9,0,27
M0487,2024-06,47,206,34,17
M0247,2024-03,20,66,15,14
M0364,2024-06,2,8,1,22
M0080,2024-06,14,34,2,21
M0371,2024-04,0,2,0,12
M0599,2024-01,7,136,5,17
M0405,2024-09,1,6,1,27
M0417,2024-01,7,34,1,20
M0357,2024-05,5,46,4,16
M0433,2024-08,2,4,0,19
M0194,2024-07,1,4,1,22
M0412,2024-01,7,26,2,24
M0591,2024-08,2,3,1,53
M0469,2024-03,1,2,0,17
M0451,2024-02,4,6,1,18
M0020,2024-05,7,17,4,19
M0244,2024-06,3,24,2,20
M0555,2024-05,6,40,4,24
M0152,2024-04,1,4,0,17
M0112,2024-04,1,6,0,19
M0339,2024-04,10,38,4,25
M0366,2024-04,1,3,0,21
M0110,2024-05,1,3,0,18
M0129,2024-10,1,4,0,6
M0338,2024-08,9,24,2,38
M0509,2024-05,1,5,1,16
M0120,2024-09,6,38,5,18
M0135,2024-02,1,6,0,15
M0125,2024-01,1,5,1,16
M0522,2024-10,13,52,4,19
M0174,2024-09,2,6,1,18
M0433,2024-01,1,3,0,21
M0069,2024-07,7,15,2,23
M0230,2024-03,1,4,0,21
M0553,2024-12,2,3,1,47
M0017,2024-10,1,2,0,20
M0174,2024-03,2,4,0,14
M0304,2024-03,1,2,0,27
M0131,2024-01,1,3,1,12
M0240,2024-03,5,35,4,16
M0293,2024-04,3,24,4,16
M0460,2024-10,3,11,1,11
M0135,2024-05,1,5,1,21
M0525,2024-04,1,3,0,20
M0331,2024-09,1,3,0,12
M0533,2024-04,0,1,0,22
M0206,2024-06,7,36,4,17
M0419,2024-05,23,38,18,56
M0387,2024-03,11,35,4,21
M0011,2024-07,1,4,0,18
M0158,2024-03,7,25,2,16
M0036,2024-03,20,94,10,18
M0565,2024-08,1,8,0,26
M0514,2024-04,0,1,0,11
M0474,2024-06,4,7,2,30
M0581,2024-10,2,21,1,7
M0522,2024-01,11,51,6,11
M0111,2024-05,1,3,0,19
M0069,2024-04,9,24,2,23
M0052,2024-01,0,2,0,10
M0522,2024-12,12,47,5,19
M0121,2024-10,0,2,0,19
M0436,2024-08,1,4,0,24
M0223,2024-12,1,4,0,25
M0215,2024-11,2,5,0,24
M0409,2024-11,1,5,0,15
M0553,2024-05,2,3,1,43
M0373,2024-06,4,22,1,19
M0336,2024-09,1,6,1,18
M0242,2024-01,0,2,0,22
M0301,2024-10,1,3,0,24
M0589,2024-07,5,12,2,19
M0361,2024-03,7,14,3,22
M0415,2024-03,43,211,23,23
M0188,2024-03,6,29,3,16
M0298,2024-10,32,168,14,25
M0541,2024-06,2,14,2,29
M0584,2024-12,1,5,1,26
M0583,2024-04,1,5,0,24
M0112,2024-06,1,4,0,14
M0086,2024-09,1,2,0,26
M0308,2024-07,28,69,10,26
M0254,2024-11,2,15,1,19
M0300,2024-10,55,188,16,15
M0529,2024-01,5,36,4,18
M0473,2024-05,1,2,0,24
M0357,2024-09,5,51,4,12
M0232,2024-04,0,1,0,18
M0221,2024-11,7,27,2,27
M0511,2024-06,2,8,1,27
M0291,2024-06,1,8,0,14
M0020,2024-02,7,27,4,17
M0427,2024-10,0,2,0,18
M0058,2024-06,1,5,1,20
M0106,2024-12,34,73,7,20
M0149,2024-05,4,8,1,17
M0297,2024-02,1,4,0,19
M0264,2024-03,1,9,1,15
M0320,2024-03,3,12,1,21
M0165,2024-02,4,22,3,15
M0501,2024-11,0,1,0,18
M0396,2024-02,53,231,23,16
M0300,2024-05,45,126,28,14
M0433,2024-09,1,4,0,23
M0547,2024-12,3,7,1,25
M0301,2024-11,1,2,0,19
M0303,2024-06,2,6,0,19
M0375,2024-12,2,15,1,18
M0339,2024-02,6,34,3,26
M0126,2024-04,1,4,1,21
M0449,2024-06,2,14,1,24
M0355,2024-01,9,13,3,22
M0543,2024-11,0,3,0,30
M0246,2024-06,2,4,0,21
M0075,2024-05,5,31,1,20
M0531,2024-02,3,33,4,23
M0277,2024-02,2,11,1,18
M0062,2024-03,2,6,1,21
M0451,2024-06,3,6,1,18
M0044,2024-01,40,51,22,59
M0130,2024-10,1,6,0,32
M0202,2024-03,1,9,1,20
M0469,2024-05,0,2,0,18
M0278,2024-09,0,1,0,26
M0540,2024-05,1,3,0,24
M0426,2024-05,0,2,0,19
M0087,2024-01,0,1,0,22
M0173,2024-01,1,2,0,16
M0239,2024-12,1,3,0,12
M0269,2024-08,5,24,2,23
M0576,2024-07,4,40,2,16
M0483,2024-01,0,2,0,16
M0061,2024-01,0,2,0,22
M0262,2024-07,0,1,0,18
M0519,2024-11,0,0,0,11
M0335,2024-04,1,3,0,17
M0534,2024-07,1,10,1,6
M0565,2024-10,1,6,0,15
M0176,2024-07,2,15,1,20
M0195,2024-08,2,8,1,20
M0069,2024-10,10,28,2,16
M0360,2024-10,5,27,6,18
M0532,2024-10,60,110,26,36
M0477,2024-08,1,4,0,24
M0097,2024-02,0,1,0,17
M0336,2024-06,1,6,1,18
M0073,2024-04,0,1,0,19
M0447,2024-09,1,3,0,15
M0177,2024-09,1,9,0,20
M0566,2024-04,32,68,8,53
M0197,2024-11,12,42,2,25
M0580,2024-04,1,7,1,24
M0579,2024-10,38,147,27,16
M0358,2024-09,3,8,1,43
M0493,2024-04,1,4,0,27
M0136,2024-03,7,30,2,20
M0094,2024-11,1,11,2,12
M0320,2024-05,3,12,2,21
M0597,2024-12,1,2,0,21
M0235,2024-07,2,19,1,12
M0463,2024-08,2,8,1,26
M0190,2024-08,1,9,1,16
M0076,2024-03,11,30,2,24
M0041,2024-11,7,26,3,24
M0454,2024-02,1,4,0,22
M0347,2024-11,1,7,1,20
M0126,2024-10,1,5,1,16
M0374,2024-12,0,1,0,8
M0410,2024-10,4,24,4,22
M0447,2024-06,1,4,0,17
M0034,2024-02,18,75,13,18
M0490,2024-02,2,6,1,17
M0137,2024-08,1,6,1,24
M0502,2024-10,5,21,2,23
M0052,2024-05,0,2,0,9
M0197,2024-01,11,51,1,22
M0317,2024-12,1,8,1,26
M0333,2024-09,0,1,0,14
M0344,2024-10,0,2,1,16
M0368,2024-05,10,124,6,16
M0141,2024-09,5,11,3,66
M0411,2024-11,1,5,0,21
M0591,2024-10,2,5,1,52
M0017,2024-12,1,3,0,27
M0520,2024-11,1,2,0,23
M0553,2024-01,2,4,1,46
M0141,2024-10,5,7,3,65
M0282,2024-10,1,4,0,20
M0276,2024-11,2,6,0,18
M0211,2024-01,0,1,0,22
M0547,2024-06,2,4,0,13
M0202,2024-01,1,6,0,10
M0466,2024-04,4,33,2,28
M0366,2024-09,0,4,0,20
M0473,2024-07,1,4,0,25
M0138,2024-02,1,3,0,26
M0177,2024-08,2,7,0,24
M0461,2024-12,10,38,5,23
M0502,2024-03,4,24,3,26
M0075,2024-03,4,25,2,17
M0119,2024-08,0,4,0,18
M0339,2024-08,9,50,4,26
M0252,2024-05,10,30,3,15
M0129,2024-01,1,4,0,16
M0488,2024-06,18,98,21,16
M0376,2024-05,10,49,7,25
M0042,2024-09,7,26,4,22
M0554,2024-06,2,25,3,24
M0257,2024-10,4,9,3,59
M0292,2024-06,11,41,3,21
M0197,2024-12,10,56,2,30
M0553,2024-02,2,4,1,47
M0002,2024-02,4,22,2,25
M0507,2024-01,6,28,4,19
M0471,2024-05,1,4,0,19
M0563,2024-06,6,40,4,20
M0468,2024-01,171,321,129,44
M0127,2024-10,1,1,0,26
M0230,2024-01,1,5,0,11
M0424,2024-10,16,13,6,60
M0246,2024-10,2,3,0,22
M0344,2024-06,0,3,1,17
M0196,2024-02,0,2,0,7
M0112,2024-11,1,6,0,16
M0481,2024-07,14,41,7,39
M0441,2024-02,9,49,3,19
M0299,2024-09,8,37,4,22
M0316,2024-06,3,11,1,23
M0078,2024-05,38,210,18,19
M0205,2024-03,1,3,0,19
M0570,2024-01,3,40,1,15
M0084,2024-03,3,7,1,25
M0232,2024-01,0,1,0,18
M0198,2024-04,2,7,1,12
M0461,2024-02,10,24,3,22
M0016,2024-11,0,5,0,17
M0534,2024-06,1,12,1,7
M0379,2024-12,19,104,10,12
M0453,2024-12,7,40,2,25
M0130,2024-11,1,8,0,32
M0117,2024-04,1,9,0,22
M0223,2024-11,1,4,0,27
M0594,2024-09,1,3,0,19
M0348,2024-09,1,5,0,23
M0206,2024-11,5,28,2,15
M0588,2024-12,1,3,0,16
M0279,2024-02,2,7,1,15
M0248,2024-01,0,1,0,15
M0257,2024-12,13,9,4,66
M0408,2024-10,1,8,1,24
M0242,2024-11,0,3,0,18
M0499,2024-12,6,24,2,27
M0228,2024-10,0,2,0,17
M0306,2024-07,1,2,0,22
M0005,2024-03,1,2,1,21
M0261,2024-06,0,2,0,21
M0424,2024-09,13,24,9,58
M0021,2024-05,12,55,9,12
M0214,2024-08,66,223,15,25
M0139,2024-10,1,7,1,17
M0528,2024-10,1,6,0,20
M0095,2024-05,10,24,1,23
M0065,2024-07,1,4,0,21
M0305,2024-07,2,5,1,57
M0025,2024-09,1,4,1,24
M0565,2024-07,1,9,0,18
M0170,2024-05,0,2,0,33
M0134,2024-03,0,4,0,17
M0345,2024-10,8,31,4,23
M0214,2024-10,68,244,14,26
M0394,2024-12,2,5,0,17
M0029,2024-05,1,11,0,14
M0013,2024-03,0,1,0,15
M0586,2024-08,1,3,0,39
M0432,2024-06,0,3,0,30
M0479,2024-03,4,15,1,5
M0217,2024-10,5,21,2,23
M0375,2024-07,2,9,1,17
M0168,2024-04,5,24,1,20
M0236,2024-11,3,8,2,11
M0563,2024-05,6,25,4,22
M0240,2024-12,5,42,5,13
M0521,2024-10,5,29,3,12
M0323,2024-05,1,7,1,22
M0018,2024-03,0,1,0,20
M0103,2024-06,45,229,42,21
M0097,2024-01,0,2,0,22
M0281,2024-01,1,4,0,20
M0531,2024-10,3,34,3,17
M0287,2024-06,1,3,0,12
M0154,2024-02,1,3,1,21
M0569,2024-01,4,11,2,12
M0076,2024-12,12,61,4,24
M0574,2024-08,7,18,1,31
M0262,2024-02,0,1,0,15
M0179,2024-03,27,75,10,23
M0435,2024-08,54,105,8,12
M0182,2024-06,0,2,0,24
M0096,2024-03,0,1,0,15
M0434,2024-04,0,1,0,23
M0567,2024-08,5,24,2,20
M0245,2024-12,0,6,0,15
M0352,2024-04,3,18,2,22
M0153,2024-04,6,52,2,17
M0032,2024-07,3,15,1,15
M0365,2024-01,3,5,1,46
M0259,2024-10,1,3,1,16
M0469,2024-07,1,2,0,18
M0597,2024-03,1,2,0,24
M0468,2024-03,140,350,83,35
M0093,2024-02,0,1,0,10
M0407,2024-10,8,11,5,66
M0347,2024-06,1,5,0,19
M0395,2024-05,59,233,23,24
M0525,2024-07,1,4,0,29
M0510,2024-09,50,174,33,16
M0561,2024-09,1,4,0,20
M0320,2024-01,2,14,2,20
M0045,2024-12,1,3,0,17
M0445,2024-01,0,1,0,16
M0468,2024-12,99,226,106,38
M0045,2024-01,1,2,0,20
M0042,2024-03,5,17,2,24
M0153,2024-05,5,47,3,15
M0390,2024-10,1,8,0,22
M0223,2024-06,1,4,0,19
M0216,2024-04,1,3,0,18
M0244,2024-02,4,21,1,18
M0541,2024-10,2,14,1,28
M0037,2024-02,9,37,2,20
M0222,2024-09,0,1,0,18
M0162,2024-10,2,37,1,21
M0025,2024-07,2,5,1,19
M0034,2024-03,26,77,12,19
M0293,2024-10,5,41,4,20
M0267,2024-08,5,35,1,33
M0404,2024-02,5,10,2,13
M0456,2024-08,0,2,0,22
M0014,2024-02,1,8,0,13
M0054,2024-10,0,2,0,18
M0334,2024-11,9,34,3,17
M0593,2024-08,6,17,2,24
M0527,2024-07,2,27,2,18
M0514,2024-01,0,1,0,10
M0172,2024-02,1,9,0,7
M0161,2024-01,3,16,1,21
M0377,2024-06,2,5,0,18
M0221,2024-12,4,20,1,19
M0495,2024-02,4,11,1,19
M0415,2024-06,75,337,47,26
M0307,2024-06,1,5,1,16
M0062,2024-10,1,5,1,25
M0084,2024-11,2,7,1,16
M0095,2024-08,11,33,1,20
M0375,2024-06,2,12,1,16
M0538,2024-05,7,25,3,13
M0335,2024-07,0,3,0,14
M0476,2024-04,0,2,0,18
M0403,2024-05,1,4,0,21
M0372,2024-08,0,2,0,15
M0472,2024-06,1,5,0,11
M0570,2024-08,3,35,1,13
M0401,2024-08,2,5,0,24
M0484,2024-06,41,76,14,24
M0132,2024-07,0,2,0,10
M0256,2024-04,1,4,0,17
M0081,2024-06,3,18,2,26
M0547,2024-04,2,4,0,19
M0556,2024-01,1,5,1,25
M0090,2024-11,23,151,7,19
M0363,2024-07,1,6,1,23
M0388,2024-03,0,1,0,17
M0386,2024-09,0,1,0,18
M0028,2024-10,2,7,1,25
M0428,2024-03,0,1,0,11
M0496,2024-10,12,23,5,60
M0517,2024-12,2,8,1,29
M0281,2024-08,9,8,3,54
M0077,2024-11,1,2,0,17
M0413,2024-12,96,316,55,21
M0034,2024-07,26,95,8,16
M0105,2024-04,0,2,0,18
M0400,2024-02,0,3,0,16
M0421,2024-05,5,15,2,22
M0282,2024-07,1,8,0,22
M0415,2024-07,89,498,45,24
M0034,2024-12,31,112,18,23
M0109,2024-01,1,5,0,25
M0557,2024-06,2,8,1,15
M0105,2024-12,0,2,0,14
M0198,2024-01,2,9,1,13
M0092,2024-11,1,5,1,18
M0159,2024-12,6,40,5,14
M0282,2024-08,1,5,0,23
M0324,2024-05,38,130,7,23
M0085,2024-09,6,13,3,58
M0052,2024-04,1,3,0,7
M0027,2024-02,4,31,3,19
M0192,2024-10,0,1,0,29
M0057,2024-08,1,5,0,20
M0386,2024-12,0,2,0,9
M0267,2024-04,1,6,0,12
M0136,2024-02,5,37,2,19
M0072,2024-08,2,11,1,26
M0169,2024-07,1,2,0,16
M0174,2024-02,1,3,1,15
M0565,2024-04,1,9,1,17
M0512,2024-02,10,116,19,13
M0467,2024-08,2,10,1,27
M0574,2024-01,4,14,1,25
M0546,2024-03,4,12,1,18
M0298,2024-07,46,215,17,24
M0098,2024-08,0,6,1,20
M0491,2024-05,1,6,0,17
M0097,2024-12,0,3,0,23
M0597,2024-07,1,3,0,21
M0292,2024-09,12,39,4,25
M0354,2024-02,1,6,1,23
M0392,2024-01,2,29,1,16
M0268,2024-10,4,7,2,23
M0447,2024-10,1,4,0,12
M0107,2024-12,28,209,22,20
M0125,2024-10,1,6,1,15
M0575,2024-10,1,8,1,26
M0045,2024-04,0,2,0,19
M0375,2024-10,3,9,1,20
M0194,2024-05,1,4,0,22
M0240,2024-04,6,35,5,13
M0235,2024-12,3,27,1,16
M0224,2024-08,6,19,1,17
M0539,2024-05,9,63,4,17
M0154,2024-12,1,5,1,14
M0341,2024-09,6,40,4,20
M0054,2024-01,0,1,0,20
M0228,2024-06,1,2,0,13
M0521,2024-08,7,34,4,20
M0155,2024-11,4,15,3,22
M0537,2024-07,10,26,4,16
M0558,2024-12,2,10,1,16
M0118,2024-07,1,12,2,21
M0280,2024-06,17,34,10,61
M0362,2024-03,1,2,0,42
M0352,2024-09,4,21,2,21
M0543,2024-01,0,2,0,36
M0465,2024-10,6,11,2,23
M0256,2024-07,1,6,0,18
M0088,2024-11,6,34,5,24
M0110,2024-06,1,4,0,24
M0250,2024-03,0,6,1,24
M0409,2024-12,1,4,0,18
M0201,2024-01,1,5,0,25
M0236,2024-02,3,13,2,12
M0335,2024-01,0,3,0,19
M0090,2024-04,16,129,7,14
M0477,2024-02,1,3,0,20
M0342,2024-11,8,41,5,18
M0551,2024-09,1,4,1,17
M0385,2024-09,2,8,1,17
M0005,2024-09,1,2,0,18
M0280,2024-05,12,24,7,53
M0189,2024-08,12,143,4,18
M0161,2024-05,4,16,1,20
M0499,2024-06,6,29,2,35
M0433,2024-10,1,3,0,22
M0361,2024-02,5,13,3,15
M0479,2024-05,3,10,1,10
M0317,2024-02,1,8,1,24
M0546,2024-09,3,14,2,19
M0248,2024-07,0,2,0,12
M0391,2024-06,8,82,8,8
M0478,2024-03,0,2,0,31
M0422,2024-11,6,13,3,48
M0099,2024-10,30,163,31,18
M0561,2024-07,1,5,0,20
M0338,2024-02,2,7,1,22
M0528,2024-02,1,5,1,26
M0282,2024-03,1,3,0,10
M0283,2024-07,1,9,0,12
M0378,2024-10,19,119,7,16
M0030,2024-11,1,5,0,15
M0275,2024-05,35,259,28,27
M0598,2024-02,4,18,1,20
M0379,2024-02,16,120,14,10
M0328,2024-07,20,75,11,38
M0057,2024-01,1,3,0,21
M0315,2024-07,1,2,0,13
M0398,2024-12,7,38,3,26
M0324,2024-09,68,188,10,19
M0146,2024-04,4,23,2,18
M0183,2024-01,2,7,0,22
M0025,2024-05,1,6,1,24
M0008,2024-02,1,2,0,19
M0516,2024-09,1,6,0,25
M0422,2024-03,5,11,2,40
M0079,2024-08,2,8,0,23
M0011,2024-11,1,3,1,21
M0366,2024-07,1,4,0,16
M0013,2024-12,1,2,0,18
M0127,2024-12,1,1,0,22
M0334,2024-05,7,36,2,18
M0511,2024-11,2,6,1,23
M0019,2024-02,1,5,0,15
M0562,2024-08,1,3,1,22
M0248,2024-03,0,2,0,22
M0417,2024-12,11,69,2,22
M0551,2024-08,1,5,1,22
M0240,2024-07,4,36,3,12
M0376,2024-02,9,56,5,18
M0022,2024-09,33,93,19,16
M0430,2024-12,1,4,0,24
M0311,2024-05,5,26,3,16
M0370,2024-04,1,2,0,19
M0580,2024-12,7,21,6,44
M0323,2024-12,2,10,1,28
M0543,2024-06,0,3,0,32
M0551,2024-01,1,6,1,20
M0186,2024-04,1,6,0,18
M0385,2024-01,2,8,1,20
M0039,2024-12,11,30,6,29
M0390,2024-06,2,9,1,16
M0040,2024-09,1,4,1,27
M0306,2024-06,0,2,0,19
M0323,2024-07,2,11,1,26
M0042,2024-08,7,15,3,30
M0042,2024-07,3,12,2,20
M0107,2024-04,11,106,13,17
M0349,2024-07,3,13,1,16
M0520,2024-01,0,2,0,13
M0319,2024-06,4,12,1,18
M0248,2024-08,0,2,0,16
M0410,2024-03,4,25,3,26
M0593,2024-11,5,21,2,24
M0198,2024-10,1,8,1,11
M0059,2024-01,1,2,0,22
M0286,2024-02,0,1,0,10
M0295,2024-02,12,34,2,18
M0015,2024-12,1,8,1,12
M0524,2024-04,1,4,1,14
M0292,2024-02,7,37,4,27
M0381,2024-03,0,1,0,13
M0130,2024-07,1,5,0,21
M0277,2024-12,4,24,2,15
M0595,2024-12,2,9,1,17
M0250,2024-02,0,5,0,18
M0129,2024-11,1,6,0,16
M0447,2024-04,1,3,0,19
M0236,2024-10,4,11,3,23
M0126,2024-03,1,4,1,19
M0118,2024-05,1,12,2,17
M0364,2024-03,1,8,1,23
M0386,2024-03,0,1,0,20
M0071,2024-08,6,15,1,11
M0426,2024-12,1,3,0,24
M0027,2024-05,4,38,3,21
M0588,2024-10,1,5,1,21
M0492,2024-02,1,6,1,19
M0428,2024-08,0,2,0,18
M0389,2024-07,2,5,1,17
M0458,2024-02,31,191,17,18
M0458,2024-07,49,212,13,23
M0392,2024-09,10,136,6,23
M0394,2024-01,1,5,0,16
M0025,2024-04,1,4,1,26
M0268,2024-08,5,13,2,22
M0233,2024-07,8,37,2,19
M0247,2024-02,23,62,7,21
M0542,2024-10,3,18,2,17
M0067,2024-04,1,3,0,15
M0175,2024-09,4,44,1,23
M0459,2024-11,0,3,0,16
M0413,2024-07,49,199,18,22
M0587,2024-05,1,7,0,16
M0376,2024-08,13,91,13,26
M0025,2024-01,1,4,1,26
M0287,2024-04,1,3,0,8
M0072,2024-02,1,7,0,23
M0442,2024-07,18,153,11,17
M0186,2024-10,1,8,0,22
M0310,2024-01,0,2,0,15
M0298,2024-09,36,186,11,28
M0067,2024-09,1,3,1,15
M0560,2024-02,1,2,0,20
M0062,2024-08,2,7,1,20
M0185,2024-04,2,10,1,19
M0278,2024-11,0,1,0,18
M0532,2024-05,4,21,2,17
M0584,2024-06,1,5,1,17
M0252,2024-10,13,32,5,15
M0458,2024-11,46,272,22,18
M0113,2024-02,2,23,1,14
M0319,2024-05,4,10,1,21
M0042,2024-11,5,15,3,20
M0121,2024-12,0,2,0,20
M0449,2024-04,2,11,1,26
M0440,2024-07,0,2,0,14
M0458,2024-12,82,313,19,22
M0394,2024-02,1,5,0,8
M0308,2024-12,41,116,21,44
M0345,2024-03,12,46,5,27
M0503,2024-05,1,5,0,25
M0505,2024-05,1,4,0,10
M0452,2024-02,0,3,0,17
M0573,2024-02,0,1,0,21
M0591,2024-12,2,5,2,51
M0519,2024-04,0,1,0,14
M0091,2024-07,13,95,9,25
M0543,2024-09,0,3,0,30
M0114,2024-12,1,3,0,12
M0542,2024-02,4,33,3,15
M0049,2024-03,1,5,1,9
M0559,2024-06,8,26,2,17
M0432,2024-05,0,3,0,35
M0028,2024-04,3,5,1,23
M0359,2024-08,1,5,1,20
M0400,2024-05,0,5,0,18
M0476,2024-12,1,3,0,25
M0068,2024-11,33,218,33,10
M0288,2024-08,3,20,2,24
M0038,2024-07,1,4,0,14
M0329,2024-01,24,263,12,10
M0126,2024-02,1,5,1,21
M0040,2024-06,1,3,1,24
M0327,2024-05,0,0,0,11
M0059,2024-07,1,6,0,25
M0284,2024-10,10,106,12,26
M0196,2024-10,0,1,0,11
M0062,2024-09,1,6,1,19
M0384,2024-06,2,6,0,22
M0430,2024-09,1,4,0,20
M0545,2024-01,1,3,0,14
M0140,2024-06,3,36,2,21
M0582,2024-01,5,23,2,19
M0214,2024-07,74,259,12,25
M0067,2024-03,1,4,0,18
M0286,2024-01,0,1,0,18
M0473,2024-02,1,3,0,21
M0035,2024-03,1,4,1,19
M0447,2024-11,0,5,0,21
M0213,2024-04,1,3,0,14
M0031,2024-01,8,55,3,21
M0277,2024-05,3,13,2,19
M0500,2024-03,5,22,1,22
M0163,2024-11,11,42,2,20
M0032,2024-11,3,18,1,11
M0557,2024-03,1,6,1,19
M0203,2024-04,1,7,1,18
M0585,2024-06,13,51,3,17
M0357,2024-07,5,81,5,14
M0307,2024-12,1,5,1,13
M0421,2024-04,4,18,2,21
M0261,2024-12,0,2,0,19
M0573,2024-11,0,1,0,15
M0073,2024-11,0,1,0,17
M0281,2024-09,12,20,4,46
M0264,2024-04,1,6,1,20
M0455,2024-07,0,2,0,9
M0237,2024-09,1,3,0,19
M0512,2024-10,15,164,22,22
M0245,2024-10,0,6,0,20
M0166,2024-03,0,2,0,15
M0052,2024-08,0,3,0,12
M0036,2024-07,23,179,9,18
M0024,2024-06,1,6,0,22
M0066,2024-05,4,25,2,13
M0266,2024-07,4,24,1,22
M0227,2024-09,3,13,1,21
M0583,2024-06,2,6,0,22
M0530,2024-03,8,47,4,22
M0334,2024-02,7,34,4,17
M0186,2024-07,1,6,0,22
M0256,2024-01,0,3,0,17
M0327,2024-06,0,1,0,17
M0243,2024-10,1,4,0,22
M0060,2024-01,0,3,0,7
M0249,2024-01,5,12,2,19
M0137,2024-06,1,4,0,21
M0150,2024-04,37,244,10,17
M0576,2024-02,4,21,2,16
M0193,2024-05,1,2,0,19
M0388,2024-02,0,1,0,18
M0508,2024-06,26,73,12,27
M0368,2024-06,14,85,6,11
M0119,2024-07,1,4,0,18
M0581,2024-11,3,28,2,22
M0371,2024-02,0,1,0,18
M0340,2024-10,10,51,2,25
M0408,2024-05,1,8,1,18
M0102,2024-08,0,3,0,16
M0540,2024-06,0,2,0,17
M0161,2024-02,4,16,1,18
M0483,2024-12,0,1,0,12
M0101,2024-04,10,31,5,25
M0048,2024-08,1,3,0,23
M0430,2024-05,1,5,0,21
M0431,2024-11,1,5,0,24
M0396,2024-11,54,289,32,24
M0120,2024-07,6,33,5,22
M0459,2024-01,0,3,0,17
M0015,2024-02,0,6,0,15
M0073,2024-06,0,1,0,20
M0096,2024-02,0,1,0,18
M0371,2024-09,0,2,0,15
M0204,2024-10,1,5,0,18
M0328,2024-02,18,58,10,34
M0507,2024-11,5,31,3,17
M0272,2024-08,2,5,0,29
M0355,2024-05,12,25,5,21
M0050,2024-12,1,3,0,20
M0340,2024-07,16,83,3,25
M0141,2024-05,6,11,4,65
M0165,2024-10,5,24,3,22
M0215,2024-07,2,5,0,19
M0510,2024-01,68,211,31,14
M0328,2024-10,22,82,8,37
M0133,2024-06,0,1,0,22
M0048,2024-06,1,3,0,25
M0490,2024-03,3,4,1,19
M0002,2024-09,3,42,3,21
M0074,2024-01,1,8,0,18
M0548,2024-11,1,5,0,13
M0523,2024-09,0,2,0,17
M0439,2024-11,1,3,0,27
M0213,2024-01,1,2,0,24
M0304,2024-08,1,5,1,41
M0583,2024-10,1,4,0,23
M0157,2024-09,3,18,2,11
M0437,2024-07,0,3,0,23
M0284,2024-02,15,135,13,27
M0253,2024-05,5,17,3,20
M0389,2024-08,2,6,1,17
M0559,2024-03,7,29,1,19
M0571,2024-05,1,8,0,15
M0009,2024-04,2,5,0,20
M0315,2024-02,1,3,0,17
M0054,2024-09,0,2,0,23
M0238,2024-09,1,3,0,20
M0107,2024-09,14,104,10,13
M0110,2024-07,1,3,0,28
M0330,2024-06,1,2,0,18
M0146,2024-09,9,43,4,18
M0550,2024-07,1,3,1,24
M0222,2024-12,0,2,0,15
M0068,2024-08,27,214,18,15
M0152,2024-08,1,6,0,20
M0338,2024-06,4,17,2,36
M0195,2024-10,2,6,0,20
M0060,2024-11,0,2,0,7
M0325,2024-11,4,35,2,17
M0036,2024-11,24,206,12,20
M0405,2024-10,1,7,0,26
M0071,2024-09,8,18,1,17
M0437,2024-10,0,2,0,24
M0478,2024-12,1,2,0,27
M0181,2024-10,6,29,2,17
M0245,2024-07,0,5,1,21
M0158,2024-06,6,22,2,13
M0567,2024-06,5,25,2,22
M0484,2024-12,60,155,25,24
M0175,2024-11,4,50,2,18
M0355,2024-07,10,21,4,22
M0270,2024-08,1,1,0,29
M0047,2024-10,6,10,1,34
M0416,2024-07,69,223,7,24
M0420,2024-01,2,25,1,10
M0431,2024-07,1,3,0,22
M0061,2024-05,0,2,0,28
M0048,2024-10,1,2,0,21
M0110,2024-09,2,6,1,29
M0273,2024-07,1,4,0,16
M0196,2024-05,0,1,0,7
M0200,2024-12,11,16,8,61
M0575,2024-01,1,3,0,26
M0264,2024-05,1,8,1,24
M0030,2024-01,1,5,0,19
M0211,2024-04,0,1,0,24
M0520,2024-06,0,2,0,22
M0006,2024-08,1,6,0,22
M0374,2024-06,0,1,0,14
M0333,2024-07,0,1,0,17
M0290,2024-09,8,16,2,19
M0513,2024-04,8,33,3,23
M0003,2024-08,1,7,0,14
M0429,2024-11,0,1,0,16
M0483,2024-02,0,1,0,16
M0006,2024-12,2,7,0,33
M0241,2024-04,1,8,0,13
M0513,2024-01,3,22,3,23
M0323,2024-11,1,9,1,20
M0048,2024-04,1,2,0,24
M0289,2024-04,2,14,2,15
M0573,2024-12,0,1,0,21
M0172,2024-01,1,6,0,8
M0264,2024-11,1,7,1,25
M0328,2024-05,27,72,9,33
M0418,2024-01,2,15,2,15
M0298,2024-02,28,137,13,28
M0467,2024-01,2,7,1,21
M0393,2024-02,0,1,0,13
M0228,2024-07,1,4,0,16
M0447,2024-02,1,3,0,13
M0319,2024-04,5,16,2,17
M0314,2024-09,5,10,3,21
M0477,2024-05,1,2,0,22
M0538,2024-08,5,32,3,13
M0387,2024-01,15,47,3,21
M0459,2024-08,0,2,0,22
M0288,2024-09,2,20,2,27
M0294,2024-09,1,2,0,48
M0257,2024-06,10,12,4,69
M0586,2024-03,0,1,0,35
M0509,2024-10,1,4,1,17
M0066,2024-01,6,37,4,22
M0026,2024-11,10,45,6,13
M0241,2024-07,1,7,0,17
M0351,2024-04,1,4,0,22
M0163,2024-04,10,48,3,18
M0010,2024-09,1,4,0,12
M0162,2024-06,4,27,1,20
M0176,2024-02,1,11,1,18
M0147,2024-05,1,7,1,17
M0384,2024-08,1,5,0,22
M0387,2024-12,21,81,6,21
M0448,2024-09,1,9,0,13
M0500,2024-01,3,24,1,19
M0391,2024-12,9,86,8,16
M0064,2024-03,9,59,2,29
M0458,2024-03,41,185,11,20
M0314,2024-01,4,8,1,18
M0209,2024-09,1,3,0,25
M0542,2024-01,3,21,2,12
M0532,2024-09,68,105,22,39
M0293,2024-02,4,32,6,21
M0478,2024-09,0,1,0,32
M0479,2024-12,4,17,1,18
M0482,2024-08,1,3,0,16
M0134,2024-11,0,3,0,13
M0571,2024-12,1,8,1,22
M0009,2024-11,1,5,1,17
M0507,2024-12,10,30,6,20
M0245,2024-06,0,6,1,19
M0089,2024-09,0,3,0,21
M0488,2024-09,16,51,15,18
M0370,2024-08,1,2,0,17
M0258,2024-08,2,7,1,20
M0220,2024-12,1,4,0,17
M0171,2024-07,1,5,0,20
M0425,2024-08,11,41,3,25
M0495,2024-05,5,19,1,19
M0322,2024-06,0,1,0,16
M0460,2024-02,3,10,1,19
M0593,2024-03,6,14,1,23
M0313,2024-10,47,86,12,20
M0098,2024-02,1,8,0,19
M0277,2024-01,3,12,1,18
M0289,2024-10,2,11,2,22
M0218,2024-06,1,3,0,23
M0433,2024-05,2,3,0,24
M0140,2024-11,2,28,2,19
M0443,2024-10,1,5,0,24
M0248,2024-04,0,1,0,8
M0481,2024-06,16,45,8,40
M0161,2024-03,3,18,1,17
M0072,2024-03,1,6,0,21
M0362,2024-01,1,2,1,47
M0373,2024-01,3,23,1,18
M0475,2024-03,1,6,0,22
M0395,2024-02,36,237,14,28
M0534,2024-02,1,5,1,8
M0009,2024-09,1,3,0,9
M0423,2024-03,21,113,10,25
M0405,2024-05,1,8,0,21
M0266,2024-02,5,17,1,14
M0600,2024-01,0,3,0,11
M0267,2024-12,7,30,2,19
M0270,2024-03,0,1,0,12
M0197,2024-05,12,53,2,26
M0076,2024-07,9,37,3,23
M0147,2024-09,1,9,1,20
M0076,2024-08,7,29,3,24
M0347,2024-02,0,5,0,20
M0346,2024-09,0,2,0,22
M0041,2024-09,5,20,3,15
M0437,2024-12,0,4,0,26
M0415,2024-11,75,291,35,27
M0252,2024-04,10,40,3,17
M0218,2024-04,1,5,0,23
M0400,2024-10,0,4,1,18
M0290,2024-04,6,18,2,12
M0265,2024-09,1,8,1,20
M0573,2024-05,0,1,0,14
M0048,2024-11,0,2,0,22
M0256,2024-03,1,5,0,23
M0494,2024-10,1,4,1,19
M0358,2024-07,4,7,2,58
M0222,2024-07,0,1,0,21
M0416,2024-10,51,181,5,26
M0535,2024-05,3,40,4,12
M0476,2024-08,0,3,1,18
M0562,2024-09,2,4,1,17
M0256,2024-09,1,6,0,22
M0019,2024-10,0,6,0,20
M0363,2024-06,1,5,1,21
M0409,2024-03,0,4,0,19
M0138,2024-08,1,6,0,26
M0521,2024-02,6,31,3,10
M0006,2024-02,1,4,0,24
M0190,2024-09,1,8,0,12
M0462,2024-12,3,18,3,17
M0203,2024-07,1,7,0,17
M0576,2024-06,3,21,1,10
M0441,2024-10,10,52,3,22
M0158,2024-04,7,17,3,18
M0011,2024-12,1,3,1,20
M0570,2024-07,3,30,1,9
M0453,2024-08,7,18,1,20
M0289,2024-08,2,19,2,23
M0383,2024-05,12,34,2,20
M0260,2024-09,1,5,1,11
M0328,2024-01,20,76,13,36
M0532,2024-04,4,23,2,11
M0173,2024-03,1,2,0,15
M0463,2024-02,2,3,1,29
M0237,2024-04,1,4,1,21
M0322,2024-12,0,1,0,12
M0436,2024-03,0,2,0,15
M0401,2024-09,2,3,0,31
M0474,2024-11,8,11,3,52
M0598,2024-08,5,18,1,17
M0324,2024-11,43,125,6,18
M0163,2024-08,14,56,3,24
M0300,2024-01,35,153,30,18
M0387,2024-10,7,45,5,17
M0512,2024-04,13,139,15,13
M0594,2024-07,1,4,0,19
M0134,2024-12,0,4,0,23
M0113,2024-05,2,29,1,17
M0215,2024-01,1,5,0,10
M0456,2024-04,0,1,0,18
M0401,2024-06,2,6,0,24
M0534,2024-10,1,9,1,4
M0085,2024-02,4,12,3,55
M0429,2024-02,0,1,0,14
M0111,2024-03,1,5,1,26
M0215,2024-08,2,6,0,18
M0382,2024-05,11,49,10,19
M0323,2024-02,1,7,1,21
M0248,2024-11,0,2,0,15
M0297,2024-12,2,7,0,19
M0497,2024-02,1,10,1,13
M0598,2024-05,4,20,1,17
M0177,2024-03,2,7,0,22
M0173,2024-11,1,2,0,14
M0532,2024-03,4,16,1,15
M0502,2024-08,5,40,3,27
M0596,2024-04,2,4,1,15
M0111,2024-08,1,6,1,19
M0271,2024-06,2,4,0,23
M0307,2024-08,1,4,0,14
M0289,2024-11,2,21,3,28
M0380,2024-05,0,1,0,17
M0474,2024-03,2,5,1,21
M0427,2024-03,0,1,0,17
M0072,2024-10,1,7,0,24
M0173,2024-04,1,2,0,17
M0188,2024-11,7,31,4,9
M0405,2024-08,1,9,0,21
M0104,2024-01,0,2,0,20
M0061,2024-04,0,3,0,25
M0193,2024-07,1,3,1,20
M0314,2024-05,3,7,1,21
M0408,2024-11,1,6,1,22
M0570,2024-10,5,53,1,12
M0399,2024-06,1,2,0,12
M0112,2024-08,1,5,0,20
M0293,2024-08,4,42,4,9
M0466,2024-05,3,24,2,37
M0211,2024-03,0,1,0,19
M0234,2024-10,2,6,0,24
M0174,2024-05,2,4,1,19
M0580,2024-10,4,22,4,45
M0197,2024-06,10,52,2,24
M0160,2024-07,4,24,2,17
M0539,2024-12,16,79,7,17
M0514,2024-08,0,1,0,15
M0218,2024-07,1,7,1,27
M0285,2024-03,1,6,0,18
M0354,2024-06,1,8,0,23
M0333,2024-01,0,1,0,12
M0525,2024-03,1,3,0,24
M0501,2024-01,0,1,0,14
M0504,2024-01,0,2,0,15
M0331,2024-03,1,2,0,16
M0119,2024-01,0,2,0,18
M0011,2024-01,1,3,0,19
M0143,2024-10,20,38,6,21
M0288,2024-07,2,11,1,21
M0256,2024-11,1,4,0,20
M0388,2024-11,1,3,0,23
M0401,2024-12,1,6,0,27
M0045,2024-11,1,3,0,20
M0385,2024-05,2,9,1,20
M0428,2024-06,0,1,0,15
M0101,2024-09,11,37,4,20
M0079,2024-07,2,6,0,14
M0505,2024-08,1,6,0,15
M0188,2024-07,6,30,5,21
M0322,2024-04,0,1,0,13
M0297,2024-09,2,5,0,20
M0227,2024-12,3,16,1,25
M0451,2024-09,3,5,1,23
M0350,2024-04,13,34,5,61
M0506,2024-11,7,31,2,14
M0141,2024-01,6,6,2,53
M0118,2024-02,1,8,1,18
M0414,2024-08,0,2,0,17
M0220,2024-10,1,4,0,16
M0128,2024-08,1,9,1,20
M0552,2024-09,0,4,0,21
M0505,2024-12,1,6,1,15
M0426,2024-06,0,1,0,21
M0207,2024-12,1,2,0,16
M0089,2024-08,0,2,0,17
M0335,2024-02,0,2,0,16
M0403,2024-03,1,5,0,23
M0338,2024-04,2,11,1,29
M0383,2024-04,13,35,1,22
M0560,2024-01,1,3,0,15
M0025,2024-02,1,4,1,27
M0096,2024-07,1,3,0,19
M0386,2024-05,0,1,0,16
M0391,2024-10,9,80,11,18
M0191,2024-07,1,3,0,11
M0376,2024-07,16,110,16,38
M0123,2024-05,8,40,1,11
M0568,2024-05,1,6,0,18
M0461,2024-01,9,23,3,22
M0049,2024-11,2,9,1,13
M0081,2024-12,5,27,2,15
M0201,2024-11,1,5,0,17
M0053,2024-02,4,42,3,18
M0379,2024-07,16,116,10,11
M0026,2024-08,5,35,5,14
M0030,2024-04,0,6,0,12
M0059,2024-09,1,4,0,26
M0330,2024-02,1,3,0,19
M0118,2024-08,1,9,1,22
M0464,2024-06,8,55,7,23
M0176,2024-03,3,15,1,20
M0276,2024-01,1,9,0,23
M0049,2024-10,3,14,2,12
M0334,2024-01,8,38,2,18
M0063,2024-09,1,2,0,22
M0453,2024-11,8,20,2,21
M0060,2024-04,0,2,0,9
M0269,2024-11,4,17,3,14
M0411,2024-08,1,6,0,31
M0335,2024-08,1,3,0,21
M0354,2024-09,1,11,1,20
M0551,2024-03,1,5,1,21
M0138,2024-11,1,4,0,21
M0273,2024-05,1,7,0,15
M0136,2024-09,7,39,2,14
M0159,2024-01,5,36,5,22
M0372,2024-05,0,1,0,28
M0203,2024-06,1,8,1,20
M0311,2024-09,5,16,2,16
M0317,2024-01,1,8,1,23
M0209,2024-03,1,3,0,18
M0208,2024-04,80,229,11,24
M0012,2024-12,1,7,0,18
M0046,2024-07,1,5,0,15
M0517,2024-05,2,7,1,22
M0098,2024-07,0,6,0,17
M0246,2024-08,2,3,0,26
M0566,2024-07,30,66,15,56
M0187,2024-08,2,13,1,23
M0532,2024-06,4,15,2,18
M0186,2024-06,1,7,0,17
M0050,2024-04,0,1,0,15
M0013,2024-11,1,2,0,22
M0451,2024-03,3,5,1,15
M0373,2024-04,3,22,1,18
M0557,2024-09,2,10,1,19
M0285,2024-11,1,6,0,16
M0490,2024-10,2,5,1,17
M0427,2024-08,0,3,0,21
M0150,2024-07,42,176,10,14
M0157,2024-12,4,20,2,11
M0182,2024-05,0,1,0,20
M0403,2024-12,1,6,0,22
M0539,2024-09,10,63,4,13
M0164,2024-05,0,1,0,26
M0179,2024-12,22,92,9,22
M0201,2024-03,1,3,0,19
M0455,2024-04,1,3,0,9
M0143,2024-01,12,49,5,16
M0421,2024-11,4,14,2,16
M0460,2024-06,3,11,1,16
M0088,2024-08,9,28,5,18
M0550,2024-03,1,1,0,23
M0176,2024-12,2,17,1,20
M0436,2024-05,1,4,0,16
M0597,2024-08,1,3,0,16
M0120,2024-08,6,32,4,16
M0232,2024-08,0,1,0,15
M0532,2024-07,2,21,2,15
M0133,2024-10,0,1,0,19
M0503,2024-06,1,4,0,14
M0206,2024-08,6,30,4,20
M0464,2024-10,8,50,6,26
M0506,2024-04,9,27,3,17
M0047,2024-12,6,11,1,41
M0332,2024-08,1,5,0,15
M0351,2024-06,1,5,0,19
M0539,2024-08,6,49,3,15
M0484,2024-08,27,143,16,22
M0472,2024-12,1,8,1,25
M0230,2024-02,1,5,0,17
M0210,2024-02,1,4,0,15
M0132,2024-09,0,3,0,15
M0319,2024-07,5,14,1,18
M0017,2024-11,1,2,0,24
M0377,2024-09,1,4,0,19
M0451,2024-04,4,6,1,24
M0358,2024-05,3,11,2,41
M0100,2024-10,0,1,0,28
M0334,2024-04,6,36,2,22
M0385,2024-08,2,9,1,13
M0521,2024-11,5,31,4,10
M0250,2024-04,0,5,0,21
M0351,2024-05,1,6,0,20
M0154,2024-11,1,4,1,16
M0421,2024-03,5,12,3,26
M0203,2024-09,2,8,1,22
M0047,2024-07,10,12,3,48
M0401,2024-05,2,4,0,22
M0207,2024-05,1,2,0,15
M0291,2024-01,1,10,1,15
M0004,2024-02,33,202,13,32
M0036,2024-06,33,232,13,18
M0335,2024-05,0,4,0,18
M0185,2024-06,3,8,1,17
M0587,2024-11,1,5,0,8
M0221,2024-04,5,26,2,24
M0293,2024-03,4,26,5,19
M0191,2024-10,1,4,0,19
M0274,2024-02,4,23,1,22
M0010,2024-01,1,3,0,14
M0285,2024-04,2,4,1,16
M0042,2024-06,4,13,2,12
M0318,2024-08,4,22,2,17
M0535,2024-02,3,25,2,12
M0193,2024-03,1,3,0,17
M0185,2024-03,2,6,1,8
M0559,2024-07,9,34,2,13
M0152,2024-01,0,5,0,14
M0134,2024-08,0,4,0,16
M0250,2024-12,0,6,0,19
M0429,2024-10,0,1,0,14
M0229,2024-05,3,12,1,23
M0594,2024-11,1,3,0,17
M0134,2024-09,0,3,1,21
M0252,2024-11,10,27,3,25
M0021,2024-06,16,67,10,19
M0062,2024-02,1,5,1,19
M0064,2024-08,12,55,3,18
M0024,2024-05,1,5,0,18
M0546,2024-08,3,10,1,14
M0022,2024-02,30,106,23,15
M0046,2024-10,1,7,0,17
M0105,2024-02,0,3,0,16
M0464,2024-02,7,54,6,24
M0242,2024-05,1,4,0,25
M0102,2024-11,1,3,1,18
M0137,2024-10,1,7,1,27
M0584,2024-11,1,3,1,18
M0033,2024-10,1,2,0,14
M0559,2024-02,7,31,2,18
M0374,2024-07,0,1,0,19
M0255,2024-05,1,5,0,24
M0406,2024-08,0,4,0,21
M0070,2024-01,9,36,3,24
M0016,2024-02,0,3,0,20
M0262,2024-12,0,2,0,15
M0499,2024-03,4,15,1,23
M0594,2024-08,1,3,0,18
M0382,2024-10,12,73,9,21
M0534,2024-11,2,16,1,7
M0462,2024-04,3,31,5,23
M0377,2024-04,2,4,0,20
M0587,2024-03,1,5,0,15
M0056,2024-09,2,5,0,14
M0148,2024-07,1,2,0,21
M0084,2024-07,2,5,0,26
M0396,2024-09,54,289,39,25
M0110,2024-11,1,4,1,18
M0129,2024-12,1,7,0,16
M0390,2024-01,1,9,1,17
M0227,2024-02,2,12,0,23
M0149,2024-11,4,8,1,17
M0404,2024-01,8,20,3,17
M0024,2024-02,1,3,0,26
M0578,2024-11,1,2,0,24
M0217,2024-07,3,14,2,19
M0482,2024-11,1,3,0,16
M0469,2024-12,0,3,0,22
M0305,2024-06,1,4,1,46
M0516,2024-01,1,5,0,23
M0195,2024-12,3,11,1,28
M0498,2024-05,0,4,0,28
M0158,2024-05,6,26,3,17
M0296,2024-04,1,4,0,11
M0032,2024-06,3,20,1,17
M0548,2024-08,0,4,0,17
M0099,2024-08,33,161,42,22
M0053,2024-11,8,37,2,14
M0259,2024-08,1,5,1,22
M0397,2024-11,1,3,0,9
M0271,2024-05,1,4,0,23
M0473,2024-09,1,2,0,28
M0477,2024-06,1,3,0,25
M0397,2024-03,1,2,0,16
M0158,2024-07,6,16,3,12
M0007,2024-08,7,11,5,61
M0512,2024-09,15,156,14,25
M0326,2024-11,3,12,0,19
M0086,2024-10,1,1,0,25
M0572,2024-01,8,32,2,16
M0196,2024-07,0,1,0,7
M0077,2024-04,1,2,0,24
M0164,2024-12,0,1,0,27
M0554,2024-03,3,28,3,19
M0117,2024-07,1,8,0,22
M0291,2024-09,1,11,1,15
M0190,2024-03,1,9,0,13
M0251,2024-09,1,6,1,19
M0159,2024-06,4,41,5,14
M0556,2024-02,1,6,0,32
M0383,2024-08,10,42,3,24
M0439,2024-09,1,3,0,30
M0099,2024-04,34,180,39,26
M0167,2024-02,4,14,1,18
M0146,2024-06,4,18,2,17
M0226,2024-06,0,3,0,22
M0130,2024-05,1,6,0,23
M0302,2024-10,0,1,0,21
M0268,2024-03,4,10,2,20
M0027,2024-11,3,49,3,21
M0066,2024-04,5,28,3,19
M0163,2024-10,8,44,3,17
M0404,2024-04,5,17,2,10
M0369,2024-08,1,7,0,17
M0064,2024-11,10,67,3,26
M0004,2024-10,83,545,71,55
M0537,2024-02,15,24,2,22
M0528,2024-05,1,6,1,26
M0192,2024-01,0,1,0,31
M0129,2024-09,1,5,0,12
M0351,2024-09,1,5,0,21
M0066,2024-09,5,47,4,21
M0184,2024-08,6,11,2,50
M0461,2024-06,11,25,3,19
M0166,2024-11,0,3,0,12
M0243,2024-08,1,3,0,25
M0445,2024-12,0,1,0,20
M0261,2024-10,0,1,0,17
M0592,2024-01,1,10,1,24
M0352,2024-06,4,25,2,25
M0245,2024-05,0,4,0,16
M0222,2024-08,0,1,0,17
M0446,2024-12,2,9,0,19
M0402,2024-08,0,1,0,25
M0108,2024-05,3,7,1,48
M0446,2024-08,1,7,0,20
M0240,2024-08,5,36,4,16
M0156,2024-12,3,11,4,41
M0413,2024-04,43,153,21,26
M0137,2024-09,1,6,1,26
M0104,2024-11,0,2,0,13
M0246,2024-07,2,4,0,17
M0536,2024-03,1,5,1,20
M0111,2024-02,0,4,0,23
M0189,2024-03,10,116,4,11
M0318,2024-07,5,23,3,20
M0225,2024-05,12,42,4,20
M0065,2024-05,1,5,0,21
M0053,2024-03,7,48,6,17
M0400,2024-08,1,4,1,23
M0508,2024-10,24,97,11,27
M0461,2024-07,10,28,4,20
M0468,2024-07,163,369,113,40
M0569,2024-05,5,14,1,18
M0343,2024-09,3,9,1,22
M0097,2024-04,0,2,0,23
M0416,2024-11,48,188,9,16
M0506,2024-06,9,32,2,17
M0013,2024-04,0,1,0,19
M0044,2024-02,30,45,18,59
M0480,2024-04,9,43,4,23
M0377,2024-07,2,5,0,22
M0513,2024-09,8,32,3,20
M0576,2024-01,3,29,1,11
M0523,2024-10,0,2,0,19
M0161,2024-06,4,20,1,20
M0436,2024-10,0,2,0,23
M0368,2024-08,11,121,6,13
M0580,2024-03,1,6,1,23
M0037,2024-06,6,33,1,27
M0505,2024-09,1,4,0,15
M0202,2024-02,1,5,0,13
M0203,2024-01,2,7,1,18
M0195,2024-05,1,9,1,19
M0012,2024-11,1,7,0,26
M0056,2024-04,2,5,1,17
M0351,2024-07,1,6,1,21
M0249,2024-06,9,13,4,26
M0059,2024-10,1,3,0,21
M0474,2024-04,2,8,1,23
M0313,2024-06,32,89,13,25
M0176,2024-08,4,17,2,20
M0503,2024-11,1,4,0,16
M0542,2024-08,4,33,2,14
M0337,2024-01,7,40,3,24
M0401,2024-11,2,4,0,25
M0243,2024-09,1,4,0,22
M0103,2024-07,41,265,37,19
M0446,2024-09,1,5,0,20
M0377,2024-11,2,3,0,22
M0558,2024-10,1,4,1,14
M0382,2024-03,13,53,7,20
M0245,2024-08,0,3,0,15
M0465,2024-02,4,13,1,23
M0247,2024-09,26,83,11,19
M0117,2024-08,1,6,0,17
M0432,2024-04,0,2,0,24
M0182,2024-01,0,2,0,20
M0205,2024-04,1,3,0,25
M0019,2024-09,1,6,0,18
M0308,2024-04,16,51,9,23
M0125,2024-12,1,6,0,20
M0521,2024-06,6,32,3,12
M0018,2024-09,1,1,0,22
M0348,2024-04,1,5,0,22
M0099,2024-02,38,169,25,15
M0429,2024-05,0,1,0,12
M0071,2024-11,9,17,1,17
M0143,2024-04,17,52,7,16
M0413,2024-02,37,130,19,25
M0404,2024-05,7,19,4,14
M0139,2024-05,1,5,1,21
M0205,2024-10,1,3,0,20
M0332,2024-11,1,7,0,23
M0211,2024-12,0,1,0,13
M0293,2024-07,4,32,6,20
M0313,2024-04,50,72,11,20
M0047,2024-11,7,8,2,46
M0528,2024-11,1,4,1,29
M0450,2024-08,8,28,3,29
M0503,2024-02,1,7,0,16
M0241,2024-09,1,10,0,16
M0088,2024-04,10,32,3,22
M0186,2024-12,1,9,0,25
M0094,2024-06,1,11,2,12
M0352,2024-11,4,17,3,27
M0111,2024-07,1,4,0,16
M0237,2024-10,1,5,0,23
M0027,2024-01,3,29,2,16
M0542,2024-06,4,27,2,15
M0540,2024-09,1,2,0,23
M0279,2024-04,2,5,0,19
M0350,2024-11,17,38,7,68
M0152,2024-07,1,5,1,15
M0408,2024-03,1,4,1,21
M0092,2024-08,1,4,0,20
M0107,2024-01,13,103,10,12
M0036,2024-10,25,129,14,17
M0480,2024-10,7,42,6,22
M0122,2024-04,30,118,11,27
M0118,2024-01,1,7,1,21
M0178,2024-01,1,6,0,17
M0189,2024-02,14,121,5,23
M0130,2024-09,1,4,0,26
M0355,2024-02,10,24,3,23
M0520,2024-08,1,2,0,20
M0099,2024-03,23,119,22,16
M0511,2024-09,2,7,1,30
M0254,2024-12,3,21,1,24
M0276,2024-07,1,7,0,19
M0275,2024-11,27,315,30,22
M0186,2024-05,1,8,0,25
M0136,2024-01,7,42,2,19
M0516,2024-10,0,4,0,21
M0483,2024-06,0,1,0,10
M0189,2024-04,11,91,5,14
M0393,2024-07,0,2,0,9
M0589,2024-04,4,14,2,14
M0209,2024-04,1,2,0,21
M0430,2024-10,1,4,0,25
M0223,2024-09,1,3,0,18
M0511,2024-10,2,6,1,27
M0241,2024-10,1,8,0,16
M0215,2024-10,2,5,0,18
M0568,2024-11,1,6,0,14
M0299,2024-10,8,27,3,24
M0208,2024-02,73,177,17,23
M0389,2024-03,2,7,1,17
M0226,2024-07,0,2,0,17
M0080,2024-07,8,33,3,13
M0350,2024-12,23,50,7,66
M0088,2024-09,7,27,3,14
M0204,2024-09,2,4,0,22
M0234,2024-08,2,7,0,20
M0479,2024-06,4,14,1,10
M0075,2024-01,6,38,2,18
M0255,2024-12,1,6,0,28
M0354,2024-11,1,10,0,27
M0406,2024-12,0,4,1,19
M0410,2024-06,4,24,5,16
M0012,2024-08,1,7,0,19
M0053,2024-06,4,24,2,16
M0395,2024-03,40,236,20,24
M0005,2024-02,1,2,0,17
M0159,2024-11,5,32,3,11
M0281,2024-12,34,30,4,60
M0040,2024-02,1,2,0,19
M0075,2024-04,5,35,2,14
M0234,2024-12,2,7,0,11
M0055,2024-05,2,24,3,22
M0304,2024-05,2,4,1,40
M0101,2024-03,10,40,5,18
M0463,2024-06,1,7,1,25
M0394,2024-05,2,6,0,21
M0528,2024-06,1,5,1,24
M0348,2024-05,1,4,0,16
M0391,2024-07,6,71,8,11
M0016,2024-08,1,5,0,21
M0311,2024-03,6,25,3,13
M0180,2024-06,15,36,5,19
M0062,2024-11,1,6,1,20
M0160,2024-06,3,20,1,17
M0288,2024-05,2,12,1,18
M0238,2024-12,1,3,0,22
M0067,2024-02,1,4,1,12
M0595,2024-08,2,11,1,14
M0076,2024-11,15,55,3,25
M0005,2024-07,1,2,0,15
M0217,2024-04,5,19,3,21
M0381,2024-04,0,1,0,10
M0063,2024-10,1,2,0,20
M0515,2024-05,5,26,3,26
M0584,2024-07,1,3,1,17
M0319,2024-10,5,10,2,17
M0520,2024-05,0,2,0,26
M0109,2024-04,1,5,0,23
M0324,2024-07,30,89,4,19
M0411,2024-01,1,3,0,22
M0064,2024-10,9,49,2,20
M0004,2024-05,52,346,39,38
M0341,2024-08,8,55,5,16
M0430,2024-08,1,4,0,26
M0434,2024-06,0,1,0,18
M0498,2024-07,1,5,0,33
M0392,2024-07,4,54,2,15
M0408,2024-02,1,7,0,17
M0108,2024-09,3,12,1,41
M0561,2024-10,1,6,0,17
M0028,2024-05,2,7,0,25
M0524,2024-03,1,4,1,15
M0565,2024-02,1,8,0,21
M0041,2024-08,6,19,3,11
M0599,2024-11,17,243,11,23
M0286,2024-04,0,1,0,5
M0350,2024-10,13,21,6,70
M0145,2024-02,38,142,12,22
M0209,2024-06,1,2,0,23
M0293,2024-09,5,46,7,20
M0254,2024-07,2,17,1,17
M0089,2024-02,0,2,0,13
M0538,2024-07,8,24,4,18
M0471,2024-11,1,7,0,14
M0228,2024-05,1,3,0,19
M0545,2024-05,1,2,0,18
M0402,2024-03,0,1,0,12
M0558,2024-08,1,5,1,13
M0459,2024-04,0,3,0,22
M0473,2024-03,1,2,0,24
M0280,2024-07,17,28,11,54
M0595,2024-07,3,14,1,16
M0437,2024-08,1,3,0,23
M0368,2024-11,10,54,5,11
M0026,2024-03,7,23,2,21
M0167,2024-09,3,17,1,23
M0299,2024-06,6,25,3,16
M0348,2024-08,2,7,0,30
M0546,2024-02,3,8,1,15
M0176,2024-04,2,13,1,18
M0267,2024-06,1,5,0,17
M0081,2024-09,3,18,2,17
M0302,2024-06,0,1,0,12
M0578,2024-04,1,2,0,17
M0037,2024-05,10,47,3,25
M0073,2024-12,0,1,0,15
M0587,2024-07,1,5,0,15
M0539,2024-06,10,66,2,15
M0193,2024-08,1,4,0,15
M0221,2024-02,4,23,2,21
M0069,2024-09,10,43,3,14
M0522,2024-05,13,40,6,20
M0555,2024-09,8,46,4,31
M0238,2024-04,1,3,0,22
M0441,2024-03,10,45,4,23
M0002,2024-12,4,30,2,18
M0397,2024-01,1,3,0,18
M0244,2024-04,4,32,4,19
M0373,2024-07,4,24,1,8
M0191,2024-02,1,2,0,17
M0452,2024-12,0,2,0,14
M0169,2024-09,1,3,0,19
M0273,2024-09,1,4,0,20
M0533,2024-12,1,2,1,52
M0314,2024-02,3,6,2,17
M0575,2024-11,1,6,0,25
M0413,2024-11,72,258,31,23
M0359,2024-10,1,3,1,18
M0434,2024-12,0,1,0,11
M0566,2024-01,35,68,19,63
M0201,2024-06,1,6,0,24
M0404,2024-06,8,21,5,20
M0197,2024-03,9,52,1,27
M0382,2024-08,19,80,13,27
M0575,2024-03,1,5,1,25
M0534,2024-01,1,9,1,1
M0553,2024-06,2,3,1,46
M0593,2024-01,6,12,3,16
M0250,2024-09,0,6,0,21
M0358,2024-11,3,9,2,47
M0388,2024-12,1,3,0,12
M0275,2024-04,53,343,33,23
M0090,2024-06,20,110,5,14
M0089,2024-06,0,2,0,18
M0272,2024-07,1,6,0,27
M0149,2024-08,5,11,1,19
M0311,2024-01,6,24,3,7
M0204,2024-03,1,4,0,17
M0578,2024-09,1,2,0,26
M0541,2024-11,2,10,1,21
M0239,2024-02,1,5,0,10
M0225,2024-06,12,54,4,20
M0100,2024-04,0,2,0,22
M0095,2024-10,10,26,2,20
M0477,2024-09,1,2,0,24
M0370,2024-06,1,3,0,21
M0235,2024-09,3,17,1,20
M0460,2024-04,4,11,1,22
M0417,2024-09,6,45,2,16
M0270,2024-04,0,1,0,21
M0120,2024-05,6,25,3,21
M0513,2024-08,7,33,4,22
M0349,2024-05,2,14,2,25
M0456,2024-02,0,1,0,18
M0353,2024-04,0,1,0,12
M0453,2024-04,6,16,1,21
M0246,2024-12,2,4,0,21
M0150,2024-05,41,157,10,11
M0157,2024-02,4,24,2,12
M0179,2024-07,14,45,6,19
M0200,2024-02,5,13,4,63
M0085,2024-07,7,13,3,59
M0249,2024-12,5,20,2,27
M0069,2024-01,9,27,2,18
M0166,2024-04,1,3,0,16
M0249,2024-02,5,16,2,21
M0138,2024-01,1,4,0,24
M0498,2024-10,0,3,0,29
M0503,2024-01,1,4,0,20
M0538,2024-01,4,25,3,11
M0359,2024-05,1,5,1,20
M0462,2024-03,2,18,3,23
M0041,2024-07,7,27,4,21
M0519,2024-07,0,1,0,11
M0349,2024-10,2,11,2,21
M0171,2024-06,1,4,0,22
M0001,2024-05,1,6,0,34
M0006,2024-03,1,5,0,22
M0391,2024-04,7,96,8,15
M0410,2024-02,3,21,4,12
M0534,2024-12,2,15,1,9
M0360,2024-08,11,40,11,20
M0354,2024-10,1,8,1,23
M0440,2024-05,1,2,0,13
M0070,2024-10,49,155,23,51
M0197,2024-04,10,46,2,27
M0541,2024-08,2,12,1,21
M0453,2024-10,5,27,1,17
M0597,2024-01,1,2,0,22
M0444,2024-08,2,9,0,31
M0244,2024-03,3,25,2,27
M0026,2024-02,5,19,4,12
M0470,2024-09,2,9,1,20
M0431,2024-08,0,3,0,24
M0288,2024-11,2,14,1,23
M0213,2024-12,1,4,1,30
M0438,2024-06,1,3,0,16
M0238,2024-02,1,4,0,23
M0568,2024-02,1,5,1,18
M0027,2024-12,6,40,3,20
M0341,2024-07,7,43,5,15
M0122,2024-02,17,91,8,18
M0591,2024-01,2,4,1,48
M0092,2024-04,1,5,1,21
M0400,2024-01,1,4,1,9
M0119,2024-09,0,3,0,17
M0315,2024-01,1,2,0,15
M0171,2024-10,1,4,0,21
M0278,2024-10,0,1,0,28
M0298,2024-11,25,97,12,20
M0495,2024-06,4,16,1,20
M0100,2024-02,0,2,0,22
M0487,2024-03,44,318,29,16
M0254,2024-05,2,14,1,24
M0026,2024-04,5,30,4,21
M0049,2024-07,1,4,1,16
M0229,2024-10,2,8,1,18
M0477,2024-10,1,3,0,21
M0395,2024-08,61,270,31,16
M0598,2024-10,5,22,1,16
M0012,2024-03,1,8,0,22
M0441,2024-09,12,55,5,31
M0080,2024-04,16,34,2,22
M0586,2024-09,0,2,0,28
M0418,2024-09,2,14,2,10
M0303,2024-09,1,6,0,17
M0360,2024-02,5,21,4,19
M0096,2024-01,0,2,0,17
M0270,2024-06,0,1,0,16
M0170,2024-07,0,2,0,32
M0033,2024-04,1,3,0,6
M0239,2024-10,1,4,0,11
M0099,2024-11,32,236,41,20
M0566,2024-12,69,154,20,68
M0236,2024-03,4,10,3,20
M0239,2024-09,1,5,1,10
M0493,2024-11,1,6,1,29
M0036,2024-02,22,175,6,17
M0424,2024-08,17,27,10,69
M0276,2024-02,2,6,0,20
M0432,2024-12,0,4,0,27
M0114,2024-05,1,2,0,16
M0123,2024-04,6,30,1,10
M0077,2024-08,1,2,0,18
M0430,2024-07,2,5,0,26
M0265,2024-01,1,13,1,14
M0146,2024-02,4,19,2,22
M0305,2024-10,2,4,1,57
M0586,2024-06,0,1,0,27
M0114,2024-01,0,1,0,18
M0180,2024-09,13,38,6,25
M0258,2024-01,2,4,0,19
M0503,2024-04,1,6,0,21
M0491,2024-06,1,6,0,23
M0307,2024-09,1,5,1,13
M0493,2024-07,1,4,1,27
M0340,2024-08,13,63,3,18
M0480,2024-09,14,56,6,23
M0527,2024-05,1,12,1,14
M0494,2024-12,1,3,0,13
M0174,2024-10,2,4,0,17
M0115,2024-02,5,41,2,24
M0094,2024-07,1,7,2,8
M0169,2024-12,1,3,0,23
M0099,2024-06,28,172,18,20
M0284,2024-11,13,127,9,25
M0468,2024-11,120,237,69,32
M0092,2024-07,1,3,1,19
M0108,2024-06,2,5,1,51
M0074,2024-03,2,6,0,18
M0481,2024-03,18,47,10,37
M0342,2024-02,4,22,3,23
M0513,2024-12,6,37,4,20
M0312,2024-02,0,3,0,22
M0457,2024-04,9,42,2,24
M0597,2024-11,1,3,0,17
M0579,2024-09,49,153,39,13
M0296,2024-01,1,5,0,19
M0589,2024-03,5,11,2,19
M0463,2024-01,1,4,1,22
M0304,2024-01,0,2,0,17
M0199,2024-03,31,167,5,15
M0078,2024-12,78,430,49,19
M0247,2024-11,31,90,17,25
M0059,2024-08,1,4,1,22
M0026,2024-06,6,36,4,21
M0599,2024-07,11,115,4,22
M0533,2024-03,0,0,0,23
M0481,2024-01,22,45,14,39
M0032,2024-09,3,20,1,16
M0100,2024-05,1,1,0,24
M0280,2024-11,8,24,9,53
M0160,2024-11,6,35,2,18
M0054,2024-03,0,2,0,14
M0068,2024-06,39,230,23,17
M0259,2024-07,1,4,1,17
M0428,2024-11,0,2,0,21
M0291,2024-12,3,17,1,17
M0272,2024-09,1,4,0,30
M0226,2024-01,0,2,0,15
M0142,2024-12,12,51,2,19
M0378,2024-09,28,111,9,22
M0020,2024-06,8,30,4,19
M0171,2024-12,1,6,0,24
M0593,2024-02,5,12,2,14
M0074,2024-09,1,9,0,21
M0412,2024-11,8,39,2,26
M0315,2024-11,1,3,0,7
M0422,2024-06,7,10,2,44
M0508,2024-12,32,97,13,22
M0220,2024-08,1,3,0,14
M0287,2024-05,1,3,0,4
M0573,2024-09,0,1,0,12
M0001,2024-08,2,7,0,39
M0322,2024-03,0,1,0,18
M0317,2024-10,1,9,1,27
M0238,2024-01,1,3,0,17
M0566,2024-09,31,53,16,62
M0256,2024-05,1,5,0,23
M0156,2024-09,3,12,3,33
M0102,2024-05,0,2,1,17
M0525,2024-06,1,4,0,18
M0549,2024-11,6,54,3,13
M0581,2024-05,2,25,1,13
M0281,2024-10,20,21,5,54
M0535,2024-11,3,31,3,19
M0025,2024-12,1,7,1,26
M0057,2024-10,1,3,0,25
M0416,2024-04,49,198,4,25
M0299,2024-07,9,32,4,20
M0575,2024-05,1,6,1,20
M0529,2024-08,6,27,6,19
M0492,2024-08,1,9,1,22
M0175,2024-06,4,48,2,19
M0302,2024-01,0,1,0,12
M0375,2024-01,3,10,2,15
M0183,2024-02,2,4,0,25
M0217,2024-02,5,25,2,17
M0259,2024-12,1,5,1,18
M0301,2024-06,1,5,0,24
M0441,2024-06,14,36,4,24
M0430,2024-03,1,4,0,27
M0569,2024-11,7,24,2,19
M0374,2024-02,0,2,0,14
M0018,2024-02,0,1,0,20
M0424,2024-12,18,23,11,66
M0153,2024-09,5,41,3,12
M0244,2024-08,4,24,3,18
M0277,2024-03,2,15,1,24
M0160,2024-01,4,19,1,21
M0043,2024-07,8,25,2,16
M0206,2024-12,7,26,4,15
M0513,2024-07,9,39,5,22
M0435,2024-10,53,113,4,14
M0291,2024-03,1,9,1,18
M0526,2024-03,1,5,0,15
M0474,2024-09,3,13,2,41
M0310,2024-05,1,2,0,18
M0302,2024-03,0,1,0,16
M0319,2024-03,5,13,2,21
M0345,2024-01,13,42,7,23
M0589,2024-06,6,10,3,20
M0526,2024-01,2,6,0,15
M0215,2024-02,1,3,0,21
M0509,2024-07,1,4,1,18
M0114,2024-03,0,1,0,7
M0212,2024-07,1,1,0,20
M0475,2024-07,1,7,1,18
M0084,2024-09,4,6,1,19
M0449,2024-03,2,9,1,25
M0274,2024-12,5,34,2,11
M0342,2024-03,3,22,2,18
M0131,2024-12,1,3,1,15
M0106,2024-01,34,62,10,17
M0579,2024-04,40,159,23,11
M0429,2024-08,0,1,0,19
M0448,2024-01,2,8,0,17
M0425,2024-03,14,26,2,25
M0030,2024-03,0,6,0,16
M0376,2024-03,6,51,7,21
M0079,2024-04,2,8,0,29
M0046,2024-06,1,6,0,16
M0584,2024-10,0,3,1,20
M0296,2024-10,1,6,0,16
M0564,2024-09,0,3,0,18
M0087,2024-06,0,1,0,23
M0399,2024-02,1,2,0,13
M0416,2024-12,39,215,6,25
M0160,2024-10,5,22,2,18
M0013,2024-10,1,2,0,13
M0011,2024-03,1,3,1,20
M0590,2024-06,1,5,0,16
M0523,2024-01,0,1,0,15
M0433,2024-02,1,3,0,25
M0476,2024-03,0,3,0,21
M0210,2024-04,1,5,0,19
M0106,2024-03,42,47,8,22
M0543,2024-07,1,3,0,26
M0154,2024-06,1,5,1,15
M0439,2024-07,1,3,0,30
M0319,2024-09,6,12,2,23
M0338,2024-05,5,20,2,35
M0129,2024-08,1,4,0,12
M0447,2024-03,1,4,0,20
M0391,2024-03,10,79,9,12
M0159,2024-09,6,40,6,20
M0107,2024-02,12,101,10,16
M0489,2024-10,1,5,0,21
M0079,2024-11,2,6,0,20
M0600,2024-05,1,2,0,15
M0091,2024-03,9,45,5,25
M0589,2024-09,7,18,4,20
M0286,2024-10,0,1,0,9
M0017,2024-06,1,3,0,25
M0274,2024-03,6,33,1,19
M0013,2024-07,0,1,0,23
M0229,2024-03,2,8,1,18
M0016,2024-01,1,4,0,14
M0571,2024-01,1,8,0,19
M0151,2024-05,1,1,0,24
M0425,2024-01,9,16,1,16
M0366,2024-02,0,2,0,16
M0472,2024-10,1,7,0,14
M0526,2024-06,2,7,0,13
M0225,2024-11,17,85,4,24
M0022,2024-06,27,97,17,12
M0033,2024-09,1,5,0,18
M0462,2024-06,4,20,4,27
M0258,2024-10,1,3,0,15
M0251,2024-06,1,5,1,13
M0448,2024-05,1,6,0,20
M0489,2024-04,2,8,1,16
M0126,2024-06,1,5,1,19
M0040,2024-07,1,4,1,23
M0352,2024-03,3,20,3,22
M0357,2024-03,6,64,9,22
M0285,2024-02,1,4,0,15
M0058,2024-03,1,4,0,12
M0137,2024-02,1,5,0,23
M0196,2024-06,0,1,0,18
M0215,2024-05,2,5,0,24
M0150,2024-02,33,248,12,18
M0483,2024-11,0,1,0,11
M0064,2024-06,10,40,2,22
M0164,2024-11,0,1,0,25
M0590,2024-12,1,8,1,17
M0180,2024-10,12,30,4,23
M0462,2024-02,3,18,3,24
M0139,2024-08,1,6,1,17
M0589,2024-05,4,10,2,15
M0216,2024-11,2,6,1,18
M0316,2024-12,5,17,2,26
M0282,2024-06,1,4,0,17
M0420,2024-04,2,21,0,8
M0055,2024-02,2,15,2,13
M0549,2024-02,6,50,5,14
M0310,2024-08,1,3,0,15
M0583,2024-03,1,4,0,21
M0457,2024-09,9,58,3,25
M0445,2024-11,0,1,0,19
M0087,2024-03,0,1,0,23
M0062,2024-01,1,6,1,23
M0058,2024-01,1,5,1,10
M0321,2024-05,3,12,1,19
M0353,2024-12,0,2,0,21
M0360,2024-12,10,41,7,12
M0177,2024-12,2,6,0,21
M0157,2024-10,5,17,2,11
M0303,2024-01,2,5,0,19
M0466,2024-01,3,30,3,33
M0245,2024-03,0,4,1,16
M0153,2024-01,6,44,2,15
M0348,2024-01,1,6,0,24
M0465,2024-12,4,14,1,23
M0054,2024-08,0,1,0,15
M0282,2024-09,1,3,0,16
M0391,2024-05,4,100,8,15
M0260,2024-02,0,2,0,19
M0327,2024-08,0,0,0,10
M0299,2024-04,4,21,2,21
M0130,2024-03,1,6,0,25
M0496,2024-12,26,30,8,62
M0134,2024-02,0,2,0,14
M0280,2024-10,13,16,7,54
M0327,2024-10,0,0,0,15
M0144,2024-02,0,4,0,15
M0230,2024-09,1,4,0,15
M0306,2024-08,1,2,0,21
M0580,2024-02,1,7,1,15
M0563,2024-01,7,32,4,22
M0408,2024-12,1,8,1,16
M0204,2024-08,1,5,0,22
M0070,2024-12,79,191,14,56
M0135,2024-06,1,6,1,15
M0443,2024-01,1,6,0,23
M0491,2024-01,1,6,0,16
M0451,2024-11,3,6,1,20
M0323,2024-06,2,9,1,25
M0001,2024-11,1,6,0,22
M0014,2024-10,1,6,0,14
M0506,2024-09,12,36,2,17
M0388,2024-08,0,2,0,21
M0592,2024-04,2,9,1,15
M0563,2024-12,5,36,2,18
M0351,2024-12,1,4,0,17
M0399,2024-03,1,3,0,13
M0368,2024-03,8,66,7,15
M0592,2024-05,1,13,1,15
M0381,2024-12,0,1,0,14
M0444,2024-03,1,9,0,23
M0415,2024-08,113,329,47,25
M0283,2024-02,1,8,1,14
M0360,2024-07,6,42,9,24
M0018,2024-08,0,1,0,29
M0224,2024-07,5,27,2,16
M0139,2024-11,1,8,1,22
M0332,2024-07,0,5,0,18
M0517,2024-07,2,6,0,21
M0558,2024-05,1,5,0,14
M0261,2024-07,0,2,0,16
M0130,2024-08,1,5,0,30
M0379,2024-01,25,194,16,12
M0396,2024-05,70,332,26,16
M0510,2024-08,52,165,26,12
M0133,2024-11,0,1,0,22
M0426,2024-09,0,1,0,16
M0314,2024-04,3,7,2,18
M0283,2024-11,1,7,1,7
M0113,2024-10,1,26,0,15
M0160,2024-08,4,24,1,18
M0127,2024-05,0,1,0,21
M0162,2024-02,3,36,1,18
M0564,2024-02,0,2,0,26
M0183,2024-12,2,8,1,25
M0251,2024-02,1,7,1,13
M0534,2024-03,1,8,0,3
M0499,2024-10,5,14,1,30
M0180,2024-07,11,30,5,16
M0048,2024-02,1,1,0,20
M0545,2024-09,1,3,0,16
M0564,2024-06,1,3,0,17
M0597,2024-02,1,2,0,18
M0020,2024-03,7,30,4,18
M0316,2024-09,2,8,1,23
M0183,2024-11,2,7,0,31
M0346,2024-05,0,2,0,28
M0085,2024-12,5,13,4,55
M0526,2024-12,2,8,0,20
M0128,2024-05,1,6,1,18
M0422,2024-01,4,10,2,41
M0005,2024-05,0,2,0,18
M0050,2024-11,0,2,0,19
M0147,2024-04,1,7,1,18
M0409,2024-09,1,6,1,20
M0175,2024-08,4,48,2,23
M0314,2024-03,3,9,1,24
M0282,2024-02,1,5,0,19
M0034,2024-04,25,90,15,20
M0396,2024-08,51,269,26,20
M0243,2024-03,1,3,0,23
M0040,2024-01,1,4,1,22
M0486,2024-07,1,2,0,25
M0085,2024-06,4,12,2,47
M0306,2024-10,1,3,0,21
M0342,2024-05,4,20,3,22
M0029,2024-12,2,25,1,23
M0475,2024-04,1,4,0,16
M0195,2024-01,1,5,1,19
M0083,2024-07,2,8,1,12
M0568,2024-12,1,5,0,17
M0124,2024-08,17,49,3,35
M0060,2024-08,0,2,0,9
M0001,2024-10,2,8,0,34
M0233,2024-05,7,34,2,20
M0140,2024-01,2,19,2,17
M0492,2024-03,1,7,1,22
M0535,2024-07,3,27,3,12
M0575,2024-04,1,6,1,25
M0298,2024-03,26,139,15,23
M0329,2024-07,40,393,21,19
M0024,2024-10,1,3,0,19
M0216,2024-10,1,3,0,17
M0480,2024-01,7,28,5,17
M0233,2024-06,8,32,2,19
M0038,2024-01,1,3,0,17
M0200,2024-04,4,8,3,51
M0157,2024-04,2,14,2,8
M0070,2024-03,19,67,6,29
M0180,2024-04,11,26,2,16
M0544,2024-12,34,57,13,26
M0350,2024-08,13,23,7,58
M0331,2024-05,2,3,0,13
M0407,2024-06,11,19,3,62
M0409,2024-04,1,5,0,21
M0242,2024-12,1,2,0,22
M0189,2024-06,11,123,4,16
M0042,2024-04,4,17,2,16
M0549,2024-01,6,34,3,12
M0183,2024-07,2,7,1,24
M0069,2024-12,6,24,2,19
M0305,2024-08,1,5,1,58
M0526,2024-11,1,5,0,23
M0185,2024-02,2,8,1,10
M0310,2024-07,0,3,0,20
M0599,2024-08,6,150,7,17
M0268,2024-05,5,10,2,23
M0505,2024-01,1,3,0,17
M0258,2024-05,2,4,0,19
M0437,2024-02,0,2,0,21
M0342,2024-12,8,34,5,21
M0443,2024-12,2,9,0,29
M0275,2024-10,35,239,30,22
M0527,2024-06,1,18,1,17
M0208,2024-11,64,278,19,20
M0324,2024-03,43,121,4,24
M0590,2024-05,1,5,0,14
M0596,2024-02,1,4,0,19
M0243,2024-11,1,3,0,20
M0219,2024-12,3,14,2,19
M0296,2024-06,1,3,0,15
M0073,2024-05,0,2,0,24
M0330,2024-07,1,2,0,24
M0188,2024-09,6,35,3,14
M0417,2024-07,13,59,2,19
M0049,2024-05,1,5,1,13
M0588,2024-04,1,6,1,11
M0266,2024-05,4,21,1,19
M0041,2024-06,5,17,2,16
M0255,2024-01,1,4,0,24
M0325,2024-01,3,29,2,21
M0396,2024-01,53,186,22,20
M0594,2024-01,0,2,0,23
M0421,2024-02,5,15,1,23
M0168,2024-07,4,26,2,16
M0243,2024-04,1,3,0,20
M0316,2024-04,2,10,1,20
M0227,2024-03,2,14,0,27
M0124,2024-11,12,35,4,20
M0342,2024-08,5,32,2,16
M0332,2024-09,0,5,0,14
M0428,2024-10,0,2,0,15
M0201,2024-07,1,6,0,23
M0548,2024-09,0,2,0,18
M0194,2024-09,1,3,1,26
M0023,2024-03,0,1,0,20
M0466,2024-07,3,19,3,32
M0063,2024-06,2,4,0,25
M0041,2024-12,6,18,3,13
M0158,2024-10,6,25,2,14
M0487,2024-07,37,313,29,13
M0515,2024-07,5,34,3,31
M0379,2024-06,18,102,9,17
M0334,2024-06,12,44,3,22
M0202,2024-10,4,13,3,36
M0442,2024-04,13,89,12,11
M0261,2024-11,0,1,0,15
M0266,2024-09,5,20,1,19
M0446,2024-03,1,6,0,21
M0465,2024-11,5,13,2,28
M0393,2024-10,0,2,0,7
M0599,2024-12,14,164,6,9
M0103,2024-01,26,141,17,18
M0140,2024-10,2,21,2,19
M0572,2024-08,9,30,3,16
M0541,2024-07,2,15,2,25
M0555,2024-08,7,50,2,26
M0138,2024-12,1,4,0,21
M0428,2024-02,0,2,0,16
M0582,2024-03,8,24,3,21
M0334,2024-07,6,43,3,19
M0421,2024-01,6,16,2,18
M0128,2024-02,1,4,1,16
M0204,2024-04,1,6,0,22
M0532,2024-01,3,16,1,16
M0245,2024-04,0,5,0,17
M0385,2024-06,2,9,0,13
M0382,2024-04,14,70,13,20
M0067,2024-08,1,4,1,13
M0174,2024-07,2,3,0,20
M0106,2024-09,33,47,6,21
M0343,2024-01,3,8,0,18
M0300,2024-11,55,167,28,19
M0361,2024-08,5,12,3,20
M0283,2024-08,1,8,1,10
M0037,2024-09,15,72,6,21
M0386,2024-02,0,1,0,20
M0053,2024-01,5,30,2,6
M0478,2024-07,0,1,0,31
M0456,2024-09,0,1,0,22
M0485,2024-11,1,4,0,18
M0350,2024-03,13,32,5,61
M0558,2024-04,1,4,0,15
M0329,2024-11,18,175,14,19
M0571,2024-11,1,5,1,12
M0035,2024-08,1,3,0,15
M0018,2024-06,0,1,0,21
M0100,2024-12,1,3,0,31
M0126,2024-05,1,4,1,21
M0334,2024-10,10,41,2,19
M0365,2024-10,3,4,1,43
M0504,2024-03,0,2,0,18
M0095,2024-03,6,19,1,23
M0321,2024-12,3,16,1,19
M0204,2024-02,1,7,0,21
M0192,2024-08,1,1,0,26
M0097,2024-06,0,3,0,24
M0245,2024-11,0,5,0,15
M0598,2024-04,4,17,1,10
M0044,2024-05,36,88,18,64
M0113,2024-08,2,35,1,16
M0574,2024-03,5,12,1,25
M0087,2024-05,0,1,0,24
M0398,2024-01,8,34,4,27
M0343,2024-10,3,9,1,20
M0244,2024-09,4,36,3,18
M0532,2024-11,80,132,41,49
M0423,2024-12,24,136,21,20
M0256,2024-02,0,3,0,16
M0231,2024-10,2,15,2,22
M0405,2024-02,1,6,0,21
M0447,2024-07,1,3,0,14
M0530,2024-10,10,66,5,24
M0275,2024-01,40,258,18,17
M0080,2024-10,8,23,1,19
M0478,2024-10,0,1,0,27
M0292,2024-03,8,31,5,21
M0560,2024-04,1,3,0,16
M0121,2024-06,0,1,0,19
M0518,2024-09,1,3,0,14
M0178,2024-10,1,4,0,10
M0077,2024-01,1,2,0,18
M0210,2024-07,1,7,0,15
M0164,2024-08,0,1,0,25
M0548,2024-10,1,4,0,21
M0035,2024-10,1,4,1,13
M0035,2024-05,1,2,1,20
M0017,2024-05,0,2,0,15
M0587,2024-10,0,5,0,9
M0488,2024-05,18,76,18,17
M0024,2024-09,1,4,0,20
M0327,2024-09,0,0,0,13
M0436,2024-12,0,2,0,18
M0131,2024-09,1,2,1,14
M0439,2024-10,1,2,0,32
M0228,2024-09,1,3,0,22
M0544,2024-09,25,60,10,21
M0298,2024-08,44,149,17,21
M0571,2024-03,1,6,1,19
M0151,2024-04,1,2,0,24
M0537,2024-03,10,26,4,16
M0030,2024-12,1,7,0,20
M0543,2024-05,0,3,0,26
M0556,2024-09,1,6,1,28
M0390,2024-03,2,11,0,18
M0511,2024-08,2,8,1,23
M0058,2024-10,1,7,0,19
M0230,2024-05,1,5,0,13
M0315,2024-06,1,3,0,21
M0010,2024-05,1,3,0,13
M0035,2024-07,1,4,0,14
M0562,2024-02,2,4,1,14
M0443,2024-07,1,7,0,19
M0029,2024-03,1,10,0,15
M0212,2024-03,0,1,0,23
M0432,2024-01,0,2,0,26
M0259,2024-05,1,5,1,15
M0091,2024-10,8,38,7,28
M0244,2024-07,4,24,2,21
M0597,2024-09,1,3,0,15
M0494,2024-07,1,3,0,18
M0283,2024-10,1,6,0,9
M0241,2024-12,1,13,0,16
M0562,2024-07,1,5,1,21
M0078,2024-04,61,341,27,24
M0538,2024-09,8,36,3,16
M0502,2024-11,5,32,2,27
M0158,2024-12,7,19,4,15
M0457,2024-03,8,47,2,23
M0517,2024-11,1,6,0,19
M0355,2024-08,9,28,5,18
M0587,2024-12,1,5,0,20
M0187,2024-03,2,8,1,22
M0362,2024-09,1,2,1,35
M0287,2024-08,1,3,0,11
M0433,2024-12,1,4,0,25
M0184,2024-10,4,10,3,58
M0523,2024-07,1,2,0,19
M0340,2024-04,10,43,3,20
M0489,2024-09,2,9,0,19
M0317,2024-04,1,7,1,26
M0539,2024-11,16,107,6,15
M0594,2024-03,1,4,0,20
M0091,2024-04,6,51,6,22
M0236,2024-06,4,10,2,23
M0590,2024-09,1,6,1,15
M0186,2024-11,1,8,0,19
M0242,2024-10,1,3,0,23
M0412,2024-10,9,30,1,29
M0399,2024-09,1,3,0,16
M0471,2024-01,1,2,0,19
M0337,2024-07,8,52,5,21
M0491,2024-11,1,6,0,15
M0105,2024-05,0,2,0,10
M0148,2024-10,0,1,0,17
M0023,2024-10,0,2,0,18
M0016,2024-03,0,4,0,23
M0378,2024-11,23,98,7,19
M0431,2024-12,1,4,0,27
M0493,2024-10,1,4,1,23
M0380,2024-11,0,1,0,11
M0294,2024-08,1,2,1,54
M0179,2024-02,22,70,8,19
M0275,2024-09,37,323,21,21
M0587,2024-01,1,6,0,16
M0346,2024-07,1,2,0,22
M0315,2024-04,1,4,0,15
M0413,2024-06,45,223,32,22
M0547,2024-08,2,5,0,16
M0228,2024-01,1,2,0,13
M0287,2024-07,1,3,0,12
M0386,2024-11,0,1,0,14
M0155,2024-07,3,21,2,14
M0361,2024-11,7,12,3,18
M0127,2024-02,1,1,0,18
M0399,2024-01,1,3,0,16
M0489,2024-12,1,6,0,18
M0049,2024-06,1,3,1,16
M0205,2024-02,1,3,0,28
M0059,2024-03,1,3,0,23
M0147,2024-10,1,6,1,22
M0037,2024-07,8,33,2,20
M0044,2024-12,19,78,17,52
M0394,2024-09,1,6,0,19
M0287,2024-09,1,4,0,9
M0500,2024-09,5,19,1,14
M0060,2024-10,0,4,0,14
M0499,2024-08,6,33,2,25
M0122,2024-12,85,269,45,54
M0524,2024-01,1,3,1,16
M0403,2024-11,1,5,0,23
M0515,2024-06,4,30,3,26
M0224,2024-12,6,25,2,14
M0506,2024-01,9,29,3,14
M0020,2024-11,7,29,3,20
M0600,2024-09,1,3,0,13
M0114,2024-04,0,1,0,16
M0483,2024-03,0,1,0,13
M0198,2024-08,2,6,1,11
M0565,2024-05,2,8,0,19
M0157,2024-07,3,14,1,8
M0406,2024-06,0,4,0,15
M0319,2024-02,6,15,2,19
M0019,2024-12,1,5,0,15
M0189,2024-01,10,99,4,10
M0086,2024-01,1,1,0,23
M0373,2024-12,3,19,1,19
M0132,2024-11,1,3,1,18
M0299,2024-12,10,37,6,19
M0330,2024-05,1,2,0,17
M0165,2024-08,3,31,3,24
M0404,2024-08,11,25,4,26
M0148,2024-08,0,2,0,19
M0312,2024-07,1,6,0,23
M0461,2024-09,10,25,4,18
M0200,2024-11,7,17,5,64
M0277,2024-09,3,14,2,20
M0303,2024-04,1,5,0,16
M0493,2024-08,1,4,1,20
M0005,2024-04,1,2,0,21
M0043,2024-04,7,22,2,19
M0260,2024-01,1,3,0,16
M0307,2024-10,1,3,0,12
M0263,2024-07,1,3,0,21
M0258,2024-02,1,4,0,22
M0142,2024-08,8,42,2,22
M0432,2024-07,0,3,0,28
M0219,2024-08,4,18,4,22
M0361,2024-10,6,16,2,16
M0442,2024-05,15,154,14,20
M0108,2024-02,3,8,1,46
M0462,2024-01,3,19,2,22
M0574,2024-12,4,9,1,26
M0040,2024-11,1,4,1,15
M0333,2024-06,0,1,0,14
M0151,2024-02,1,1,0,19
M0187,2024-10,1,5,1,25
M0289,2024-01,2,19,3,19
M0205,2024-05,1,5,0,24
M0135,2024-07,1,6,1,17
M0415,2024-12,99,317,30,27
M0553,2024-08,3,6,2,57
M0312,2024-10,1,4,0,19
M0309,2024-09,1,1,0,6
M0552,2024-04,0,3,0,19
M0153,2024-02,3,43,1,8
M0363,2024-09,1,5,1,22
M0246,2024-03,1,3,0,17
M0133,2024-01,0,1,0,16
M0559,2024-04,9,30,3,18
M0353,2024-11,0,1,0,15
M0212,2024-08,0,2,0,15
M0494,2024-06,2,3,1,21
M0473,2024-04,1,3,0,16
M0326,2024-04,2,8,0,18
M0507,2024-02,5,32,2,17
M0390,2024-07,2,8,1,16
M0230,2024-07,1,4,0,20
M0314,2024-06,2,3,1,20
M0359,2024-07,1,3,1,14
M0310,2024-04,0,3,0,19
M0413,2024-01,46,126,21,22
M0571,2024-10,1,7,0,24
M0108,2024-04,3,7,1,33
M0001,2024-01,2,7,0,27
M0531,2024-11,3,43,3,23
M0277,2024-06,2,14,2,16
M0168,2024-06,3,29,2,15
M0149,2024-09,5,10,1,23
M0192,2024-06,0,1,0,30
M0296,2024-02,1,6,0,17
M0075,2024-02,5,36,2,21
M0266,2024-01,4,14,1,17
M0292,2024-07,8,49,4,24
M0230,2024-06,1,4,0,12
M0082,2024-08,1,2,0,15
M0195,2024-04,2,8,1,24
M0197,2024-10,7,37,1,29
M0221,2024-05,3,27,1,18
M0147,2024-12,1,5,1,20
M0347,2024-04,0,4,0,18
M0339,2024-06,7,23,2,25
M0456,2024-06,0,1,0,21
M0346,2024-04,0,2,0,24
M0031,2024-08,7,40,3,22
M0181,2024-03,5,22,3,17
M0253,2024-11,3,15,2,16
M0252,2024-06,10,48,6,15
M0451,2024-07,3,6,1,16
M0249,2024-07,9,16,4,14
M0594,2024-05,1,3,0,16
M0405,2024-07,1,11,1,26
M0082,2024-07,1,2,0,17
M0363,2024-05,1,4,1,10
M0313,2024-07,35,86,8,13
M0539,2024-01,6,39,3,18
M0349,2024-12,2,13,1,19
M0402,2024-06,0,1,0,18
M0469,2024-09,0,2,0,20
M0106,2024-06,41,65,13,23
M0232,2024-11,0,2,0,17
M0239,2024-04,1,5,0,14
M0146,2024-10,4,27,3,25
M0380,2024-08,0,1,0,14
M0394,2024-11,1,5,0,15
M0295,2024-05,10,26,3,13
M0071,2024-10,7,16,1,15
M0374,2024-04,0,1,0,11
M0173,2024-02,1,2,0,11
M0421,2024-12,5,15,3,31
M0431,2024-03,0,4,1,25
M0101,2024-10,11,29,5,20
M0010,2024-07,1,4,0,16
M0383,2024-06,14,41,2,23
M0523,2024-06,0,2,0,14
M0384,2024-12,3,6,0,27
M0519,2024-05,0,1,0,12
M0249,2024-03,7,19,4,29
M0524,2024-10,1,6,1,23
M0391,2024-02,5,64,6,11
M0069,2024-03,7,25,2,14
M0596,2024-05,1,5,1,22
M0066,2024-08,6,45,5,25
M0217,2024-12,4,19,2,15
M0269,2024-09,4,18,4,18
M0089,2024-01,0,2,0,21
M0343,2024-08,3,10,1,17
M0378,2024-08,15,85,8,30
M0213,2024-03,1,3,0,24
M0499,2024-07,6,22,2,28
M0223,2024-04,1,5,0,22
M0299,2024-02,5,25,2,16
M0338,2024-07,5,20,3,36
M0119,2024-12,0,4,0,16
M0311,2024-12,7,26,6,9
M0379,2024-11,19,145,10,9
M0576,2024-11,3,26,1,12
M0327,2024-07,0,1,0,14
M0515,2024-12,5,27,2,21
M0446,2024-06,1,6,0,26
M0442,2024-01,12,113,9,22
M0253,2024-06,4,12,3,23
M0021,2024-02,12,54,8,17
M0045,2024-02,1,2,0,17
M0370,2024-12,1,3,0,15
M0099,2024-05,33,150,28,17
M0121,2024-03,0,1,0,21
M0148,2024-09,0,2,0,18
M0592,2024-09,2,11,1,18
M0302,2024-07,0,1,0,17
M0586,2024-11,0,2,0,31
M0043,2024-03,11,33,2,23
M0502,2024-09,4,30,2,28
M0354,2024-01,0,6,0,14
M0132,2024-08,0,2,0,11
M0530,2024-12,13,63,4,23
M0330,2024-10,1,3,0,19
M0530,2024-05,5,46,4,20
M0347,2024-09,1,6,0,17
M0172,2024-07,1,7,1,6
M0146,2024-12,4,18,2,17
M0168,2024-02,4,26,2,15
M0479,2024-08,4,11,1,15
M0310,2024-02,0,2,0,19
M0271,2024-11,1,3,0,23
M0192,2024-09,0,1,0,32
M0136,2024-10,7,42,2,15
M0392,2024-08,14,194,10,34
M0068,2024-02,32,215,30,20
M0337,2024-09,9,43,7,21
M0094,2024-09,1,7,1,7
M0441,2024-08,9,58,4,21
M0305,2024-02,2,4,1,53
M0027,2024-03,6,35,3,21
M0149,2024-02,3,7,1,23
M0329,2024-09,34,322,14,18
M0214,2024-11,83,194,15,21
M0210,2024-06,1,7,0,13
M0078,2024-08,46,340,31,25
M0422,2024-08,4,8,3,47
M0141,2024-06,6,13,3,60
M0505,2024-04,1,6,0,14
M0340,2024-11,10,33,1,14
M0241,2024-11,1,9,1,16
M0310,2024-09,0,3,0,16
M0294,2024-03,1,3,0,50
M0372,2024-12,1,3,0,32
M0525,2024-02,1,3,0,25
M0031,2024-03,6,30,2,21
M0312,2024-01,0,3,0,23
M0053,2024-07,5,31,3,24
M0509,2024-06,1,4,0,14
M0349,2024-11,2,12,1,15
M0150,2024-01,43,269,17,20
M0198,2024-06,1,7,0,13
M0187,2024-02,1,9,0,25
M0482,2024-02,1,2,0,19
M0590,2024-01,1,6,1,15
M0268,2024-01,4,13,2,16
M0244,2024-01,3,27,2,16
M0480,2024-03,5,38,4,24
M0234,2024-09,2,6,0,15
M0323,2024-08,2,11,1,26
M0330,2024-11,1,2,0,17
M0010,2024-12,1,5,0,17
M0164,2024-04,0,1,0,19
M0089,2024-07,0,2,0,13
M0071,2024-01,7,16,1,13
M0042,2024-02,5,14,1,19
M0037,2024-12,8,51,2,17
M0541,2024-03,2,8,1,19
M0154,2024-07,1,4,1,12
M0264,2024-01,1,8,1,17
M0361,2024-01,7,14,3,15
M0002,2024-08,4,32,2,28
M0035,2024-11,1,2,0,18
M0329,2024-10,25,310,17,21
M0083,2024-08,2,8,1,16
M0033,2024-02,0,3,0,12
M0078,2024-06,50,162,24,24
M0550,2024-09,1,4,0,25
M0023,2024-01,0,1,0,17
M0122,2024-01,15,62,4,20
M0355,2024-09,10,22,5,20
M0180,2024-11,10,34,5,20
M0367,2024-08,0,1,0,15
M0268,2024-07,4,10,2,18
M0517,2024-01,2,6,1,26
M0384,2024-10,2,5,0,23
M0514,2024-07,0,1,0,15
M0431,2024-04,0,3,1,19
M0450,2024-06,7,33,3,33
M0464,2024-08,9,79,7,29
M0078,2024-11,87,358,39,20
M0416,2024-02,69,206,6,24
M0023,2024-12,0,2,0,16
M0498,2024-03,0,3,0,24
M0483,2024-09,0,1,0,18
M0522,2024-07,8,34,5,17
M0284,2024-05,13,137,12,30
M0466,2024-06,2,25,2,39
M0573,2024-08,0,1,0,17
M0438,2024-08,1,4,1,11
M0513,2024-02,5,22,4,25
M0144,2024-08,1,4,0,20
M0361,2024-04,7,10,2,18
M0485,2024-06,1,3,0,15
M0012,2024-02,1,5,0,21
M0147,2024-08,1,6,1,17
M0533,2024-09,1,1,1,51
M0109,2024-12,1,9,1,19
M0042,2024-05,7,18,2,22
M0422,2024-05,4,8,2,40
M0028,2024-12,2,5,0,24
M0549,2024-08,10,55,6,22
M0278,2024-12,0,1,0,26
M0268,2024-11,4,10,1,22
M0448,2024-02,1,5,0,19
M0410,2024-01,4,17,5,21
M0429,2024-12,0,1,0,18
M0037,2024-10,11,51,3,29
M0439,2024-03,1,3,0,31
M0457,2024-12,15,49,3,28
M0264,2024-06,1,6,1,23
M0582,2024-11,7,40,3,23
M0333,2024-12,0,1,0,18
M0258,2024-12,2,7,1,25
M0263,2024-08,1,5,1,23
M0315,2024-09,1,2,0,9
M0362,2024-07,1,2,1,46
M0117,2024-03,1,5,0,25
M0399,2024-04,1,3,0,11
M0113,2024-07,3,40,1,18
M0397,2024-02,1,2,0,17
M0213,2024-09,1,3,1,26
M0035,2024-01,1,3,0,14
M0093,2024-12,0,1,0,11
M0263,2024-10,1,5,0,22
M0105,2024-08,0,3,0,20
M0469,2024-06,0,2,0,8
M0156,2024-07,2,11,2,31
M0012,2024-09,1,7,0,22
M0558,2024-07,1,6,1,13
M0417,2024-05,8,39,2,14
M0224,2024-10,5,26,2,12
M0447,2024-05,1,3,0,15
M0324,2024-10,35,143,5,17
M0058,2024-05,1,4,0,18
M0478,2024-01,0,1,0,24
M0564,2024-10,1,4,0,29
M0323,2024-01,1,7,1,24
M0413,2024-03,48,172,28,25
M0049,2024-08,3,15,2,27
M0483,2024-10,0,2,0,17
M0028,2024-09,4,12,1,24
M0108,2024-10,3,7,1,40
M0336,2024-04,1,4,0,18
M0434,2024-05,0,1,0,21
M0315,2024-08,1,3,0,14
M0163,2024-02,9,42,2,20
