merchant_id,month,transaction_count,transaction_volume,authorisations,successful_authorisations
M0219,2024-02,576,72168.13,607,576
M0058,2024-09,249,17214.17,267,249
M0449,2024-07,408,35456.02,439,408
M0437,2024-08,120,32494.35,122,120
M0347,2024-02,172,14979.31,185,172
M0544,2024-04,4122,1123154.37,4205,4122
M0154,2024-06,280,11993.69,285,280
M0035,2024-07,236,10234.54,246,236
M0346,2024-08,90,1204.34,97,90
M0424,2024-03,419,122827.91,459,419
M0182,2024-08,56,2846.58,61,56
M0576,2024-04,1572,66670.18,1706,1572
M0203,2024-04,275,7424.02,294,275
M0169,2024-07,158,11064.57,165,158
M0334,2024-09,1344,12605.61,1395,1344
M0324,2024-08,7050,2475116.88,7813,7050
M0246,2024-02,184,104941.88,197,184
M0147,2024-09,259,1754.51,281,259
M0037,2024-11,1560,755691.66,1708,1560
M0157,2024-03,1002,42045.58,1061,1002
M0231,2024-04,673,95968.88,722,673
M0174,2024-08,397,54070.48,405,397
M0099,2024-01,7434,533547.46,8079,7434
M0369,2024-05,213,12447.52,234,213
M0529,2024-12,1821,74150.64,2021,1821
M0222,2024-08,101,3090.89,104,101
M0417,2024-08,2395,765530.05,2581,2395
M0236,2024-12,1039,37676.17,1108,1039
M0334,2024-07,1313,9953.68,1453,1313
M0445,2024-10,42,2475.52,43,42
M0493,2024-07,280,16205.10,309,280
M0438,2024-06,140,58224.65,146,140
M0523,2024-03,135,87926.60,140,135
M0031,2024-04,1835,47592.82,2012,1835
M0082,2024-09,166,4070.12,176,166
M0284,2024-01,3969,601219.29,4288,3969
M0037,2024-06,1060,547004.00,1155,1060
M0065,2024-02,163,8687.89,172,163
M0447,2024-02,159,3594.89,175,159
M0166,2024-07,89,2681.27,98,89
M0424,2024-10,417,126336.49,427,417
M0426,2024-04,70,6290.77,78,70
M0094,2024-07,444,5366.55,492,444
M0244,2024-04,1985,15707.87,2155,1985
M0073,2024-04,83,28725.45,89,83
M0109,2024-05,223,12045.93,244,223
M0164,2024-10,49,21046.46,54,49
M0025,2024-01,204,32782.83,210,204
M0271,2024-07,229,87881.83,245,229
M0131,2024-02,198,6762.59,214,198
M0522,2024-01,2033,898771.33,2129,2033
M0329,2024-02,8855,2765830.24,9770,8855
M0485,2024-11,175,5849.74,181,175
M0385,2024-11,1003,129059.46,1103,1003
M0328,2024-12,1779,31983.88,1817,1779
M0595,2024-11,586,31517.42,622,586
M0016,2024-12,237,57614.44,241,237
M0137,2024-06,292,18544.81,309,292
M0008,2024-02,104,31603.51,110,104
M0165,2024-11,2038,94959.21,2245,2038
M0069,2024-09,2416,414503.39,2680,2416
M0252,2024-04,1724,397397.88,1825,1724
M0170,2024-08,65,3854.08,68,65
M0148,2024-09,84,2786.19,86,84
M0463,2024-07,322,83281.62,335,322
M0583,2024-05,319,190763.08,330,319
M0506,2024-05,1479,27472.55,1636,1479
M0472,2024-05,249,3967.63,259,249
M0526,2024-09,259,38302.15,287,259
M0093,2024-09,63,1863.02,64,63
M0533,2024-01,34,7335.23,37,34
M0508,2024-07,5179,402425.16,5368,5179
M0525,2024-06,164,7525.14,182,164
M0084,2024-04,446,210302.90,456,446
M0022,2024-12,8240,390854.57,8936,8240
M0208,2024-03,9182,362550.26,9534,9182
M0233,2024-11,1681,119507.41,1740,1681
M0067,2024-08,218,14547.50,227,218
M0031,2024-09,2068,52765.01,2195,2068
M0088,2024-08,1519,79439.38,1592,1519
M0404,2024-10,993,243022.97,1093,993
M0479,2024-02,671,11295.34,691,671
M0294,2024-02,52,3018.78,56,52
M0207,2024-07,114,2260.44,119,114
M0124,2024-11,2133,1290022.94,2261,2133
M0549,2024-01,1555,386695.67,1625,1555
M0068,2024-02,9683,196639.54,10682,9683
M0370,2024-02,208,4519.16,220,208
M0132,2024-01,110,4416.22,117,110
M0086,2024-07,169,81662.92,186,169
M0060,2024-02,107,4384.73,109,107
M0039,2024-08,2415,712097.11,2453,2415
M0263,2024-06,160,25248.75,169,160
M0442,2024-12,6319,1286416.19,6879,6319
M0584,2024-07,294,86375.95,306,294
M0348,2024-12,461,17026.26,507,461
M0134,2024-10,112,14678.66,122,112
M0442,2024-01,3694,735327.15,3766,3694
M0452,2024-01,85,3768.63,87,85
M0590,2024-08,255,2749.85,271,255
M0165,2024-04,1159,59805.55,1273,1159
M0301,2024-02,127,41702.35,136,127
M0143,2024-12,4796,2315185.25,5038,4796
M0091,2024-01,1625,273674.17,1654,1625
M0379,2024-01,7933,2200525.28,8422,7933
M0305,2024-10,90,5030.38,92,90
M0245,2024-01,188,1899.69,195,188
M0202,2024-08,258,5867.18,266,258
M0113,2024-07,2577,1536625.07,2690,2577
M0110,2024-04,230,60598.10,236,230
M0501,2024-11,56,12617.66,60,56
M0364,2024-05,284,48712.72,307,284
M0371,2024-05,57,1215.19,59,57
M0303,2024-01,208,3905.89,227,208
M0595,2024-07,612,35115.69,640,612
M0070,2024-11,3246,67891.91,3472,3246
M0362,2024-04,79,4055.00,80,79
M0018,2024-01,60,16580.40,65,60
M0232,2024-02,45,985.03,50,45
M0171,2024-01,137,2732.94,152,137
M0062,2024-04,323,45539.49,329,323
M0178,2024-10,234,60302.61,257,234
M0367,2024-04,65,3397.27,68,65
M0095,2024-06,1518,110676.41,1663,1518
M0335,2024-09,111,6099.22,114,111
M0465,2024-01,834,30436.52,863,834
M0038,2024-05,149,21617.99,158,149
M0176,2024-09,830,187616.71,916,830
M0420,2024-10,1533,18374.83,1664,1533
M0600,2024-09,257,126041.92,262,257
M0511,2024-06,331,100176.70,340,331
M0263,2024-04,226,34785.99,249,226
M0312,2024-05,180,12684.71,199,180
M0078,2024-01,8459,268786.99,8628,8459
M0161,2024-10,745,149129.48,814,745
M0346,2024-05,74,959.22,77,74
M0281,2024-06,150,3575.87,157,150
M0091,2024-05,2013,323545.55,2064,2013
M0109,2024-07,215,11489.47,222,215
M0511,2024-02,261,88784.98,274,261
M0334,2024-11,1422,12591.40,1478,1422
M0100,2024-05,75,20890.86,77,75
M0247,2024-04,5430,1823208.01,5548,5430
M0477,2024-06,118,8841.29,128,118
M0305,2024-01,87,4379.00,96,87
M0363,2024-07,310,24222.56,316,310
M0101,2024-08,1437,42128.58,1528,1437
M0033,2024-11,180,9919.25,193,180
M0508,2024-09,5505,404259.36,5823,5505
M0328,2024-06,1657,31110.69,1688,1657
M0169,2024-06,145,11439.24,149,145
M0405,2024-05,250,40280.40,259,250
M0227,2024-05,497,228705.90,535,497
M0155,2024-11,920,103053.65,1000,920
M0188,2024-01,1720,32619.16,1852,1720
M0347,2024-10,210,19105.81,232,210
M0243,2024-08,163,39139.21,170,163
M0452,2024-10,86,4163.06,92,86
M0326,2024-10,386,9012.48,411,386
M0534,2024-03,1090,49061.69,1117,1090
M0354,2024-09,374,19881.40,394,374
M0486,2024-04,113,48868.19,116,113
M0439,2024-08,150,76623.87,154,150
M0216,2024-01,170,13245.29,178,170
M0121,2024-01,55,1467.98,59,55
M0096,2024-09,188,12501.05,201,188
M0171,2024-06,159,3082.90,162,159
M0495,2024-06,558,8228.78,590,558
M0453,2024-11,1225,58563.79,1276,1225
M0448,2024-07,172,27794.76,190,172
M0087,2024-02,44,12152.28,48,44
M0083,2024-04,442,13651.24,456,442
M0577,2024-10,215,37902.59,220,215
M0010,2024-09,314,14326.30,349,314
M0101,2024-04,1483,52201.58,1581,1483
M0006,2024-07,247,176717.90,270,247
M0242,2024-06,141,27173.37,150,141
M0343,2024-01,347,22677.86,381,347
M0109,2024-08,225,12371.82,234,225
M0238,2024-08,173,4543.34,181,173
M0130,2024-03,174,6360.12,190,174
M0556,2024-09,239,86254.75,252,239
M0306,2024-05,85,21033.16,91,85
M0364,2024-04,251,36293.45,272,251
M0284,2024-11,4426,770809.36,4848,4426
M0017,2024-11,78,11538.43,86,78
M0482,2024-08,145,7325.17,153,145
M0088,2024-10,1598,79364.99,1764,1598
M0507,2024-06,2505,829917.68,2665,2505
M0546,2024-10,681,33637.04,754,681
M0175,2024-07,1337,22027.94,1460,1337
M0279,2024-08,323,39145.22,351,323
M0524,2024-06,269,68542.32,278,269
M0459,2024-09,91,1833.66,96,91
M0070,2024-03,2492,50242.85,2568,2492
M0015,2024-04,199,11951.84,202,199
M0504,2024-11,136,18977.67,145,136
M0280,2024-06,819,337747.26,883,819
M0059,2024-08,159,26392.69,173,159
M0061,2024-01,64,9092.68,68,64
M0220,2024-01,163,3647.98,168,163
M0275,2024-04,11618,4912872.59,12210,11618
M0251,2024-12,265,6382.69,285,265
M0148,2024-03,99,3276.31,110,99
M0083,2024-01,398,10985.63,408,398
M0247,2024-10,4881,1666313.49,5037,4881
M0171,2024-10,187,3883.55,199,187
M0501,2024-01,53,12675.63,57,53
M0365,2024-08,167,5570.09,178,167
M0150,2024-02,11069,789699.26,12014,11069
M0196,2024-02,134,59997.23,147,134
M0250,2024-02,172,34983.33,179,172
M0201,2024-04,211,64796.84,217,211
M0260,2024-12,308,65917.80,329,308
M0190,2024-10,644,22516.56,708,644
M0033,2024-09,160,8824.15,176,160
M0390,2024-02,619,30430.12,670,619
M0523,2024-11,124,76483.36,135,124
M0158,2024-05,1871,50999.01,2044,1871
M0151,2024-07,201,71151.13,211,201
M0008,2024-11,106,34807.48,114,106
M0340,2024-09,1884,341050.99,1974,1884
M0403,2024-07,321,116770.93,338,321
M0175,2024-11,1552,24904.34,1653,1552
M0180,2024-06,2311,388152.08,2519,2311
M0553,2024-12,96,45813.72,97,96
M0477,2024-05,118,8791.58,130,118
M0582,2024-03,4318,280995.76,4718,4318
M0100,2024-03,63,18431.44,65,63
M0575,2024-08,252,40538.07,262,252
M0047,2024-07,364,71627.02,378,364
M0280,2024-12,819,383336.45,850,819
M0366,2024-04,159,7426.82,166,159
M0154,2024-11,276,10520.89,294,276
M0013,2024-06,55,398.21,60,55
M0299,2024-01,825,53130.86,869,825
M0236,2024-04,907,33350.91,942,907
M0199,2024-04,9083,99219.06,10005,9083
M0173,2024-05,110,1455.63,119,110
M0599,2024-09,5060,157753.45,5605,5060
M0296,2024-07,129,47720.35,140,129
M0339,2024-06,1091,240610.93,1198,1091
M0190,2024-12,662,23315.02,686,662
M0117,2024-02,237,158664.08,250,237
M0275,2024-07,14720,5788203.38,15617,14720
M0530,2024-06,1747,72809.77,1912,1747
M0502,2024-06,1163,279449.41,1216,1163
M0232,2024-08,57,1316.46,59,57
M0411,2024-06,192,34423.00,201,192
M0205,2024-01,155,19716.88,158,155
M0263,2024-10,205,35167.71,227,205
M0364,2024-10,252,39554.45,262,252
M0015,2024-08,244,14369.51,249,244
M0537,2024-11,2163,61222.19,2355,2163
M0433,2024-01,176,66156.32,184,176
M0015,2024-03,173,11085.32,182,173
M0144,2024-09,219,79821.82,223,219
M0560,2024-01,165,12311.78,170,165
M0541,2024-02,490,49612.69,536,490
M0257,2024-11,235,96829.04,242,235
M0426,2024-12,126,10931.18,139,126
M0358,2024-12,186,28284.74,191,186
M0077,2024-06,111,30416.33,113,111
M0004,2024-05,9812,2075039.96,10530,9812
M0039,2024-06,2408,594565.43,2635,2408
M0125,2024-07,206,8737.39,226,206
M0004,2024-11,10804,2279540.96,11079,10804
M0057,2024-03,104,42558.15,114,104
M0562,2024-06,236,1627.63,261,236
M0195,2024-01,222,51773.71,246,222
M0335,2024-02,138,7415.84,145,138
M0535,2024-09,1655,55404.48,1737,1655
M0430,2024-08,256,59655.38,276,256
M0333,2024-02,58,853.19,61,58
M0460,2024-12,1184,69399.39,1278,1184
M0372,2024-12,103,3630.47,111,103
M0073,2024-09,82,27882.40,85,82
M0294,2024-08,49,2409.59,51,49
M0359,2024-09,221,4684.28,240,221
M0192,2024-12,76,12487.14,81,76
M0223,2024-08,122,4774.96,126,122
M0232,2024-10,63,1363.95,66,63
M0255,2024-10,145,9945.04,156,145
M0207,2024-01,148,2849.03,155,148
M0494,2024-10,219,1735.28,228,219
M0300,2024-11,12144,301588.36,12820,12144
M0102,2024-05,187,8842.61,195,187
M0212,2024-03,93,4556.50,102,93
M0597,2024-12,117,1409.30,125,117
M0459,2024-05,88,1696.47,90,88
M0297,2024-04,307,63186.79,340,307
M0382,2024-07,2656,743714.17,2868,2656
M0151,2024-04,156,48328.09,161,156
M0238,2024-10,150,4114.99,154,150
M0422,2024-02,299,31592.92,304,299
M0568,2024-08,237,12107.38,244,237
M0571,2024-12,401,166926.59,410,401
M0476,2024-07,195,36177.08,199,195
M0028,2024-07,208,66268.37,220,208
M0361,2024-08,910,29570.71,939,910
M0569,2024-08,829,27456.48,898,829
M0129,2024-05,299,18642.39,324,299
M0059,2024-12,187,30034.78,205,187
M0314,2024-05,526,113179.81,540,526
M0010,2024-08,261,12723.01,288,261
M0128,2024-05,286,146857.27,303,286
M0499,2024-08,1262,657505.72,1353,1262
M0288,2024-06,323,107668.65,337,323
M0470,2024-10,490,72076.19,528,490
M0127,2024-12,81,1319.75,89,81
M0121,2024-10,73,1934.67,80,73
M0099,2024-09,9510,714713.88,10130,9510
M0011,2024-06,242,4999.77,253,242
M0507,2024-04,1901,645075.42,1933,1901
M0590,2024-09,251,2623.19,261,251
M0385,2024-06,963,125635.11,1055,963
M0093,2024-02,58,1692.62,62,58
M0063,2024-12,202,38432.30,219,202
M0085,2024-05,226,9024.79,249,226
M0173,2024-01,93,1210.28,97,93
M0177,2024-05,315,6859.25,327,315
M0110,2024-08,324,84970.49,346,324
M0319,2024-12,816,20216.03,889,816
M0222,2024-05,79,2109.84,84,79
M0429,2024-10,46,5286.43,48,46
M0173,2024-08,106,1406.30,114,106
M0188,2024-12,1311,26322.67,1379,1311
M0193,2024-06,196,43884.57,199,196
M0038,2024-09,161,25898.67,179,161
M0528,2024-02,188,31921.77,204,188
M0544,2024-11,4799,1350774.11,5242,4799
M0106,2024-06,5073,169391.29,5166,5073
M0156,2024-11,253,3377.93,270,253
M0585,2024-05,1945,58281.47,2076,1945
M0515,2024-08,880,30055.27,915,880
M0087,2024-11,53,14414.06,54,53
M0094,2024-01,443,5309.17,492,443
M0133,2024-02,33,1954.09,34,33
M0393,2024-11,279,7855.02,309,279
M0003,2024-05,196,4004.64,202,196
M0075,2024-06,1218,41079.63,1345,1218
M0041,2024-12,1700,49566.78,1844,1700
M0116,2024-04,49,12806.57,51,49
M0325,2024-10,1381,945374.99,1512,1381
M0507,2024-12,2417,851838.65,2628,2417
M0192,2024-02,49,9241.79,53,49
M0415,2024-04,11918,1332773.20,12735,11918
M0121,2024-05,65,1798.55,67,65
M0498,2024-12,152,49566.08,162,152
M0245,2024-11,211,2214.98,233,211
M0045,2024-02,125,8621.06,131,125
M0011,2024-04,222,3960.80,232,222
M0555,2024-05,1618,39442.93,1767,1618
M0354,2024-03,302,16321.16,307,302
M0023,2024-02,107,2767.78,111,107
M0448,2024-02,213,36497.47,226,213
M0555,2024-12,1618,36658.80,1766,1618
M0558,2024-08,290,18650.56,301,290
M0017,2024-01,78,11363.18,82,78
M0570,2024-02,1163,72338.53,1202,1163
M0011,2024-08,233,4148.50,243,233
M0565,2024-06,315,52233.96,321,315
M0035,2024-06,215,8685.87,220,215
M0259,2024-01,252,96419.18,260,252
M0071,2024-03,1266,14296.46,1400,1266
M0584,2024-01,166,51260.80,175,166
M0062,2024-11,291,43324.07,313,291
M0462,2024-03,867,226992.85,896,867
M0453,2024-04,811,36828.51,884,811
M0566,2024-03,1001,47924.29,1053,1001
M0186,2024-07,255,35599.03,280,255
M0302,2024-10,44,2511.83,46,44
M0301,2024-08,204,67678.95,214,204
M0087,2024-05,52,15245.39,57,52
M0117,2024-07,363,252247.13,374,363
M0203,2024-06,281,8788.78,299,281
M0321,2024-02,519,12459.42,563,519
M0447,2024-09,170,3920.34,173,170
M0188,2024-07,1471,26870.79,1562,1471
M0216,2024-06,207,16358.94,227,207
M0326,2024-05,356,8608.99,390,356
M0441,2024-06,1728,42848.19,1908,1728
M0118,2024-10,524,28783.83,560,524
M0226,2024-06,92,2288.25,97,92
M0073,2024-10,81,27255.34,84,81
M0459,2024-04,84,1554.41,88,84
M0139,2024-01,271,21334.37,297,271
M0096,2024-01,119,7932.05,125,119
M0096,2024-04,163,10982.25,181,163
M0282,2024-11,259,101790.32,287,259
M0340,2024-06,2815,542345.87,3084,2815
M0443,2024-07,373,226976.61,381,373
M0559,2024-01,1605,40804.02,1641,1605
M0315,2024-06,141,2701.37,147,141
M0280,2024-07,832,328829.82,887,832
M0140,2024-12,997,137248.16,1087,997
M0042,2024-11,925,111281.25,1004,925
M0067,2024-01,189,11916.45,194,189
M0475,2024-07,253,18322.84,280,253
M0229,2024-12,302,22523.13,327,302
M0549,2024-07,2617,601823.99,2692,2617
M0263,2024-08,297,48497.63,310,297
M0066,2024-06,1339,230542.87,1434,1339
M0431,2024-09,178,1196.84,186,178
M0339,2024-12,1398,318694.17,1474,1398
M0537,2024-08,1970,53511.29,2168,1970
M0585,2024-10,2146,57454.71,2251,2146
M0489,2024-01,257,3352.06,275,257
M0368,2024-01,4099,107990.51,4414,4099
M0230,2024-10,197,4782.89,204,197
M0535,2024-11,1421,43329.16,1463,1421
M0179,2024-01,4256,207481.15,4647,4256
M0027,2024-07,1855,472319.96,1985,1855
M0492,2024-12,420,12210.56,454,420
M0029,2024-06,508,10855.88,555,508
M0308,2024-03,2175,67804.27,2377,2175
M0267,2024-09,798,185247.25,851,798
M0248,2024-10,136,5253.28,149,136
M0254,2024-07,618,174365.84,670,618
M0259,2024-09,276,105486.97,295,276
M0341,2024-11,2822,227959.89,3100,2822
M0009,2024-02,253,2653.83,273,253
M0506,2024-11,1440,28007.06,1521,1440
M0372,2024-02,52,1841.37,54,52
M0227,2024-03,562,245135.13,605,562
M0056,2024-06,213,5199.43,235,213
M0051,2024-08,247,12067.20,270,247
M0509,2024-05,360,66802.12,382,360
M0329,2024-06,13319,3931401.84,14089,13319
M0506,2024-04,1427,28121.90,1578,1427
M0286,2024-04,55,1237.38,58,55
M0577,2024-11,251,48127.23,274,251
M0194,2024-06,205,51576.23,223,205
M0474,2024-04,270,3647.63,285,270
M0504,2024-09,163,21082.25,172,163
M0333,2024-05,71,1071.36,76,71
M0506,2024-08,1346,23205.69,1495,1346
M0421,2024-11,637,9245.35,649,637
M0461,2024-07,2211,1386028.38,2296,2211
M0513,2024-09,1460,839150.03,1566,1460
M0504,2024-04,132,17770.56,145,132
M0166,2024-11,95,2931.11,99,95
M0353,2024-08,159,79730.54,170,159
M0426,2024-11,98,8129.01,103,98
M0398,2024-10,1151,48023.64,1175,1151
M0108,2024-08,228,74529.66,238,228
M0109,2024-01,186,9712.92,205,186
M0533,2024-09,46,9803.44,49,46
M0122,2024-10,3872,48054.60,4144,3872
M0123,2024-11,2514,102372.82,2605,2514
M0254,2024-01,476,142531.46,523,476
M0497,2024-08,422,16016.15,435,422
M0337,2024-04,1920,106948.78,1986,1920
M0312,2024-07,209,14239.05,215,209
M0177,2024-07,336,7082.14,373,336
M0206,2024-01,1261,127620.66,1339,1261
M0182,2024-10,49,2411.69,54,49
M0183,2024-12,362,55459.69,390,362
M0553,2024-09,152,68792.96,163,152
M0279,2024-12,342,40661.75,368,342
M0012,2024-08,279,23065.98,304,279
M0055,2024-08,1970,40183.08,2075,1970
M0158,2024-11,1852,51370.07,2032,1852
M0356,2024-11,1893,967338.76,1960,1893
M0567,2024-07,969,179239.23,1019,969
M0312,2024-09,198,13830.24,205,198
M0124,2024-12,2540,1507338.14,2691,2540
M0547,2024-11,437,8672.93,455,437
M0311,2024-03,1766,31904.80,1920,1766
M0299,2024-08,1091,75426.28,1144,1091
M0507,2024-08,2508,917790.34,2619,2508
M0300,2024-07,10848,237430.36,11540,10848
M0064,2024-11,2050,567807.31,2259,2050
M0550,2024-08,306,92979.54,336,306
M0264,2024-09,266,15126.87,292,266
M0376,2024-10,2242,110631.83,2358,2242
M0277,2024-10,768,49905.88,818,768
M0441,2024-03,1555,39471.87,1646,1555
M0243,2024-09,143,33137.29,147,143
M0444,2024-08,338,34094.64,364,338
M0234,2024-03,275,18704.37,289,275
M0300,2024-01,11254,255210.57,11842,11254
M0405,2024-03,224,34834.70,239,224
M0059,2024-06,151,23218.09,157,151
M0114,2024-08,102,2352.03,107,102
M0399,2024-04,162,61071.46,165,162
M0229,2024-05,365,27580.50,389,365
M0115,2024-10,1340,55487.51,1454,1340
M0194,2024-09,158,41980.95,167,158
M0342,2024-12,1624,56543.14,1793,1624
M0378,2024-10,4817,826237.34,4936,4817
M0110,2024-11,249,70573.97,271,249
M0074,2024-10,288,178815.75,316,288
M0563,2024-09,1562,330358.55,1637,1562
M0075,2024-11,5327,176628.65,5874,5327
M0287,2024-05,225,5373.76,231,225
M0237,2024-07,157,8084.57,173,157
M0433,2024-07,311,125935.60,320,311
M0164,2024-08,66,28614.47,73,66
M0223,2024-05,148,6964.54,159,148
M0039,2024-01,1805,505923.44,1849,1805
M0278,2024-02,37,24899.47,39,37
M0384,2024-07,246,6653.92,263,246
M0133,2024-05,42,2496.72,43,42
M0596,2024-08,350,115149.88,385,350
M0256,2024-05,166,48808.35,174,166
M0270,2024-12,62,16933.78,66,62
M0036,2024-03,7332,2298196.56,7454,7332
M0488,2024-08,5798,483345.56,6314,5798
M0531,2024-01,1497,82549.69,1648,1497
M0291,2024-03,361,30720.34,380,361
M0179,2024-03,4415,212626.65,4598,4415
M0009,2024-05,242,2437.60,251,242
M0251,2024-05,251,5354.32,262,251
M0051,2024-11,374,16941.82,406,374
M0382,2024-09,4554,1313949.99,4998,4554
M0508,2024-03,5416,393983.34,5499,5416
M0571,2024-02,225,94453.02,231,225
M0344,2024-01,145,9485.91,151,145
M0451,2024-06,467,26515.84,504,467
M0016,2024-01,145,34354.59,155,145
M0539,2024-12,3741,158755.71,3907,3741
M0097,2024-02,90,14812.87,97,90
M0436,2024-05,110,46322.00,116,110
M0030,2024-11,201,20147.38,205,201
M0384,2024-02,200,5586.99,208,200
M0375,2024-12,529,9767.67,554,529
M0080,2024-08,1815,58997.41,1942,1815
M0309,2024-01,76,2045.39,82,76
M0051,2024-02,201,9922.17,218,201
M0289,2024-08,777,17230.07,792,777
M0379,2024-03,7550,1779828.57,7818,7550
M0271,2024-08,303,104411.63,315,303
M0570,2024-09,1411,88476.55,1460,1411
M0237,2024-12,179,10433.16,184,179
M0084,2024-03,484,266855.36,504,484
M0487,2024-06,11444,183069.47,12181,11444
M0121,2024-07,49,1309.98,51,49
M0568,2024-07,239,13841.66,252,239
M0429,2024-02,46,4890.85,48,46
M0337,2024-07,2039,98258.41,2171,2039
M0226,2024-09,90,2424.05,93,90
M0163,2024-05,1943,374615.05,2076,1943
M0580,2024-01,210,8517.60,231,210
M0284,2024-10,4272,643990.99,4744,4272
M0313,2024-09,6847,553038.30,7058,6847
M0285,2024-11,241,4350.92,253,241
M0536,2024-07,752,122558.68,779,752
M0482,2024-01,125,6129.90,134,125
M0564,2024-04,166,8377.87,175,166
M0256,2024-04,140,39959.02,147,140
M0187,2024-02,223,28229.12,237,223
M0303,2024-06,224,3849.82,240,224
M0422,2024-10,304,32254.06,333,304
M0561,2024-12,300,17091.71,314,300
M0304,2024-09,137,2127.31,144,137
M0438,2024-03,168,65624.08,183,168
M0524,2024-09,230,59601.17,249,230
M0068,2024-11,10785,217010.35,11917,10785
M0096,2024-05,147,10818.83,157,147
M0346,2024-02,74,945.26,81,74
M0071,2024-12,1077,12970.22,1143,1077
M0215,2024-04,268,84802.70,283,268
M0483,2024-09,122,2753.38,126,122
M0479,2024-11,771,11276.77,823,771
M0469,2024-08,90,1941.96,93,90
M0139,2024-06,312,22806.55,330,312
M0051,2024-06,236,10390.49,247,236
M0011,2024-07,204,3984.67,209,204
M0099,2024-04,9397,694981.10,10073,9397
M0437,2024-11,107,27868.95,115,107
M0398,2024-08,1169,46961.00,1277,1169
M0081,2024-01,888,29326.11,914,888
M0414,2024-10,139,1325.06,150,139
M0184,2024-09,188,49655.57,204,188
M0352,2024-07,997,157912.70,1065,997
M0584,2024-09,240,80388.92,259,240
M0500,2024-02,937,111317.59,974,937
M0261,2024-01,73,16344.12,77,73
M0113,2024-10,2053,1188941.39,2278,2053
M0222,2024-11,124,3862.90,135,124
M0166,2024-06,82,2548.22,84,82
M0262,2024-11,88,6660.79,90,88
M0089,2024-12,87,13738.90,94,87
M0511,2024-11,271,84256.15,283,271
M0370,2024-10,202,4370.70,211,202
M0171,2024-12,288,5607.49,303,288
M0048,2024-04,102,27025.23,111,102
M0083,2024-06,507,15677.57,554,507
M0443,2024-03,213,122848.30,220,213
M0012,2024-12,306,23879.14,326,306
M0498,2024-01,115,43857.78,127,115
M0206,2024-07,1937,202672.17,2089,1937
M0305,2024-11,95,4897.25,99,95
M0027,2024-11,1457,301406.65,1525,1457
M0390,2024-10,691,32292.70,757,691
M0279,2024-10,331,39170.92,352,331
M0291,2024-04,469,38030.11,495,469
M0517,2024-11,223,5948.41,238,223
M0185,2024-03,602,36446.84,666,602
M0248,2024-07,132,5386.57,135,132
M0150,2024-09,11824,799135.20,13082,11824
M0341,2024-12,3044,218965.44,3361,3044
M0054,2024-01,58,1228.48,59,58
M0499,2024-02,746,409956.32,790,746
M0440,2024-04,93,20177.14,101,93
M0483,2024-10,123,3018.73,126,123
M0291,2024-12,729,59312.34,805,729
M0096,2024-02,109,7025.47,119,109
M0396,2024-10,8707,926055.20,9251,8707
M0172,2024-12,833,24541.70,877,833
M0175,2024-01,1280,21765.21,1385,1280
M0446,2024-12,308,12457.62,331,308
M0164,2024-11,46,20452.08,50,46
M0379,2024-11,7252,1805343.11,8055,7252
M0320,2024-01,593,150523.81,643,593
M0254,2024-11,485,143095.03,531,485
M0334,2024-06,1557,13484.37,1704,1557
M0521,2024-09,1517,64516.34,1616,1517
M0207,2024-02,126,2671.64,133,126
M0338,2024-03,394,98950.30,411,394
M0367,2024-03,76,3798.48,78,76
M0236,2024-02,896,32162.85,919,896
M0153,2024-08,1946,55664.82,2077,1946
M0343,2024-09,407,26744.56,431,407
M0390,2024-08,687,33735.68,756,687
M0260,2024-06,271,57967.98,289,271
M0532,2024-02,1118,53287.95,1171,1118
M0028,2024-11,306,100290.32,325,306
M0080,2024-12,1990,62823.13,2126,1990
M0463,2024-02,219,54460.11,223,219
M0293,2024-02,1837,206681.04,2023,1837
M0149,2024-01,498,238945.52,546,498
M0125,2024-05,193,7843.76,213,193
M0491,2024-08,242,14027.57,247,242
M0476,2024-08,191,34001.82,210,191
M0165,2024-09,1174,57376.69,1291,1174
M0210,2024-09,267,21105.42,276,267
M0093,2024-06,67,2109.01,69,67
M0112,2024-06,182,4114.52,187,182
M0290,2024-01,1539,206515.41,1616,1539
M0096,2024-07,194,13204.76,212,194
M0576,2024-02,1521,66638.38,1550,1521
M0080,2024-06,2049,64489.84,2188,2049
M0185,2024-11,925,57082.36,1009,925
M0149,2024-02,545,288756.14,593,545
M0514,2024-02,60,3259.04,66,60
M0570,2024-07,1417,85906.21,1460,1417
M0155,2024-09,986,111066.11,1065,986
M0556,2024-03,190,71167.89,198,190
M0027,2024-10,1173,297693.13,1228,1173
M0408,2024-01,224,6309.07,234,224
M0080,2024-10,1765,56486.71,1824,1765
M0599,2024-03,3746,131227.52,3812,3746
M0319,2024-09,927,24219.66,1016,927
M0049,2024-02,241,128473.49,264,241
M0469,2024-04,74,1504.65,76,74
M0441,2024-04,1420,32940.49,1451,1420
M0213,2024-03,143,16441.97,146,143
M0235,2024-02,788,51555.39,811,788
M0041,2024-06,1419,44276.74,1498,1419
M0272,2024-02,173,40656.80,190,173
M0028,2024-04,299,92561.91,316,299
M0584,2024-12,293,100920.77,304,293
M0064,2024-05,1878,493409.01,1976,1878
M0371,2024-10,62,1252.00,64,62
M0045,2024-10,169,10540.60,188,169
M0424,2024-04,422,113944.83,459,422
M0165,2024-05,1324,68323.91,1345,1324
M0375,2024-01,516,10180.04,543,516
M0132,2024-12,244,11287.46,254,244
M0203,2024-03,297,8650.08,305,297
M0458,2024-04,8398,655236.57,9198,8398
M0209,2024-05,131,5744.33,135,131
M0576,2024-05,1617,67228.20,1698,1617
M0164,2024-12,68,30008.67,72,68
M0205,2024-11,189,24624.64,208,189
M0539,2024-09,2180,85678.97,2369,2180
M0309,2024-07,102,3330.15,103,102
M0151,2024-01,133,44562.53,146,133
M0088,2024-01,1463,82034.44,1499,1463
M0437,2024-06,95,25961.85,103,95
M0140,2024-07,849,117793.71,894,849
M0377,2024-09,288,133769.29,310,288
M0502,2024-02,749,199220.41,787,749
M0359,2024-03,210,4133.54,214,210
M0421,2024-07,643,10290.15,662,643
M0547,2024-03,231,4562.53,245,231
M0553,2024-05,104,44578.33,106,104
M0343,2024-12,595,35882.43,614,595
M0477,2024-01,106,7851.99,116,106
M0370,2024-03,215,5028.56,222,215
M0511,2024-12,330,102829.50,342,330
M0527,2024-06,597,54497.90,615,597
M0461,2024-02,1586,953381.61,1727,1586
M0357,2024-08,1923,92676.83,1975,1923
M0573,2024-01,68,4469.36,72,68
M0230,2024-06,174,4974.44,189,174
M0301,2024-04,146,51161.78,156,146
M0040,2024-03,226,96300.88,230,226
M0294,2024-06,61,3194.41,63,61
M0318,2024-06,1369,289311.69,1499,1369
M0229,2024-06,300,21627.35,306,300
M0024,2024-10,156,42293.27,169,156
M0333,2024-07,63,980.56,66,63
M0047,2024-03,229,41916.09,238,229
M0578,2024-03,130,39526.78,142,130
M0337,2024-01,1686,82999.84,1737,1686
M0187,2024-07,349,46722.00,378,349
M0012,2024-02,233,19720.63,258,233
M0137,2024-01,270,17776.44,298,270
M0208,2024-01,8894,353066.32,9708,8894
M0547,2024-10,329,6868.93,345,329
M0460,2024-11,932,57288.31,990,932
M0004,2024-07,12820,2729527.36,13419,12820
M0071,2024-02,970,12172.64,1054,970
M0058,2024-03,202,13468.45,217,202
M0369,2024-06,250,15232.89,274,250
M0142,2024-11,1702,98306.44,1873,1702
M0213,2024-12,209,23478.84,216,209
M0231,2024-08,1002,152416.17,1043,1002
M0534,2024-12,1900,93206.35,1938,1900
M0559,2024-11,1680,47086.49,1756,1680
M0383,2024-07,2472,1096754.92,2641,2472
M0081,2024-02,726,23810.92,777,726
M0435,2024-06,6974,167343.77,7105,6974
M0210,2024-05,232,19775.64,248,232
M0466,2024-02,1065,262485.20,1173,1065
M0388,2024-02,91,3042.64,96,91
M0593,2024-05,1013,35991.90,1096,1013
M0354,2024-12,378,20461.51,419,378
M0464,2024-08,2200,44018.60,2290,2200
M0551,2024-10,332,36893.29,342,332
M0279,2024-09,335,40871.47,361,335
M0189,2024-11,6263,46302.25,6721,6263
M0215,2024-02,242,84740.52,267,242
M0288,2024-04,403,121927.25,429,403
M0467,2024-10,285,24894.34,313,285
M0566,2024-10,1671,71435.18,1731,1671
M0407,2024-03,201,58400.04,208,201
M0278,2024-05,50,32833.65,54,50
M0107,2024-11,5982,318819.90,6532,5982
M0483,2024-08,99,2374.25,105,99
M0456,2024-07,47,1641.87,50,47
M0175,2024-02,1296,24377.71,1389,1296
M0191,2024-09,247,8318.02,271,247
M0549,2024-12,1824,454666.44,1993,1824
M0015,2024-01,179,10589.71,192,179
M0223,2024-04,149,6257.73,156,149
M0376,2024-03,1855,96027.19,1912,1855
M0390,2024-06,594,28272.83,649,594
M0210,2024-11,380,28094.26,417,380
M0544,2024-09,4270,1383720.14,4441,4270
M0553,2024-08,149,61343.27,157,149
M0591,2024-08,88,16060.48,94,88
M0295,2024-02,1939,24959.10,1981,1939
M0361,2024-11,1057,34883.09,1160,1057
M0289,2024-09,696,15216.58,744,696
M0014,2024-09,273,35095.05,296,273
M0013,2024-04,58,444.12,60,58
M0394,2024-03,191,34291.77,206,191
M0590,2024-04,256,2634.78,280,256
M0549,2024-03,1428,355070.82,1506,1428
M0115,2024-05,1342,53236.43,1413,1342
M0396,2024-06,9431,891820.60,10225,9431
M0484,2024-12,10284,311248.86,11116,10284
M0373,2024-08,829,51291.32,893,829
M0266,2024-04,702,43011.90,772,702
M0508,2024-06,5411,351901.32,5689,5411
M0498,2024-06,149,55291.85,160,149
M0211,2024-04,58,18196.93,62,58
M0210,2024-08,262,18870.15,280,262
M0320,2024-11,518,151775.55,571,518
M0334,2024-01,1309,11216.36,1347,1309
M0064,2024-07,2327,706669.84,2377,2327
M0392,2024-12,3604,1185452.75,3741,3604
M0253,2024-12,748,25541.66,768,748
M0518,2024-04,183,11051.78,201,183
M0183,2024-01,265,40402.44,283,265
M0372,2024-05,55,1903.41,58,55
M0468,2024-08,8703,234189.93,8857,8703
M0109,2024-03,199,11358.67,213,199
M0230,2024-08,191,5090.13,194,191
M0501,2024-05,58,13452.40,64,58
M0144,2024-02,138,50189.47,143,138
M0184,2024-11,176,55344.52,179,176
M0215,2024-03,264,89517.64,292,264
M0166,2024-02,95,2556.44,100,95
M0493,2024-09,252,16627.81,267,252
M0468,2024-09,9740,238269.75,10470,9740
M0597,2024-03,110,1450.26,121,110
M0456,2024-02,51,1691.76,52,51
M0449,2024-11,686,55633.52,750,686
M0065,2024-08,172,8233.68,190,172
M0072,2024-04,344,34160.33,366,344
M0305,2024-08,73,3927.38,78,73
M0171,2024-07,179,3583.56,189,179
M0168,2024-05,979,20344.11,1001,979
M0322,2024-04,52,4806.15,56,52
M0082,2024-01,154,4097.09,166,154
M0426,2024-02,57,4933.46,64,57
M0009,2024-01,256,2627.33,267,256
M0024,2024-03,131,34676.18,143,131
M0504,2024-02,126,18468.86,131,126
M0384,2024-12,427,11918.33,469,427
M0056,2024-08,233,5847.20,243,233
M0560,2024-03,144,10951.10,149,144
M0167,2024-08,809,84239.33,880,809
M0524,2024-12,255,70780.12,262,255
M0515,2024-04,877,27055.61,927,877
M0195,2024-08,392,89625.42,401,392
M0566,2024-01,1316,66676.18,1363,1316
M0070,2024-04,2994,69484.30,3085,2994
M0587,2024-06,244,13645.36,256,244
M0292,2024-08,1836,123182.87,1894,1836
M0522,2024-09,2513,1078735.24,2610,2513
M0347,2024-04,160,13252.86,168,160
M0216,2024-12,360,26212.22,385,360
M0016,2024-02,130,29512.07,143,130
M0413,2024-07,8046,513230.02,8250,8046
M0366,2024-09,166,7173.52,184,166
M0425,2024-10,1304,167388.66,1405,1304
M0316,2024-05,444,21150.21,481,444
M0580,2024-06,263,10272.84,280,263
M0147,2024-05,241,1437.87,245,241
M0141,2024-04,177,48934.94,181,177
M0488,2024-12,8004,728197.63,8172,8004
M0344,2024-09,166,10617.25,182,166
M0146,2024-11,1090,378642.94,1151,1090
M0159,2024-04,1799,56695.31,1852,1799
M0424,2024-07,710,202818.42,752,710
M0363,2024-06,281,21805.39,306,281
M0402,2024-10,86,14578.28,88,86
M0266,2024-06,847,50383.51,876,847
M0171,2024-09,183,3465.93,188,183
M0075,2024-03,1123,40359.69,1213,1123
M0330,2024-06,166,5261.12,183,166
M0329,2024-09,12710,3847335.75,13160,12710
M0599,2024-11,7300,240384.33,7611,7300
M0448,2024-10,274,41429.06,285,274
M0496,2024-11,511,45220.01,528,511
M0217,2024-10,1251,360155.19,1381,1251
M0336,2024-12,371,64159.72,386,371
M0440,2024-08,96,19464.32,98,96
M0320,2024-10,550,149893.99,585,550
M0199,2024-12,9143,93305.20,9866,9143
M0296,2024-10,207,79956.20,224,207
M0181,2024-10,1564,429133.03,1655,1564
M0551,2024-12,290,34549.04,298,290
M0337,2024-09,2060,105217.03,2126,2060
M0590,2024-05,234,2411.82,259,234
M0543,2024-05,151,49662.24,158,151
M0440,2024-03,104,21155.60,109,104
M0162,2024-01,1144,44845.95,1233,1144
M0169,2024-11,165,12394.14,177,165
M0080,2024-05,2213,72034.83,2276,2213
M0292,2024-05,1582,117355.10,1645,1582
M0123,2024-04,1194,51246.40,1324,1194
M0267,2024-10,604,136669.65,628,604
M0542,2024-02,1266,118289.34,1365,1266
M0078,2024-05,8873,303928.91,9039,8873
M0535,2024-07,1668,52469.46,1828,1668
M0029,2024-01,391,8073.86,423,391
M0005,2024-10,204,7503.60,219,204
M0420,2024-02,1397,16479.64,1512,1397
M0308,2024-12,2632,93043.08,2780,2632
M0579,2024-03,11174,464690.86,11952,11174
M0369,2024-07,232,13181.66,251,232
M0512,2024-11,10703,986426.50,11626,10703
M0554,2024-08,1761,225820.76,1944,1761
M0526,2024-04,214,29684.48,220,214
M0538,2024-11,2799,106172.20,2915,2799
M0111,2024-05,214,48545.68,219,214
M0111,2024-08,264,62313.84,283,264
M0329,2024-12,11232,3541147.35,12135,11232
M0462,2024-06,1164,274397.06,1252,1164
M0439,2024-03,117,68930.54,121,117
M0231,2024-07,849,123462.96,923,849
M0058,2024-10,312,22013.48,326,312
M0242,2024-12,125,24300.48,130,125
M0148,2024-04,91,2918.89,100,91
M0095,2024-04,1302,91424.00,1361,1302
M0348,2024-06,228,7959.67,232,228
M0104,2024-11,88,8476.50,96,88
M0138,2024-03,168,77373.28,186,168
M0089,2024-03,84,14234.31,93,84
M0524,2024-08,262,75307.00,274,262
M0322,2024-06,57,5222.78,63,57
M0430,2024-09,184,43646.91,200,184
M0397,2024-08,196,69692.42,205,196
M0398,2024-03,1425,59373.94,1454,1425
M0290,2024-08,2018,301015.30,2054,2018
M0013,2024-07,55,394.70,59,55
M0463,2024-04,266,66973.28,287,266
M0288,2024-08,706,240092.21,771,706
M0455,2024-10,242,95200.17,251,242
M0592,2024-03,353,5445.50,377,353
M0081,2024-11,1317,43509.03,1425,1317
M0097,2024-03,106,17491.98,111,106
M0201,2024-09,158,52559.90,164,158
M0217,2024-04,1258,356591.78,1336,1258
M0233,2024-03,979,63871.33,1032,979
M0025,2024-08,338,51785.65,370,338
M0447,2024-07,154,3307.91,162,154
M0215,2024-05,318,111972.36,337,318
M0310,2024-02,147,6514.43,156,147
M0353,2024-02,127,67847.04,138,127
M0176,2024-05,867,204993.23,931,867
M0543,2024-03,135,48561.20,149,135
M0170,2024-10,51,2917.92,55,51
M0085,2024-12,234,9290.36,242,234
M0487,2024-03,12569,197928.57,13186,12569
M0239,2024-09,372,143643.94,392,372
M0242,2024-07,156,28489.21,164,156
M0136,2024-10,1820,138886.62,1938,1820
M0455,2024-08,301,119773.92,311,301
M0302,2024-09,46,2534.76,47,46
M0255,2024-05,188,14361.83,198,188
M0297,2024-09,321,63056.24,348,321
M0593,2024-07,925,33660.48,1022,925
M0256,2024-01,120,33124.02,130,120
M0214,2024-07,11559,770860.60,12021,11559
M0451,2024-02,460,27498.02,481,460
M0311,2024-12,2008,36248.18,2177,2008
M0369,2024-09,275,16690.11,300,275
M0060,2024-04,95,4241.40,98,95
M0341,2024-02,1401,102117.39,1434,1401
M0495,2024-01,656,10938.53,683,656
M0054,2024-12,90,1783.23,94,90
M0179,2024-10,4255,207356.06,4580,4255
M0098,2024-10,240,16739.09,265,240
M0265,2024-09,303,7269.13,328,303
M0211,2024-12,43,12546.44,46,43
M0510,2024-04,10984,205548.75,11693,10984
M0455,2024-11,214,85803.09,227,214
M0180,2024-09,2240,395292.02,2288,2240
M0417,2024-07,2409,814643.37,2638,2409
M0249,2024-11,817,241152.45,830,817
M0303,2024-11,211,3715.23,230,211
M0224,2024-12,1458,21135.39,1493,1458
M0380,2024-03,43,3766.13,46,43
M0563,2024-01,1607,314079.75,1723,1607
M0161,2024-01,791,167187.73,808,791
M0386,2024-10,112,1151.49,118,112
M0258,2024-11,310,142749.40,318,310
M0065,2024-11,184,9096.20,200,184
M0501,2024-02,46,9979.21,49,46
M0478,2024-01,43,3748.18,45,43
M0164,2024-06,59,24986.88,60,59
M0312,2024-12,289,20044.53,319,289
M0569,2024-02,667,22842.35,696,667
M0394,2024-12,198,35262.06,210,198
M0448,2024-01,266,43086.04,276,266
M0229,2024-09,326,23380.62,336,326
M0227,2024-06,876,417704.31,907,876
M0379,2024-04,7581,1792345.15,8199,7581
M0454,2024-05,201,1289.30,220,201
M0234,2024-11,268,15866.25,274,268
M0296,2024-09,245,88267.85,267,245
M0519,2024-09,67,31178.12,71,67
M0007,2024-09,300,54793.45,332,300
M0286,2024-05,54,1020.55,55,54
M0134,2024-06,162,19469.72,175,162
M0438,2024-05,162,71183.58,175,162
M0277,2024-11,1070,73398.26,1112,1070
M0479,2024-06,747,12463.45,816,747
M0400,2024-09,248,63569.75,272,248
M0413,2024-06,10171,626491.85,10548,10171
M0543,2024-01,106,38709.46,109,106
M0425,2024-07,2060,245387.14,2265,2060
M0505,2024-05,220,8032.85,227,220
M0242,2024-02,94,18913.46,103,94
M0386,2024-11,115,1191.41,123,115
M0120,2024-10,1526,93268.96,1674,1526
M0295,2024-11,1859,24836.69,1990,1859
M0482,2024-02,139,5987.26,148,139
M0108,2024-12,144,48170.52,153,144
M0279,2024-01,335,37738.51,367,335
M0007,2024-03,244,45038.51,269,244
M0095,2024-05,1437,101117.87,1573,1437
M0364,2024-11,309,51318.68,316,309
M0279,2024-03,353,39855.37,374,353
M0451,2024-12,497,27537.10,521,497
M0410,2024-05,1651,472893.53,1782,1651
M0400,2024-02,168,43324.67,174,168
M0268,2024-07,733,62190.63,810,733
M0059,2024-01,109,16915.08,114,109
M0457,2024-03,1668,173087.12,1783,1668
M0337,2024-03,1779,90318.35,1812,1779
M0494,2024-05,239,1926.23,250,239
M0499,2024-07,1274,656575.38,1349,1274
M0094,2024-10,516,6545.14,544,516
M0078,2024-07,9888,352615.32,10402,9888
M0050,2024-08,96,7638.21,98,96
M0560,2024-04,164,13075.47,176,164
M0525,2024-01,138,6989.82,141,138
M0308,2024-04,2369,76345.04,2430,2369
M0031,2024-11,2006,50681.20,2209,2006
M0368,2024-06,4457,98394.44,4877,4457
M0338,2024-12,435,105104.76,449,435
M0043,2024-08,1428,17511.58,1472,1428
M0583,2024-07,436,283191.74,458,436
M0480,2024-05,1274,661401.81,1380,1274
M0383,2024-10,1626,852328.74,1782,1626
M0445,2024-11,53,3371.01,57,53
M0041,2024-04,1474,44371.86,1545,1474
M0471,2024-10,273,7974.99,278,273
M0549,2024-11,1583,398999.62,1680,1583
M0098,2024-08,251,16099.96,269,251
M0400,2024-11,199,52410.99,221,199
M0193,2024-11,164,37467.95,167,164
M0323,2024-05,442,80140.06,486,442
M0277,2024-04,650,46961.18,690,650
M0129,2024-07,302,16875.42,307,302
M0124,2024-08,2317,1391358.74,2532,2317
M0018,2024-10,60,16777.51,65,60
M0303,2024-10,199,3668.32,213,199
M0377,2024-12,346,155709.35,353,346
M0170,2024-09,67,3867.48,69,67
M0344,2024-12,282,17831.95,304,282
M0534,2024-11,1983,96780.20,2093,1983
M0407,2024-09,311,91146.06,335,311
M0552,2024-01,297,144408.43,318,297
M0456,2024-03,52,1644.13,57,52
M0221,2024-11,1208,78130.07,1254,1208
M0043,2024-05,1327,16973.75,1469,1327
M0209,2024-11,113,4756.99,118,113
M0550,2024-05,240,69002.00,253,240
M0248,2024-03,113,4121.13,118,113
M0004,2024-02,8595,1876697.56,9400,8595
M0078,2024-06,8947,316111.46,9864,8947
M0551,2024-02,304,35904.33,321,304
M0120,2024-02,1586,90725.02,1666,1586
M0155,2024-05,968,110888.51,1047,968
M0308,2024-09,2554,82789.57,2638,2554
M0598,2024-08,854,62225.98,947,854
M0123,2024-06,1674,76681.57,1818,1674
M0324,2024-05,4949,1688239.59,5195,4949
M0040,2024-10,213,80430.25,228,213
M0014,2024-06,339,39687.73,376,339
M0527,2024-10,419,37022.98,435,419
M0223,2024-10,148,6499.06,152,148
M0260,2024-04,232,42206.01,242,232
M0143,2024-04,3910,1797246.41,4169,3910
M0344,2024-06,158,10389.26,168,158
M0038,2024-06,210,29903.76,216,210
M0072,2024-05,345,36392.73,364,345
M0010,2024-10,325,14687.36,337,325
M0029,2024-11,630,14173.08,693,630
M0541,2024-01,502,51120.91,557,502
M0562,2024-02,242,1498.81,251,242
M0197,2024-02,1323,190150.00,1463,1323
M0586,2024-10,75,25324.51,80,75
M0030,2024-09,192,18671.44,204,192
M0226,2024-07,75,1871.63,80,75
M0086,2024-10,111,57764.68,118,111
M0244,2024-08,1825,15711.77,2004,1825
M0319,2024-01,800,20778.44,872,800
M0317,2024-11,338,58300.58,358,338
M0270,2024-05,51,13611.00,55,51
M0157,2024-12,1163,50808.72,1220,1163
M0072,2024-03,242,24120.72,257,242
M0359,2024-05,222,4128.87,244,222
M0217,2024-07,870,239723.68,959,870
M0499,2024-11,959,484177.02,1054,959
M0501,2024-03,65,14899.37,70,65
M0048,2024-03,104,29600.62,114,104
M0265,2024-02,389,9169.61,423,389
M0004,2024-08,11994,2842567.74,12698,11994
M0423,2024-07,5550,2946828.75,6149,5550
M0585,2024-03,2113,64082.09,2246,2113
M0286,2024-11,59,1210.58,65,59
M0291,2024-07,371,29105.51,382,371
M0282,2024-07,355,152132.54,365,355
M0144,2024-12,125,49368.02,131,125
M0031,2024-07,1976,59519.34,2145,1976
M0496,2024-12,561,46261.33,581,561
M0241,2024-04,260,21105.35,273,260
M0307,2024-03,272,13353.76,292,272
M0182,2024-09,44,2225.88,45,44
M0026,2024-08,1907,168188.63,2011,1907
M0256,2024-07,220,58864.41,238,220
M0310,2024-10,221,9966.69,236,221
M0162,2024-05,1124,43020.57,1145,1124
M0327,2024-10,59,35916.31,60,59
M0261,2024-09,79,17018.91,83,79
M0345,2024-02,2180,52125.22,2343,2180
M0259,2024-11,233,92134.03,244,233
M0532,2024-06,1163,54798.88,1283,1163
M0169,2024-09,153,11220.12,157,153
M0299,2024-11,1486,86681.37,1519,1486
M0343,2024-05,410,25578.42,430,410
M0281,2024-09,539,12876.16,599,539
M0583,2024-08,397,271399.60,421,397
M0156,2024-02,244,3220.69,252,244
M0552,2024-04,268,132129.91,279,268
M0070,2024-02,2889,65295.86,3031,2889
M0563,2024-10,1620,340757.63,1792,1620
M0543,2024-10,139,49763.50,142,139
M0274,2024-05,1387,46935.36,1517,1387
M0157,2024-08,1009,44690.46,1043,1009
M0090,2024-10,3718,89708.79,3804,3718
M0496,2024-09,634,59239.66,677,634
M0486,2024-02,109,51082.46,119,109
M0495,2024-10,580,8991.55,604,580
M0182,2024-12,54,2764.02,56,54
M0433,2024-10,179,69359.81,191,179
M0432,2024-02,83,12151.29,89,83
M0572,2024-09,1609,60466.55,1688,1609
M0133,2024-09,43,2317.59,47,43
M0235,2024-05,906,62454.79,951,906
M0575,2024-01,169,27890.48,181,169
M0295,2024-08,1914,25939.76,1982,1914
M0403,2024-05,204,78055.99,211,204
M0560,2024-07,171,12922.47,184,171
M0197,2024-01,1472,252346.94,1548,1472
M0131,2024-03,202,6416.69,218,202
M0012,2024-07,251,21518.73,266,251
M0025,2024-03,240,36480.39,262,240
M0312,2024-03,180,13187.48,189,180
M0081,2024-07,920,26343.06,986,920
M0510,2024-06,9346,179030.59,9770,9346
M0413,2024-03,8474,532981.28,8760,8474
M0417,2024-05,1907,618706.42,1967,1907
M0587,2024-02,231,12525.41,238,231
M0599,2024-04,4509,148959.82,4603,4509
M0322,2024-10,53,4601.10,58,53
M0087,2024-12,65,18013.75,72,65
M0280,2024-04,624,251133.06,637,624
M0549,2024-06,1950,508300.74,2052,1950
M0088,2024-06,1414,69995.77,1545,1414
M0114,2024-03,93,2070.70,102,93
M0321,2024-10,505,11130.89,552,505
M0550,2024-03,198,57720.06,215,198
M0073,2024-06,90,29443.13,97,90
M0103,2024-04,9596,2341187.48,10146,9596
M0217,2024-12,1145,316679.36,1208,1145
M0493,2024-10,241,13689.70,260,241
M0168,2024-02,967,21138.55,1070,967
M0200,2024-07,228,12788.56,240,228
M0482,2024-03,141,7824.27,144,141
M0096,2024-12,168,11663.88,177,168
M0421,2024-06,714,11063.05,760,714
M0288,2024-12,396,116030.88,427,396
M0568,2024-12,232,11227.47,239,232
M0580,2024-11,395,15654.75,402,395
M0313,2024-03,6383,478778.34,6580,6383
M0009,2024-04,297,3138.27,304,297
M0365,2024-04,145,4767.23,156,145
M0443,2024-12,355,207043.65,376,355
M0340,2024-02,1681,305057.47,1827,1681
M0132,2024-11,195,7687.90,208,195
M0561,2024-04,166,10369.38,177,166
M0068,2024-07,9623,199189.13,9794,9623
M0115,2024-03,1493,61576.32,1527,1493
M0420,2024-07,1405,16697.35,1474,1405
M0002,2024-05,1280,212620.33,1361,1280
M0590,2024-10,251,2444.78,267,251
M0018,2024-08,75,20494.57,79,75
M0290,2024-02,1352,172980.69,1418,1352
M0136,2024-09,1722,131500.18,1792,1722
M0381,2024-01,69,4247.46,71,69
M0368,2024-05,4290,105643.55,4651,4290
M0437,2024-07,130,37165.06,138,130
M0470,2024-01,463,76551.68,508,463
M0472,2024-01,251,3595.63,259,251
M0410,2024-10,1585,469788.35,1669,1585
M0154,2024-03,324,13324.32,348,324
M0160,2024-08,1591,79615.28,1628,1591
M0167,2024-06,750,85075.66,776,750
M0546,2024-02,503,26007.81,533,503
M0316,2024-04,419,21679.50,427,419
M0148,2024-12,108,3694.54,115,108
M0211,2024-07,41,12589.15,44,41
M0368,2024-12,4107,97441.16,4396,4107
M0589,2024-01,837,56864.05,869,837
M0468,2024-11,9329,227030.40,10045,9329
M0408,2024-09,218,6447.03,224,218
M0101,2024-09,1633,53221.28,1670,1633
M0114,2024-09,103,2434.12,104,103
M0479,2024-05,625,10716.51,647,625
M0582,2024-04,4072,290340.58,4311,4072
M0434,2024-05,53,247.84,59,53
M0391,2024-05,3485,112267.93,3795,3485
M0515,2024-09,983,34151.81,1047,983
M0314,2024-11,570,109762.53,619,570
M0340,2024-05,2286,446952.02,2386,2286
M0314,2024-08,718,153724.86,741,718
M0144,2024-01,175,67741.73,190,175
M0513,2024-04,1388,755465.89,1494,1388
M0369,2024-12,448,26018.94,470,448
M0291,2024-08,455,33629.35,491,455
M0366,2024-11,233,9915.13,243,233
M0499,2024-04,975,497466.48,1014,975
M0389,2024-11,231,7643.30,241,231
M0193,2024-01,155,34260.41,171,155
M0278,2024-09,46,29132.14,51,46
M0221,2024-08,1070,71310.71,1087,1070
M0351,2024-06,213,87542.53,236,213
M0502,2024-09,985,257732.46,1063,985
M0257,2024-02,174,69720.68,179,174
M0015,2024-09,201,11956.00,219,201
M0068,2024-12,10419,205861.81,10845,10419
M0151,2024-09,147,52976.85,158,147
M0295,2024-10,1603,20575.82,1751,1603
M0277,2024-02,584,42744.32,596,584
M0144,2024-11,178,68837.35,197,178
M0160,2024-03,1328,66441.89,1413,1328
M0225,2024-09,2123,168878.16,2340,2123
M0320,2024-05,631,178033.72,654,631
M0439,2024-02,95,50599.43,102,95
M0102,2024-02,131,6072.43,135,131
M0437,2024-09,90,24163.32,93,90
M0003,2024-06,210,4615.50,215,210
M0277,2024-06,664,46572.74,713,664
M0454,2024-12,184,1061.49,188,184
M0341,2024-05,1872,146968.03,1917,1872
M0497,2024-03,425,16632.83,436,425
M0470,2024-09,479,73950.26,508,479
M0521,2024-03,1429,62585.23,1570,1429
M0535,2024-10,1464,48543.45,1587,1464
M0407,2024-01,204,67236.35,226,204
M0048,2024-02,84,26608.85,87,84
M0239,2024-08,347,121870.11,378,347
M0161,2024-09,909,183755.28,1004,909
M0565,2024-04,289,47883.99,308,289
M0178,2024-02,214,55726.21,234,214
M0503,2024-03,189,2830.34,194,189
M0589,2024-02,734,57328.25,814,734
M0440,2024-01,98,19534.50,107,98
M0521,2024-11,1655,64374.21,1730,1655
M0365,2024-11,171,5225.33,180,171
M0537,2024-05,1792,48328.00,1844,1792
M0413,2024-01,7173,437347.80,7343,7173
M0442,2024-10,3620,698856.05,3751,3620
M0311,2024-01,1542,25677.45,1710,1542
M0413,2024-02,6961,451800.90,7227,6961
M0013,2024-03,63,442.22,65,63
M0006,2024-01,153,109446.45,156,153
M0594,2024-04,130,4080.10,137,130
M0218,2024-08,166,43141.64,181,166
M0120,2024-04,1720,97623.58,1784,1720
M0070,2024-05,3288,71040.91,3621,3288
M0001,2024-05,238,126354.15,244,238
M0587,2024-07,210,11973.27,220,210
M0192,2024-03,67,11225.72,72,67
M0336,2024-08,342,59078.35,349,342
M0060,2024-01,95,3738.68,102,95
M0491,2024-04,250,16602.75,266,250
M0108,2024-09,254,81452.55,267,254
M0489,2024-07,231,2582.08,247,231
M0013,2024-05,57,394.70,59,57
M0523,2024-05,152,93505.87,161,152
M0433,2024-11,192,77044.55,199,192
M0034,2024-09,7148,52745.66,7350,7148
M0140,2024-06,1113,150232.90,1171,1113
M0304,2024-06,137,2035.42,150,137
M0440,2024-07,96,21613.50,100,96
M0223,2024-11,158,7018.56,172,158
M0523,2024-10,116,72547.81,127,116
M0564,2024-01,175,8950.65,184,175
M0206,2024-06,1954,206214.48,2051,1954
M0179,2024-08,4046,217374.60,4362,4046
M0597,2024-08,113,1375.92,119,113
M0052,2024-10,217,2724.52,236,217
M0414,2024-09,153,1654.07,161,153
M0474,2024-11,285,4021.74,314,285
M0138,2024-11,187,80456.62,200,187
M0144,2024-10,192,67529.64,209,192
M0070,2024-01,2529,54985.42,2714,2529
M0330,2024-10,177,5659.47,182,177
M0250,2024-12,195,42196.87,204,195
M0412,2024-04,994,245428.60,1089,994
M0562,2024-01,236,1650.21,253,236
M0510,2024-01,10706,184074.61,10928,10706
M0410,2024-08,2232,713348.25,2438,2232
M0126,2024-07,261,12380.85,282,261
M0591,2024-01,90,16977.32,99,90
M0195,2024-07,357,81058.24,381,357
M0525,2024-04,150,8119.11,161,150
M0202,2024-10,279,7104.74,305,279
M0042,2024-01,804,74731.10,857,804
M0495,2024-11,519,7714.01,535,519
M0100,2024-06,90,25072.55,94,90
M0310,2024-08,224,10669.95,233,224
M0145,2024-02,7799,2403334.36,7963,7799
M0429,2024-03,49,5492.29,54,49
M0005,2024-01,130,4332.56,142,130
M0133,2024-10,44,2634.62,46,44
M0136,2024-01,1590,127828.57,1652,1590
M0586,2024-12,47,16946.76,49,47
M0200,2024-05,237,13696.21,261,237
M0275,2024-12,14583,6283548.88,15099,14583
M0596,2024-02,242,84409.64,253,242
M0134,2024-03,118,14799.75,128,118
M0207,2024-04,117,2644.74,126,117
M0442,2024-07,5641,1238275.89,6141,5641
M0588,2024-01,297,54727.11,328,297
M0417,2024-02,1343,439570.26,1431,1343
M0135,2024-08,199,3882.10,205,199
M0061,2024-12,86,12397.69,89,86
M0392,2024-10,4923,1593903.67,5184,4923
M0559,2024-05,1305,33266.38,1330,1305
M0358,2024-11,168,26562.26,173,168
M0399,2024-09,243,87852.47,261,243
M0595,2024-02,620,37248.31,654,620
M0534,2024-02,1136,55267.66,1188,1136
M0223,2024-06,161,6934.79,166,161
M0017,2024-10,75,10732.17,80,75
M0502,2024-03,906,243352.35,923,906
M0449,2024-06,493,43642.40,508,493
M0244,2024-10,1932,15472.55,2016,1932
M0285,2024-05,284,4725.75,312,284
M0310,2024-09,226,9644.45,245,226
M0364,2024-02,198,33083.12,219,198
M0581,2024-09,967,34478.53,1056,967
M0468,2024-07,10196,259750.98,11077,10196
M0389,2024-06,222,7217.76,243,222
M0537,2024-07,2037,54678.44,2260,2037
M0459,2024-03,92,1808.85,97,92
M0082,2024-10,151,3804.54,160,151
M0506,2024-09,1604,28917.10,1692,1604
M0263,2024-03,201,33601.02,211,201
M0491,2024-11,277,18227.15,292,277
M0202,2024-09,301,7293.16,315,301
M0025,2024-09,248,42016.71,257,248
M0208,2024-09,11359,462388.86,11725,11359
M0516,2024-11,182,3553.97,199,182
M0266,2024-12,1110,67865.04,1151,1110
M0315,2024-12,169,3284.65,177,169
M0469,2024-02,84,1774.11,94,84
M0003,2024-02,220,4728.67,244,220
M0175,2024-06,1404,23681.47,1429,1404
M0593,2024-10,861,31785.10,888,861
M0395,2024-07,12299,1357768.13,13224,12299
M0463,2024-03,237,56575.77,257,237
M0471,2024-11,324,9568.35,349,324
M0443,2024-11,314,202888.75,326,314
M0136,2024-03,1464,118367.88,1553,1464
M0399,2024-12,158,58652.44,162,158
M0530,2024-01,1280,54856.99,1374,1280
M0486,2024-10,131,60415.98,143,131
M0183,2024-10,312,41681.70,325,312
M0327,2024-02,47,30805.74,49,47
M0182,2024-03,52,2538.99,56,52
M0098,2024-11,270,18010.89,279,270
M0098,2024-01,235,16701.86,244,235
M0394,2024-09,207,36870.20,219,207
M0021,2024-11,3128,93993.36,3421,3128
M0473,2024-04,119,58575.34,124,119
M0457,2024-07,2601,279499.35,2770,2601
M0090,2024-01,4012,98771.24,4200,4012
M0059,2024-09,138,23165.26,142,138
M0531,2024-03,1541,94054.17,1610,1541
M0385,2024-02,1070,117803.59,1104,1070
M0598,2024-01,808,62363.73,886,808
M0259,2024-06,322,131574.61,351,322
M0416,2024-04,6859,1169410.92,7073,6859
M0520,2024-02,82,2557.78,84,82
M0085,2024-04,232,9342.02,239,232
M0371,2024-02,53,1053.02,56,53
M0299,2024-04,892,53473.49,918,892
M0345,2024-11,1879,45312.29,2071,1879
M0241,2024-08,280,21465.04,296,280
M0137,2024-05,254,16488.34,266,254
M0389,2024-12,240,8155.35,253,240
M0130,2024-02,144,4951.64,157,144
M0588,2024-10,287,52853.88,291,287
M0186,2024-06,222,35949.67,242,222
M0028,2024-10,331,106468.19,345,331
M0021,2024-08,2747,79304.72,2879,2747
M0562,2024-05,219,1351.13,238,219
M0443,2024-04,305,169793.77,336,305
M0504,2024-07,205,29051.94,216,205
M0598,2024-02,632,42495.95,682,632
M0158,2024-08,1637,43603.78,1669,1637
M0338,2024-01,429,106991.33,464,429
M0584,2024-04,191,58818.20,199,191
M0293,2024-12,2029,257075.06,2173,2029
M0229,2024-10,317,23389.69,327,317
M0189,2024-09,5259,34096.56,5653,5259
M0091,2024-11,2048,332325.19,2273,2048
M0138,2024-08,257,110723.87,275,257
M0497,2024-10,567,20677.02,590,567
M0143,2024-05,3904,1791692.62,4317,3904
M0373,2024-12,899,52460.23,970,899
M0098,2024-09,254,18343.66,269,254
M0038,2024-11,192,26092.17,203,192
M0245,2024-09,170,1718.87,182,170
M0394,2024-10,183,32716.31,197,183
M0325,2024-07,2383,1518579.74,2592,2383
M0074,2024-12,370,209443.68,404,370
M0233,2024-04,1030,67586.24,1118,1030
M0160,2024-11,1932,90620.25,1976,1932
M0544,2024-07,5631,1733022.09,5948,5631
M0446,2024-04,151,6278.05,158,151
M0052,2024-12,251,3345.86,270,251
M0550,2024-10,241,70499.69,246,241
M0588,2024-08,363,71629.89,380,363
M0293,2024-05,1826,226743.60,1936,1826
M0048,2024-10,101,28978.09,107,101
M0545,2024-11,131,2464.10,139,131
M0483,2024-12,102,2481.36,112,102
M0475,2024-05,235,19027.95,252,235
M0029,2024-10,498,10674.30,552,498
M0307,2024-10,204,9366.70,226,204
M0212,2024-12,88,4337.21,90,88
M0461,2024-08,2787,1678553.25,3027,2787
M0300,2024-05,11995,301056.35,12645,11995
M0434,2024-11,59,301.85,64,59
M0117,2024-10,256,186267.53,263,256
M0521,2024-08,1587,67991.42,1756,1587
M0209,2024-12,124,5216.31,129,124
M0189,2024-05,5380,41974.01,5972,5380
M0197,2024-08,2004,304084.43,2060,2004
M0220,2024-09,181,4511.39,186,181
M0257,2024-07,324,132718.62,340,324
M0094,2024-02,468,5832.03,479,468
M0061,2024-10,74,10606.86,76,74
M0472,2024-12,288,4084.97,308,288
M0597,2024-09,114,1568.35,122,114
M0481,2024-09,1765,775016.84,1918,1765
M0493,2024-01,217,12513.61,229,217
M0181,2024-08,2128,557053.77,2358,2128
M0197,2024-06,1823,269592.44,1936,1823
M0017,2024-06,113,18033.76,117,113
M0257,2024-06,249,99106.05,253,249
M0596,2024-12,391,126364.40,424,391
M0207,2024-09,134,2620.27,139,134
M0391,2024-10,3675,115834.73,3934,3675
M0487,2024-02,11243,180318.43,12103,11243
M0366,2024-10,167,6908.37,176,167
M0115,2024-04,1647,64648.99,1757,1647
M0178,2024-07,305,76421.21,311,305
M0357,2024-06,2263,105859.32,2514,2263
M0040,2024-08,300,139405.82,317,300
M0485,2024-08,117,3977.48,123,117
M0562,2024-08,205,1372.39,210,205
M0202,2024-02,264,6078.71,282,264
M0518,2024-10,208,11541.20,215,208
M0354,2024-06,287,15663.10,318,287
M0069,2024-07,1177,228768.63,1301,1177
M0437,2024-10,97,28168.87,100,97
M0123,2024-01,1293,57921.09,1418,1293
M0343,2024-10,469,29020.31,487,469
M0127,2024-10,73,1224.52,79,73
M0241,2024-09,310,24318.38,328,310
M0288,2024-01,407,126509.40,427,407
M0543,2024-06,174,59894.81,179,174
M0259,2024-02,193,80207.26,197,193
M0291,2024-06,410,31967.49,422,410
M0518,2024-02,202,11722.53,207,202
M0026,2024-12,3371,290701.30,3458,3371
M0027,2024-02,1194,266600.51,1269,1194
M0145,2024-03,9244,3024114.45,9641,9244
M0321,2024-01,448,10180.09,482,448
M0371,2024-09,57,1149.75,59,57
M0154,2024-08,288,10799.90,298,288
M0435,2024-11,8212,179946.92,8994,8212
M0016,2024-10,170,40579.72,176,170
M0188,2024-06,1351,26277.40,1415,1351
M0415,2024-10,10439,1273520.31,10993,10439
M0222,2024-12,132,3245.40,142,132
M0519,2024-11,44,20173.67,47,44
M0394,2024-06,170,29195.84,181,170
M0147,2024-06,226,1513.42,234,226
M0213,2024-08,200,22565.16,204,200
M0158,2024-10,1618,40789.46,1780,1618
M0375,2024-02,434,8082.22,477,434
M0152,2024-03,239,82396.56,264,239
M0228,2024-11,138,57957.31,150,138
M0298,2024-09,5118,1449868.96,5444,5118
M0577,2024-04,255,48442.78,269,255
M0479,2024-03,728,12048.84,750,728
M0225,2024-10,2085,169860.08,2294,2085
M0088,2024-12,1434,76588.86,1588,1434
M0355,2024-12,1771,16593.82,1843,1771
M0329,2024-11,9763,2801670.04,10221,9763
M0278,2024-01,38,22459.55,40,38
M0262,2024-12,90,6251.80,97,90
M0002,2024-06,1011,163994.63,1035,1011
M0455,2024-12,193,77143.42,204,193
M0476,2024-02,121,24062.53,128,121
M0067,2024-10,252,17378.61,265,252
M0294,2024-07,56,3358.51,61,56
M0517,2024-05,238,5633.79,262,238
M0564,2024-07,191,9601.19,195,191
M0266,2024-03,627,34537.50,646,627
M0305,2024-07,87,3915.02,90,87
M0059,2024-11,147,23323.15,157,147
M0422,2024-08,270,29909.95,283,270
M0020,2024-09,1427,95807.43,1449,1427
M0245,2024-12,218,2201.02,240,218
M0552,2024-07,201,92801.03,216,201
M0403,2024-11,203,72924.56,208,203
M0381,2024-08,90,5402.09,96,90
M0220,2024-03,180,3868.61,188,180
M0598,2024-05,804,55714.67,847,804
M0031,2024-05,2003,52627.88,2188,2003
M0050,2024-04,76,5586.71,81,76
M0228,2024-01,135,61974.67,148,135
M0289,2024-12,777,17134.51,838,777
M0519,2024-01,53,25309.98,58,53
M0093,2024-11,65,2091.18,69,65
M0374,2024-02,168,12523.51,172,168
M0261,2024-05,79,17137.58,81,79
M0117,2024-09,292,220824.09,301,292
M0405,2024-08,299,45221.44,326,299
M0230,2024-01,179,4921.12,185,179
M0300,2024-10,11945,298022.81,12199,11945
M0347,2024-01,179,13578.75,190,179
M0180,2024-03,1872,355743.85,1914,1872
M0372,2024-07,67,2286.77,69,67
M0209,2024-07,111,5242.46,118,111
M0047,2024-02,223,45576.23,242,223
M0333,2024-06,68,1042.44,70,68
M0434,2024-01,57,284.45,58,57
M0063,2024-10,160,32465.40,168,160
M0239,2024-10,271,101741.97,286,271
M0396,2024-05,11387,1169321.02,12048,11387
M0276,2024-12,279,9545.81,292,279
M0390,2024-03,611,30621.12,658,611
M0477,2024-10,138,10210.32,150,138
M0487,2024-11,9935,161312.54,10195,9935
M0065,2024-04,169,9279.16,177,169
M0407,2024-11,208,65617.34,223,208
M0589,2024-05,912,64186.26,971,912
M0102,2024-01,149,6734.87,161,149
M0555,2024-02,1701,41103.76,1729,1701
M0029,2024-09,458,9002.39,495,458
M0254,2024-10,414,117410.60,429,414
M0461,2024-09,2098,1220096.54,2277,2098
M0569,2024-10,1031,31568.35,1134,1031
M0531,2024-06,1636,103819.29,1800,1636
M0243,2024-11,120,29545.66,128,120
M0175,2024-04,1375,23378.68,1442,1375
M0323,2024-09,477,99537.91,501,477
M0583,2024-12,407,231140.09,420,407
M0498,2024-11,119,41643.11,126,119
M0261,2024-02,64,16066.06,66,64
M0543,2024-08,172,66941.63,188,172
M0422,2024-03,297,33385.49,328,297
M0508,2024-04,5674,441507.04,6219,5674
M0099,2024-07,9237,684044.23,10238,9237
M0385,2024-10,1091,130326.56,1138,1091
M0519,2024-07,32,17010.70,35,32
M0311,2024-06,1793,33607.42,1852,1793
M0399,2024-06,121,45166.10,129,121
M0498,2024-10,107,39405.97,116,107
M0380,2024-08,63,5889.09,67,63
M0360,2024-02,1467,517215.41,1607,1467
M0497,2024-11,637,23477.96,667,637
M0268,2024-02,732,65748.63,760,732
M0382,2024-02,3751,1018163.90,3934,3751
M0379,2024-10,7602,2024748.39,7876,7602
M0150,2024-11,10656,690623.23,10954,10656
M0443,2024-05,274,150079.85,297,274
M0204,2024-11,201,3675.39,208,201
M0581,2024-08,1037,34928.47,1055,1037
M0590,2024-12,283,2870.26,298,283
M0530,2024-02,1348,60259.29,1405,1348
M0577,2024-07,298,54159.99,309,298
M0140,2024-01,831,109547.02,893,831
M0021,2024-03,2762,81220.62,2817,2762
M0191,2024-12,372,11474.10,378,372
M0293,2024-10,1800,230354.22,1837,1800
M0065,2024-05,175,9483.90,186,175
M0058,2024-12,369,23735.10,401,369
M0328,2024-05,1792,35200.91,1956,1792
M0409,2024-08,226,99452.01,234,226
M0563,2024-03,1720,366486.37,1869,1720
M0324,2024-04,5271,1823102.23,5495,5271
M0066,2024-05,1812,339036.16,1855,1812
M0351,2024-11,208,86298.95,225,208
M0340,2024-12,2374,461476.48,2436,2374
M0352,2024-10,700,117777.64,734,700
M0392,2024-08,5400,1704581.32,5800,5400
M0350,2024-10,454,187113.32,464,454
M0147,2024-07,199,1316.32,216,199
M0342,2024-05,1094,34220.44,1203,1094
M0355,2024-02,1826,14795.25,1987,1826
M0246,2024-11,230,122833.00,244,230
M0179,2024-12,3751,175066.31,3872,3751
M0486,2024-05,121,52119.50,126,121
M0262,2024-07,54,3968.28,55,54
M0368,2024-04,4330,114484.85,4685,4330
M0071,2024-11,1106,12705.16,1168,1106
M0576,2024-09,1509,65781.12,1560,1509
M0406,2024-02,165,3169.72,174,165
M0349,2024-06,796,51817.08,810,796
M0473,2024-12,162,83650.52,172,162
M0250,2024-05,200,40853.44,213,200
M0209,2024-06,103,4200.35,110,103
M0171,2024-04,142,2754.07,152,142
M0069,2024-10,1678,338671.74,1753,1678
M0501,2024-08,87,19647.25,90,87
M0135,2024-09,182,3544.05,194,182
M0088,2024-02,1523,82490.05,1682,1523
M0070,2024-08,2900,61148.91,2954,2900
M0488,2024-06,5369,495808.06,5762,5369
M0522,2024-10,2016,894401.21,2099,2016
M0540,2024-03,91,24484.46,99,91
M0404,2024-09,1368,338442.13,1512,1368
M0033,2024-05,142,6653.25,146,142
M0391,2024-09,3286,101367.62,3473,3286
M0114,2024-06,110,2138.03,114,110
M0267,2024-07,263,60585.40,269,263
M0001,2024-09,438,227046.56,465,438
M0157,2024-04,1111,53069.70,1145,1111
M0438,2024-01,183,70049.35,192,183
M0219,2024-12,917,113379.06,944,917
M0144,2024-08,215,77545.36,223,215
M0240,2024-03,1991,127698.88,2088,1991
M0200,2024-08,211,11326.55,216,211
M0575,2024-02,171,30912.34,189,171
M0600,2024-08,263,116330.15,288,263
M0080,2024-11,1907,59843.78,2017,1907
M0535,2024-01,1713,55407.68,1746,1713
M0359,2024-07,217,4199.22,233,217
M0535,2024-05,1601,54196.90,1669,1601
M0202,2024-03,307,7658.71,326,307
M0282,2024-03,215,80376.36,228,215
M0556,2024-10,185,66826.39,205,185
M0468,2024-05,10463,276213.82,10670,10463
M0408,2024-12,264,8090.02,277,264
M0124,2024-02,1592,887398.11,1643,1592
M0491,2024-01,208,13938.07,223,208
M0520,2024-03,92,2946.20,98,92
M0515,2024-01,1060,32093.36,1118,1060
M0074,2024-08,423,255264.00,432,423
M0528,2024-09,167,27487.50,172,167
M0008,2024-05,127,38512.61,141,127
M0300,2024-09,11229,262459.75,12123,11229
M0411,2024-08,221,43624.83,232,221
M0431,2024-07,187,1231.11,205,187
M0454,2024-01,187,1210.73,199,187
M0112,2024-03,194,4270.86,204,194
M0283,2024-12,834,59789.48,894,834
M0288,2024-03,409,123587.39,439,409
M0251,2024-11,275,6307.23,297,275
M0150,2024-05,10831,773377.65,11213,10831
M0265,2024-05,377,9116.02,389,377
M0240,2024-12,1865,119196.21,1949,1865
M0457,2024-05,1950,201117.94,1996,1950
M0359,2024-12,265,5017.57,291,265
M0453,2024-02,786,35043.85,821,786
M0500,2024-11,907,94148.84,936,907
M0360,2024-01,1848,675647.69,1983,1848
M0377,2024-04,253,110757.48,269,253
M0206,2024-11,1396,133090.37,1422,1396
M0044,2024-10,1486,13589.08,1532,1486
M0307,2024-11,254,12810.12,282,254
M0262,2024-10,60,4062.10,65,60
M0292,2024-10,1999,153602.78,2217,1999
M0585,2024-06,2065,57332.30,2160,2065
M0272,2024-03,190,43148.46,199,190
M0544,2024-10,4207,1318754.60,4454,4207
M0222,2024-10,95,2830.79,98,95
M0567,2024-12,1168,197287.99,1280,1168
M0167,2024-11,762,85399.53,782,762
M0137,2024-10,342,19957.89,362,342
M0218,2024-11,147,35542.85,154,147
M0222,2024-09,90,2382.63,100,90
M0173,2024-09,104,1358.29,106,104
M0032,2024-05,654,22930.83,689,654
M0092,2024-02,237,9953.28,262,237
M0351,2024-03,172,69042.63,181,172
M0219,2024-03,693,86953.25,710,693
M0143,2024-02,2684,1245057.01,2895,2684
M0329,2024-07,17118,5206431.07,18987,17118
M0020,2024-01,1872,125690.65,2060,1872
M0265,2024-01,375,9485.86,401,375
M0186,2024-05,260,40939.92,274,260
M0468,2024-04,9772,231401.30,10327,9772
M0156,2024-04,274,3718.49,302,274
M0524,2024-11,225,57583.30,231,225
M0315,2024-02,145,2845.86,157,145
M0066,2024-07,1428,224006.20,1493,1428
M0401,2024-01,196,84956.33,217,196
M0195,2024-02,283,65664.33,301,283
M0283,2024-09,688,44302.14,745,688
M0273,2024-12,370,17775.27,406,370
M0526,2024-05,252,37483.45,257,252
M0433,2024-03,198,76460.47,211,198
M0413,2024-11,11288,661205.62,12501,11288
M0481,2024-08,1780,803537.94,1978,1780
M0251,2024-10,212,5256.04,218,212
M0475,2024-06,218,17367.95,241,218
M0579,2024-05,10844,430408.80,11678,10844
M0428,2024-06,70,21153.19,77,70
M0158,2024-09,1625,41875.52,1799,1625
M0500,2024-07,957,121807.96,1007,957
M0022,2024-08,7611,337782.33,7957,7611
M0086,2024-11,108,53726.55,114,108
M0409,2024-12,153,74842.93,166,153
M0408,2024-04,232,6480.18,237,232
M0365,2024-01,158,5048.54,167,158
M0298,2024-04,4563,1365600.16,4770,4563
M0187,2024-11,249,33658.94,264,249
M0546,2024-08,523,24910.03,555,523
M0481,2024-06,1052,435369.37,1130,1052
M0430,2024-02,160,42675.87,166,160
M0445,2024-01,51,3296.04,52,51
M0244,2024-01,1743,14551.25,1779,1743
M0036,2024-01,7020,1963705.99,7787,7020
M0249,2024-04,937,299640.40,1040,937
M0397,2024-11,181,65720.95,192,181
M0370,2024-01,191,4585.61,198,191
M0199,2024-03,8593,76692.92,9016,8593
M0243,2024-10,129,31011.00,143,129
M0502,2024-12,1145,307972.58,1206,1145
M0216,2024-05,185,15538.69,188,185
M0309,2024-02,85,2649.32,87,85
M0258,2024-01,261,132590.30,284,261
M0072,2024-01,308,31423.29,313,308
M0539,2024-01,1825,74449.59,1918,1825
M0467,2024-06,193,19670.51,203,193
M0177,2024-01,300,6239.10,316,300
M0517,2024-06,224,5445.36,239,224
M0285,2024-04,267,4712.27,282,267
M0177,2024-11,353,7855.26,379,353
M0409,2024-02,136,63436.46,145,136
M0058,2024-11,368,25451.19,389,368
M0285,2024-03,278,4955.70,304,278
M0571,2024-04,289,114501.92,311,289
M0118,2024-01,376,20521.21,413,376
M0026,2024-01,1662,139155.39,1696,1662
M0377,2024-01,233,93505.64,238,233
M0275,2024-09,10911,4755057.47,11556,10911
M0019,2024-11,228,3381.30,250,228
M0158,2024-03,1987,45168.23,2033,1987
M0146,2024-06,808,268044.63,891,808
M0391,2024-04,3266,102934.30,3389,3266
M0572,2024-03,1297,45961.47,1349,1297
M0231,2024-01,668,99864.32,741,668
M0388,2024-04,89,3088.85,98,89
M0497,2024-01,455,17843.96,494,455
M0042,2024-06,686,67227.91,761,686
M0230,2024-09,189,5174.00,205,189
M0007,2024-12,297,59835.11,308,297
M0463,2024-08,343,96146.42,352,343
M0061,2024-05,82,12009.99,84,82
M0011,2024-01,203,3603.45,218,203
M0406,2024-10,148,3099.03,153,148
M0425,2024-03,1665,229156.58,1720,1665
M0589,2024-10,927,62105.79,1006,927
M0040,2024-07,361,156405.97,377,361
M0343,2024-11,575,35399.60,630,575
M0075,2024-05,1245,44218.35,1376,1245
M0465,2024-09,900,34178.89,961,900
M0408,2024-03,211,5866.53,223,211
M0324,2024-11,5625,2032919.11,5720,5625
M0118,2024-06,413,22564.04,455,413
M0353,2024-01,132,66012.97,142,132
M0013,2024-12,169,1122.71,174,169
M0566,2024-02,1071,49770.67,1158,1071
M0442,2024-04,3984,843060.26,4254,3984
M0427,2024-09,95,2221.52,105,95
M0487,2024-10,10636,157676.67,10931,10636
M0199,2024-11,9380,94965.84,9668,9380
M0431,2024-05,208,1498.30,224,208
M0478,2024-02,44,3822.26,45,44
M0569,2024-06,939,29459.04,1028,939
M0427,2024-01,99,2409.52,105,99
M0306,2024-03,83,21424.31,87,83
M0481,2024-01,1288,608278.32,1405,1288
M0446,2024-02,150,6570.51,162,150
M0406,2024-12,190,3725.15,202,190
M0432,2024-12,149,19676.81,160,149
M0140,2024-09,946,123670.97,994,946
M0121,2024-12,106,2723.47,111,106
M0326,2024-03,322,7171.41,340,322
M0375,2024-03,453,8845.28,502,453
M0336,2024-06,300,50160.00,310,300
M0006,2024-09,176,124839.84,190,176
M0594,2024-03,124,3519.23,130,124
M0540,2024-06,88,26311.54,91,88
M0086,2024-05,132,60259.05,136,132
M0255,2024-04,181,13004.94,193,181
M0599,2024-05,4402,152355.52,4502,4402
M0567,2024-09,1179,219457.87,1223,1179
M0338,2024-10,444,102180.70,471,444
M0023,2024-11,157,3296.87,167,157
M0357,2024-03,2094,91436.43,2199,2094
M0526,2024-07,327,49906.03,358,327
M0114,2024-05,126,2929.92,133,126
M0076,2024-01,1366,30273.97,1459,1366
M0057,2024-09,153,62929.80,168,153
M0005,2024-06,155,5527.52,160,155
M0478,2024-05,57,4889.04,62,57
M0327,2024-09,63,38256.19,67,63
M0077,2024-08,141,38712.24,145,141
M0563,2024-08,1491,342524.62,1578,1491
M0403,2024-01,191,69443.81,207,191
M0259,2024-12,319,125774.78,339,319
M0437,2024-02,80,18757.34,83,80
M0398,2024-02,1335,53358.51,1467,1335
M0457,2024-11,1698,169504.77,1771,1698
M0042,2024-08,1108,121219.50,1173,1108
M0484,2024-09,6098,169773.55,6761,6098
M0329,2024-04,11741,3323459.42,12136,11741
M0112,2024-02,192,4546.81,199,192
M0142,2024-08,1372,79377.26,1484,1372
M0071,2024-01,1057,11833.87,1077,1057
M0050,2024-12,136,10634.72,143,136
M0107,2024-01,4900,263845.58,5288,4900
M0344,2024-04,146,8948.46,152,146
M0486,2024-11,135,61256.13,146,135
M0092,2024-03,227,9971.55,235,227
M0282,2024-10,233,88900.08,258,233
M0489,2024-05,224,2845.74,248,224
M0458,2024-02,6761,524414.01,7401,6761
M0174,2024-12,213,34692.50,234,213
M0392,2024-06,1599,542304.54,1714,1599
M0043,2024-12,1527,18152.43,1566,1527
M0116,2024-01,53,13616.45,56,53
M0025,2024-04,221,33935.94,231,221
M0271,2024-02,198,71162.45,215,198
M0493,2024-12,436,25373.69,452,436
M0472,2024-06,251,3844.54,272,251
M0119,2024-12,138,21168.27,145,138
M0547,2024-09,317,6171.74,342,317
M0478,2024-10,60,5967.74,61,60
M0046,2024-10,187,6055.87,195,187
M0266,2024-08,844,46172.74,917,844
M0188,2024-10,1704,31965.01,1765,1704
M0381,2024-07,88,5174.03,94,88
M0022,2024-01,7205,309388.52,7389,7205
M0416,2024-06,7532,1335040.75,8010,7532
M0064,2024-03,1824,504001.29,1933,1824
M0020,2024-08,1868,143506.13,1942,1868
M0210,2024-06,247,18386.81,268,247
M0054,2024-06,60,1241.89,62,60
M0323,2024-03,395,88202.48,413,395
M0080,2024-03,2008,59001.63,2044,2008
M0297,2024-05,308,62696.97,317,308
M0578,2024-07,184,64308.31,197,184
M0592,2024-05,460,7499.93,492,460
M0367,2024-01,68,3656.89,73,68
M0283,2024-02,801,61430.97,851,801
M0072,2024-09,268,26922.66,272,268
M0017,2024-02,67,10330.85,72,67
M0145,2024-06,10817,3293378.12,11760,10817
M0191,2024-11,350,11718.58,382,350
M0472,2024-10,247,3784.93,256,247
M0149,2024-08,703,326552.07,716,703
M0004,2024-12,13170,2667463.99,14000,13170
M0391,2024-02,2939,91507.37,3229,2939
M0084,2024-08,708,349815.15,783,708
M0366,2024-06,183,8748.49,189,183
M0045,2024-09,167,11192.26,181,167
M0174,2024-02,231,36589.43,240,231
M0583,2024-10,313,211357.23,318,313
M0109,2024-12,376,18596.72,388,376
M0169,2024-03,159,12898.16,169,159
M0246,2024-04,220,124162.47,230,220
M0244,2024-07,1758,14451.05,1911,1758
M0542,2024-09,1092,104051.41,1182,1092
M0097,2024-12,145,21814.88,157,145
M0573,2024-12,61,3905.51,64,61
M0450,2024-11,965,119040.85,1062,965
M0085,2024-03,226,10437.97,248,226
M0511,2024-07,397,118572.70,409,397
M0318,2024-04,1003,235798.93,1042,1003
M0578,2024-05,135,43494.17,147,135
M0361,2024-07,896,31392.15,918,896
M0534,2024-10,1285,68679.54,1369,1285
M0519,2024-10,46,24068.40,49,46
M0487,2024-08,12302,196856.88,12506,12302
M0257,2024-04,238,104567.56,256,238
M0072,2024-06,343,33837.51,348,343
M0432,2024-06,145,18292.96,159,145
M0561,2024-11,282,16721.21,287,282
M0504,2024-01,140,21400.45,148,140
M0484,2024-04,5582,167242.38,5916,5582
M0578,2024-09,147,43844.69,149,147
M0109,2024-06,231,11794.95,254,231
M0392,2024-04,1377,470502.36,1417,1377
M0406,2024-11,180,3005.62,189,180
M0159,2024-11,1636,50142.49,1800,1636
M0206,2024-08,1820,175367.17,1969,1820
M0576,2024-11,1434,62392.26,1461,1434
M0392,2024-09,4301,1409454.33,4597,4301
M0455,2024-07,217,84508.93,232,217
M0065,2024-07,172,8563.80,190,172
M0166,2024-04,102,2793.00,105,102
M0447,2024-11,184,4007.38,195,184
M0514,2024-11,78,4130.35,86,78
M0076,2024-05,1572,36242.49,1635,1572
M0132,2024-03,126,5388.63,133,126
M0156,2024-01,293,3975.08,303,293
M0482,2024-04,116,5351.93,119,116
M0393,2024-01,300,8567.02,329,300
M0193,2024-12,219,49868.54,231,219
M0099,2024-03,7917,601050.60,8275,7917
M0576,2024-10,1593,70548.21,1667,1593
M0552,2024-10,284,135079.52,314,284
M0090,2024-12,4730,118684.82,4922,4730
M0478,2024-04,51,4478.51,54,51
M0004,2024-03,10385,2074386.66,11056,10385
M0041,2024-03,1601,49590.46,1670,1601
M0049,2024-09,1255,627592.35,1360,1255
M0460,2024-02,544,32810.71,581,544
M0585,2024-08,2198,62135.83,2273,2198
M0206,2024-09,1694,180221.46,1734,1694
M0518,2024-06,192,11376.89,209,192
M0554,2024-11,1309,180219.61,1360,1309
M0573,2024-02,66,4289.52,71,66
M0596,2024-04,260,85141.98,275,260
M0448,2024-05,229,39963.00,252,229
M0554,2024-04,1184,169501.68,1312,1184
M0320,2024-08,730,183571.30,747,730
M0544,2024-05,4508,1357364.10,4766,4508
M0102,2024-06,201,9545.03,212,201
M0317,2024-10,387,65029.29,403,387
M0270,2024-02,44,11299.86,45,44
M0593,2024-08,946,35254.09,1023,946
M0426,2024-07,78,7459.55,87,78
M0582,2024-09,4059,273844.73,4436,4059
M0322,2024-05,54,4874.23,58,54
M0229,2024-01,332,23393.67,364,332
M0561,2024-02,168,9912.64,184,168
M0150,2024-03,9973,637210.88,10706,9973
M0387,2024-05,2073,51481.46,2138,2073
M0166,2024-01,88,2599.44,90,88
M0158,2024-02,1807,45761.08,1952,1807
M0051,2024-07,253,12045.47,274,253
M0567,2024-03,1075,187115.21,1192,1075
M0547,2024-08,304,6106.66,329,304
M0420,2024-03,1528,17300.03,1563,1528
M0453,2024-12,1426,70677.00,1584,1426
M0057,2024-01,129,54995.64,143,129
M0492,2024-11,449,12695.63,463,449
M0528,2024-10,170,31211.11,173,170
M0034,2024-03,6238,47469.93,6883,6238
M0143,2024-07,5349,2773503.02,5632,5349
M0155,2024-12,967,106476.26,1068,967
M0314,2024-09,826,173365.19,893,826
M0230,2024-12,204,5827.88,222,204
M0391,2024-06,3749,115222.05,4055,3749
M0315,2024-05,138,2662.59,142,138
M0061,2024-11,67,9399.03,72,67
M0378,2024-02,1429,248837.40,1558,1429
M0240,2024-08,1860,120937.83,2042,1860
M0356,2024-05,1815,925696.98,1861,1815
M0287,2024-09,278,6464.48,285,278
M0058,2024-05,251,17655.05,259,251
M0276,2024-05,284,10158.02,290,284
M0358,2024-01,172,26172.56,176,172
M0130,2024-04,179,6116.09,188,179
M0002,2024-10,1044,187777.09,1066,1044
M0360,2024-09,2313,836323.36,2388,2313
M0501,2024-04,65,15012.64,68,65
M0125,2024-09,221,9769.63,239,221
M0119,2024-04,135,22486.36,147,135
M0047,2024-11,262,51673.93,284,262
M0250,2024-06,164,33727.94,173,164
M0501,2024-10,53,11126.17,54,53
M0020,2024-06,2058,131017.72,2179,2058
M0518,2024-11,174,9888.33,179,174
M0510,2024-12,10938,193051.72,11308,10938
M0263,2024-07,132,23728.63,139,132
M0414,2024-08,129,1299.76,132,129
M0412,2024-07,1583,433975.43,1676,1583
M0233,2024-12,1905,125844.66,2036,1905
M0588,2024-03,304,58863.49,324,304
M0104,2024-01,93,8782.38,101,93
M0030,2024-01,186,18636.90,199,186
M0134,2024-11,125,16300.71,128,125
M0383,2024-12,2420,1228480.84,2459,2420
M0388,2024-09,99,3180.33,103,99
M0062,2024-06,370,53682.26,383,370
M0260,2024-01,229,49065.58,244,229
M0487,2024-12,12222,189782.30,12637,12222
M0022,2024-09,7432,327805.92,7751,7432
M0236,2024-03,903,32031.95,970,903
M0185,2024-07,636,38638.82,680,636
M0206,2024-12,1999,206683.54,2119,1999
M0115,2024-02,1329,56924.93,1349,1329
M0509,2024-10,340,67539.95,365,340
M0220,2024-10,167,3410.90,185,167
M0281,2024-12,565,13642.59,612,565
M0144,2024-05,162,62238.76,166,162
M0247,2024-06,7768,2655476.51,7907,7768
M0386,2024-06,120,1182.25,122,120
M0420,2024-01,1593,17547.25,1717,1593
M0248,2024-09,133,5184.78,140,133
M0042,2024-02,743,77852.83,797,743
M0264,2024-05,308,17604.23,332,308
M0495,2024-07,546,8864.08,557,546
M0205,2024-03,160,19257.78,177,160
M0488,2024-01,4168,341845.20,4372,4168
M0545,2024-05,129,2432.81,130,129
M0376,2024-06,2096,90753.94,2327,2096
M0412,2024-05,1208,312329.19,1310,1208
M0278,2024-08,54,35953.18,59,54
M0345,2024-08,1859,44669.86,2061,1859
M0021,2024-05,3216,94391.00,3269,3216
M0443,2024-08,333,202618.96,340,333
M0400,2024-01,205,55274.98,215,205
M0022,2024-11,8163,360564.39,8572,8163
M0049,2024-04,287,145003.73,301,287
M0209,2024-02,117,4812.96,123,117
M0035,2024-01,219,9940.33,225,219
M0464,2024-03,2195,48686.06,2269,2195
M0024,2024-06,187,53975.75,194,187
M0503,2024-10,183,2774.06,186,183
M0475,2024-02,199,15033.53,212,199
M0497,2024-09,522,22204.66,530,522
M0538,2024-05,1816,73454.80,1945,1816
M0177,2024-09,299,6970.30,319,299
M0537,2024-10,1692,41525.64,1761,1692
M0166,2024-09,95,2756.24,98,95
M0361,2024-05,759,26598.52,784,759
M0148,2024-10,81,2633.63,86,81
M0422,2024-06,297,29979.35,303,297
M0215,2024-06,348,117436.50,363,348
M0513,2024-02,1100,612274.43,1182,1100
M0120,2024-11,1674,95980.00,1813,1674
M0023,2024-12,167,3761.36,183,167
M0219,2024-11,758,105187.10,791,758
M0015,2024-10,245,14469.50,255,245
M0570,2024-05,1550,94382.07,1590,1550
M0063,2024-04,153,29822.54,162,153
M0462,2024-09,845,197448.23,898,845
M0446,2024-10,176,8117.27,193,176
M0394,2024-01,178,30647.86,184,178
M0105,2024-12,92,1311.25,99,92
M0265,2024-08,413,9887.78,452,413
M0121,2024-03,60,1634.65,61,60
M0362,2024-02,60,2931.00,62,60
M0417,2024-04,1550,526170.53,1625,1550
M0399,2024-03,173,70401.25,177,173
M0426,2024-03,61,5062.69,62,61
M0317,2024-03,307,45889.55,325,307
M0267,2024-08,966,221719.61,1031,966
M0176,2024-12,961,236042.23,981,961
M0531,2024-07,1412,79784.23,1435,1412
M0299,2024-09,1262,73846.75,1331,1262
M0019,2024-03,264,3966.56,270,264
M0064,2024-06,1970,581102.96,2010,1970
M0573,2024-05,57,3488.76,62,57
M0200,2024-11,292,17564.63,308,292
M0072,2024-11,277,29551.37,300,277
M0087,2024-03,49,13261.00,54,49
M0037,2024-02,1350,665243.07,1436,1350
M0089,2024-06,79,14619.83,83,79
M0145,2024-08,13376,4250316.18,13768,13376
M0159,2024-06,1689,55804.09,1828,1689
M0053,2024-10,1845,253127.09,2023,1845
M0529,2024-06,1746,70497.46,1861,1746
M0518,2024-08,197,11961.92,213,197
M0130,2024-11,231,7958.62,238,231
M0281,2024-04,165,3777.57,178,165
M0054,2024-05,60,1219.66,63,60
M0089,2024-10,85,14924.47,87,85
M0097,2024-05,97,15155.67,99,97
M0440,2024-10,97,19708.50,105,97
M0270,2024-10,50,14577.03,56,50
M0097,2024-01,101,15274.87,105,101
M0187,2024-06,299,36629.09,307,299
M0237,2024-06,165,9963.02,169,165
M0399,2024-05,144,55723.68,147,144
M0489,2024-03,304,3747.41,328,304
M0472,2024-03,270,3825.57,275,270
M0410,2024-12,2306,721507.14,2390,2306
M0503,2024-04,191,2503.10,195,191
M0147,2024-01,229,1520.86,237,229
M0432,2024-08,140,18936.21,146,140
M0562,2024-07,213,1525.51,228,213
M0357,2024-07,2103,108982.37,2277,2103
M0216,2024-10,220,17836.07,230,220
M0464,2024-02,1976,38790.57,2131,1976
M0233,2024-10,1213,79863.92,1300,1213
M0363,2024-09,268,20178.39,275,268
M0434,2024-03,53,281.39,55,53
M0472,2024-08,235,3298.00,244,235
M0157,2024-11,1144,54877.09,1193,1144
M0374,2024-10,175,12134.86,195,175
M0159,2024-10,1923,55054.68,2033,1923
M0413,2024-12,15642,849993.69,16922,15642
M0215,2024-09,258,86038.56,268,258
M0162,2024-02,1066,43671.15,1138,1066
M0369,2024-03,193,11596.39,201,193
M0164,2024-02,43,19305.26,45,43
M0434,2024-02,54,270.52,56,54
M0040,2024-04,235,93036.22,239,235
M0400,2024-05,182,50973.01,200,182
M0379,2024-06,4910,1249124.93,5094,4910
M0273,2024-07,248,11560.87,274,248
M0103,2024-02,8864,2314672.58,9512,8864
M0378,2024-01,1418,222999.22,1450,1418
M0574,2024-05,740,190262.67,767,740
M0246,2024-09,229,132271.35,238,229
M0055,2024-11,4448,90854.98,4742,4448
M0005,2024-07,183,6471.68,188,183
M0324,2024-07,3641,1486182.59,3732,3641
M0221,2024-02,929,63851.08,1029,929
M0455,2024-09,307,120936.54,327,307
M0079,2024-10,231,66572.15,241,231
M0286,2024-06,64,1391.69,66,64
M0159,2024-08,1812,55846.56,1852,1812
M0560,2024-06,169,12730.84,178,169
M0021,2024-06,3663,111393.50,4005,3663
M0115,2024-06,1322,55755.98,1357,1322
M0217,2024-11,1278,347317.66,1405,1278
M0098,2024-04,262,15833.02,283,262
M0313,2024-02,5914,433724.61,6306,5914
M0477,2024-12,237,17905.34,263,237
M0011,2024-02,216,4021.90,237,216
M0371,2024-08,52,1057.04,55,52
M0124,2024-09,1923,1187615.62,2031,1923
M0572,2024-12,1682,66840.03,1818,1682
M0182,2024-02,49,2545.33,55,49
M0153,2024-06,1982,56121.62,2101,1982
M0582,2024-08,4986,307102.75,5164,4986
M0508,2024-02,5707,408341.97,6295,5707
M0427,2024-12,97,2091.92,101,97
M0557,2024-09,372,15218.52,390,372
M0318,2024-11,1048,212692.50,1083,1048
M0107,2024-02,4562,235446.15,5053,4562
M0008,2024-04,110,34265.97,118,110
M0139,2024-08,288,18889.79,299,288
M0090,2024-03,4226,101231.46,4543,4226
M0470,2024-08,661,106072.20,716,661
M0079,2024-02,245,82558.48,253,245
M0539,2024-06,2137,83626.87,2371,2137
M0593,2024-02,1011,36929.50,1042,1011
M0579,2024-01,11532,464746.06,11910,11532
M0110,2024-02,229,64079.71,247,229
M0045,2024-03,144,9072.32,152,144
M0233,2024-07,1091,75146.22,1184,1091
M0596,2024-09,325,109168.95,334,325
M0290,2024-12,2105,282401.80,2166,2105
M0359,2024-08,209,4144.94,216,209
M0226,2024-02,92,2353.98,96,92
M0150,2024-12,10898,746992.60,11243,10898
M0367,2024-09,72,3834.68,74,72
M0007,2024-02,277,47466.45,284,277
M0248,2024-04,120,4376.98,127,120
M0182,2024-07,43,2212.52,45,43
M0253,2024-02,788,22644.74,822,788
M0126,2024-03,259,12583.20,281,259
M0551,2024-01,333,40843.19,348,333
M0477,2024-09,134,9015.61,144,134
M0588,2024-07,230,43620.84,248,230
M0047,2024-04,220,43322.87,240,220
M0375,2024-06,494,9188.23,548,494
M0536,2024-03,460,70378.22,506,460
M0359,2024-04,200,3618.72,214,200
M0126,2024-11,428,19620.34,475,428
M0183,2024-06,354,50958.61,385,354
M0128,2024-09,316,191486.43,346,316
M0068,2024-04,8682,177253.68,9530,8682
M0372,2024-08,63,2066.82,69,63
M0580,2024-09,252,10227.97,257,252
M0104,2024-06,81,8267.41,88,81
M0033,2024-10,140,6522.44,143,140
M0031,2024-06,2001,52192.61,2151,2001
M0557,2024-01,353,15665.52,374,353
M0252,2024-12,2327,538029.05,2489,2327
M0253,2024-07,802,25468.16,832,802
M0362,2024-08,74,3835.73,80,74
M0329,2024-05,10699,3343812.50,11548,10699
M0071,2024-06,1062,13103.16,1081,1062
M0258,2024-06,402,186098.65,436,402
M0191,2024-04,217,6708.56,240,217
M0135,2024-10,192,3740.90,204,192
M0488,2024-09,4477,410769.11,4626,4477
M0473,2024-10,107,50504.69,114,107
M0420,2024-11,1674,19024.84,1742,1674
M0418,2024-08,713,17796.95,744,713
M0137,2024-11,403,22895.64,421,403
M0386,2024-05,112,1265.66,118,112
M0095,2024-12,2250,159043.60,2381,2250
M0262,2024-05,54,3415.07,58,54
M0499,2024-12,1032,504939.45,1075,1032
M0034,2024-11,5546,39546.89,5706,5546
M0393,2024-04,273,7989.18,279,273
M0570,2024-08,1474,87374.81,1565,1474
M0520,2024-06,68,2185.23,73,68
M0557,2024-05,350,14343.34,356,350
M0136,2024-11,2725,214996.09,2771,2725
M0527,2024-12,636,58760.54,650,636
M0297,2024-06,369,75414.19,378,369
M0419,2024-06,1042,38500.85,1071,1042
M0365,2024-03,159,4843.99,164,159
M0165,2024-06,1156,51111.12,1264,1156
M0143,2024-01,3266,1611467.05,3529,3266
M0009,2024-06,307,3084.00,335,307
M0460,2024-06,646,38259.03,678,646
M0516,2024-02,182,3577.34,190,182
M0329,2024-03,10324,3256842.88,10545,10324
M0449,2024-09,452,36953.04,471,452
M0538,2024-02,1485,59019.75,1563,1485
M0054,2024-10,64,1384.69,70,64
M0106,2024-10,4463,145024.20,4867,4463
M0526,2024-08,363,54385.45,402,363
M0488,2024-03,3863,367340.65,4076,3863
M0148,2024-05,105,3156.06,112,105
M0388,2024-10,116,4260.22,127,116
M0513,2024-05,1162,606018.86,1285,1162
M0456,2024-01,49,1539.49,52,49
M0507,2024-02,1628,534124.70,1691,1628
M0488,2024-05,5463,491838.99,5618,5463
M0560,2024-08,181,14466.46,201,181
M0437,2024-01,73,18220.74,76,73
M0012,2024-01,264,20336.45,285,264
M0318,2024-10,980,208328.50,1059,980
M0572,2024-02,1577,64830.01,1627,1577
M0327,2024-06,79,52107.33,81,79
M0333,2024-08,68,894.59,75,68
M0212,2024-06,82,3632.68,83,82
M0489,2024-10,223,2701.14,232,223
M0300,2024-06,11438,283596.70,11977,11438
M0495,2024-12,548,8246.68,566,548
M0365,2024-06,153,4904.93,156,153
M0206,2024-02,1404,144490.99,1522,1404
M0532,2024-01,970,43500.87,1025,970
M0004,2024-04,9089,1884058.96,9834,9089
M0065,2024-06,165,8142.95,176,165
M0376,2024-08,1886,92249.39,1978,1886
M0160,2024-10,1614,74360.00,1739,1614
M0046,2024-04,153,5080.19,162,153
M0163,2024-04,2240,493882.40,2460,2240
M0315,2024-10,147,2680.99,160,147
M0438,2024-12,146,55625.99,153,146
M0227,2024-08,729,326844.98,776,729
M0274,2024-12,1514,45189.35,1565,1514
M0484,2024-07,5786,163016.79,6076,5786
M0132,2024-05,134,6018.71,146,134
M0296,2024-05,181,67812.35,191,181
M0237,2024-09,144,8375.35,152,144
M0199,2024-05,8481,92397.76,8624,8481
M0561,2024-10,227,12929.07,243,227
M0428,2024-05,109,36073.40,118,109
M0311,2024-10,1664,25803.15,1754,1664
M0048,2024-01,78,23664.36,83,78
M0386,2024-09,103,1149.77,112,103
M0094,2024-09,473,5643.70,509,473
M0373,2024-03,702,44147.42,744,702
M0029,2024-02,409,9316.11,436,409
M0553,2024-03,97,41865.14,100,97
M0118,2024-11,619,37108.21,673,619
M0497,2024-07,488,19508.14,527,488
M0347,2024-03,177,15032.70,197,177
M0062,2024-01,282,39720.64,296,282
M0411,2024-10,185,35732.79,192,185
M0297,2024-10,212,40770.52,223,212
M0208,2024-06,10328,437354.48,11307,10328
M0419,2024-03,1191,41884.62,1236,1191
M0074,2024-06,359,218848.02,387,359
M0103,2024-08,12747,3139736.44,13299,12747
M0045,2024-08,146,9294.29,151,146
M0097,2024-11,109,16584.05,115,109
M0338,2024-02,359,92650.38,393,359
M0600,2024-03,177,82232.52,194,177
M0500,2024-10,940,114598.43,1035,940
M0165,2024-12,2212,106891.31,2371,2212
M0451,2024-11,480,30429.25,499,480
M0044,2024-02,1131,10483.06,1179,1131
M0294,2024-05,54,3152.66,58,54
M0400,2024-07,124,36657.20,129,124
M0582,2024-02,3402,248573.78,3562,3402
M0285,2024-06,282,4778.54,301,282
M0515,2024-03,1039,33605.31,1082,1039
M0370,2024-12,214,5041.56,221,214
M0518,2024-01,216,12235.89,233,216
M0317,2024-02,382,60948.80,418,382
M0207,2024-03,143,2940.01,146,143
M0172,2024-08,901,28349.99,949,901
M0034,2024-01,6536,49765.79,6828,6536
M0510,2024-07,9713,168242.47,9866,9713
M0108,2024-05,154,54045.88,166,154
M0577,2024-03,277,50289.82,301,277
M0234,2024-07,297,17509.69,307,297
M0176,2024-02,690,151659.73,719,690
M0275,2024-10,9412,3803045.52,9908,9412
M0229,2024-08,327,23907.40,350,327
M0280,2024-08,816,319759.75,881,816
M0586,2024-06,56,19121.36,60,56
M0444,2024-12,408,41960.67,446,408
M0303,2024-04,199,3799.43,209,199
M0009,2024-12,269,2515.30,281,269
M0431,2024-11,198,1359.01,205,198
M0361,2024-12,978,31432.88,1078,978
M0534,2024-06,1361,68259.88,1400,1361
M0457,2024-10,1690,170089.84,1819,1690
M0371,2024-01,57,1231.15,59,57
M0366,2024-07,165,7875.68,176,165
M0190,2024-03,675,22578.70,707,675
M0566,2024-08,1527,73531.71,1595,1527
M0236,2024-01,891,32192.67,957,891
M0581,2024-06,964,33025.23,1038,964
M0168,2024-03,946,19596.72,1035,946
M0321,2024-07,465,10383.05,511,465
M0137,2024-07,293,18620.89,318,293
M0147,2024-03,249,1513.10,257,249
M0461,2024-03,1881,1242406.15,2008,1881
M0452,2024-03,98,4202.69,107,98
M0580,2024-08,248,9065.21,263,248
M0001,2024-02,268,126934.08,290,268
M0545,2024-12,127,2265.36,135,127
M0153,2024-04,1815,55566.19,1994,1815
M0235,2024-04,1042,78383.69,1090,1042
M0279,2024-06,337,39834.29,368,337
M0032,2024-08,652,19839.14,703,652
M0585,2024-01,2043,56377.58,2140,2043
M0393,2024-07,274,7728.52,294,274
M0194,2024-03,152,38774.28,158,152
M0142,2024-10,1572,95036.12,1744,1572
M0410,2024-02,1415,415875.49,1572,1415
M0265,2024-03,350,7979.15,376,350
M0542,2024-07,1090,115680.63,1109,1090
M0224,2024-02,1381,20828.49,1526,1381
M0445,2024-04,44,2935.42,47,44
M0388,2024-01,91,3034.48,100,91
M0293,2024-03,1805,232739.84,1877,1805
M0475,2024-08,245,18422.83,252,245
M0223,2024-07,132,5317.68,141,132
M0086,2024-02,109,56101.76,116,109
M0314,2024-07,455,87428.33,479,455
M0384,2024-04,269,7501.19,279,269
M0531,2024-11,1593,93398.63,1738,1593
M0326,2024-04,343,6537.21,361,343
M0446,2024-05,158,6094.30,163,158
M0311,2024-08,1705,31264.34,1745,1705
M0194,2024-12,212,57856.37,232,212
M0287,2024-08,203,4839.52,225,203
M0064,2024-01,1650,456555.73,1681,1650
M0161,2024-12,1075,225764.70,1135,1075
M0186,2024-08,248,39258.53,254,248
M0541,2024-04,540,52114.98,552,540
M0179,2024-02,4503,227849.42,4950,4503
M0028,2024-06,222,68208.79,245,222
M0012,2024-06,284,23364.08,308,284
M0186,2024-11,272,40153.46,280,272
M0212,2024-01,94,4229.83,103,94
M0503,2024-01,185,2612.27,196,185
M0135,2024-05,231,4687.81,246,231
M0289,2024-06,733,17347.53,770,733
M0380,2024-02,41,3741.53,43,41
M0574,2024-06,523,138564.05,576,523
M0020,2024-03,1903,141926.16,1962,1903
M0519,2024-04,45,24331.35,49,45
M0007,2024-08,261,52788.19,288,261
M0050,2024-02,65,4615.81,68,65
M0053,2024-01,1626,211469.02,1769,1626
M0060,2024-12,109,4258.45,112,109
M0290,2024-09,1778,254619.25,1838,1778
M0367,2024-07,72,4098.30,78,72
M0200,2024-02,176,9986.75,195,176
M0165,2024-02,1110,50175.21,1168,1110
M0291,2024-11,638,54369.66,674,638
M0151,2024-05,133,41591.69,136,133
M0202,2024-05,245,6132.80,249,245
M0564,2024-02,128,5950.36,139,128
M0436,2024-01,153,56827.14,165,153
M0470,2024-03,437,72119.67,445,437
M0097,2024-07,113,18656.73,123,113
M0455,2024-05,198,78853.36,210,198
M0531,2024-02,1495,92167.53,1566,1495
M0080,2024-04,2153,68569.20,2322,2153
M0089,2024-11,96,17891.76,103,96
M0413,2024-10,8950,560955.82,9880,8950
M0141,2024-01,161,45289.04,164,161
M0302,2024-04,46,2640.21,49,46
M0133,2024-03,34,1818.80,36,34
M0046,2024-09,143,4552.32,146,143
M0069,2024-04,1765,315812.41,1892,1765
M0300,2024-02,10740,259918.28,11726,10740
M0143,2024-09,4303,2161164.87,4493,4303
M0421,2024-02,770,12272.63,845,770
M0140,2024-04,865,107965.71,935,865
M0119,2024-10,134,22145.39,137,134
M0019,2024-10,222,3350.37,235,222
M0311,2024-04,1763,34438.32,1865,1763
M0163,2024-02,1778,386768.38,1805,1778
M0114,2024-02,90,2136.08,93,90
M0349,2024-07,859,55237.64,926,859
M0185,2024-10,686,47884.58,707,686
M0024,2024-07,182,49877.99,185,182
M0026,2024-05,1906,146304.04,2044,1906
M0157,2024-06,1000,46840.83,1094,1000
M0139,2024-02,273,16885.57,286,273
M0576,2024-12,1629,66548.96,1673,1629
M0454,2024-11,212,1341.72,235,212
M0437,2024-03,96,26349.15,103,96
M0160,2024-04,1306,63694.13,1350,1306
M0528,2024-07,170,28628.93,178,170
M0331,2024-04,175,2868.20,180,175
M0550,2024-01,216,61588.82,239,216
M0259,2024-03,232,85681.48,238,232
M0102,2024-04,178,9079.16,196,178
M0406,2024-01,192,3641.61,209,192
M0041,2024-05,1685,52471.37,1760,1685
M0289,2024-10,569,13431.59,630,569
M0464,2024-09,2120,43514.05,2276,2120
M0570,2024-04,1170,79072.01,1265,1170
M0549,2024-04,1764,474435.99,1886,1764
M0089,2024-05,72,13439.35,76,72
M0367,2024-02,65,3649.91,67,65
M0359,2024-11,221,4133.68,225,221
M0019,2024-07,222,3305.97,230,222
M0292,2024-01,1299,91805.54,1373,1299
M0097,2024-06,132,20372.93,139,132
M0301,2024-07,189,71824.36,202,189
M0089,2024-09,79,13356.73,86,79
M0079,2024-07,341,103636.84,355,341
M0144,2024-07,104,39065.73,114,104
M0550,2024-11,230,72908.00,250,230
M0298,2024-08,6465,1886970.18,6856,6465
M0197,2024-11,1722,253745.37,1847,1722
M0186,2024-01,203,32258.93,214,203
M0179,2024-07,3558,174813.79,3719,3558
M0287,2024-01,233,5838.12,243,233
M0316,2024-11,686,34755.77,719,686
M0153,2024-12,2991,90016.15,3222,2991
M0128,2024-11,278,157454.58,295,278
M0268,2024-01,706,63849.01,754,706
M0417,2024-01,1458,456743.38,1613,1458
M0317,2024-05,354,61336.39,362,354
M0305,2024-02,80,3848.70,85,80
M0494,2024-01,187,1459.96,207,187
M0007,2024-05,288,51069.33,307,288
M0584,2024-11,233,73137.81,248,233
M0134,2024-07,164,21374.02,175,164
M0466,2024-07,905,213877.70,941,905
M0374,2024-05,155,11089.84,166,155
M0055,2024-07,848,17387.34,901,848
M0238,2024-03,165,4267.33,168,165
M0198,2024-07,383,15630.56,417,383
M0345,2024-01,2171,54019.03,2398,2171
M0199,2024-02,9150,100096.87,9893,9150
M0153,2024-09,1865,50186.76,1913,1865
M0153,2024-01,1764,54460.51,1806,1764
M0428,2024-08,131,42610.63,143,131
M0599,2024-02,3403,117348.85,3593,3403
M0240,2024-01,1741,113456.53,1877,1741
M0042,2024-03,783,84919.32,807,783
M0249,2024-12,1205,415316.79,1320,1205
M0150,2024-10,9898,725052.09,10067,9898
M0294,2024-11,86,4540.98,89,86
M0304,2024-08,116,1666.63,124,116
M0074,2024-02,246,147007.07,272,246
M0362,2024-05,67,3375.48,75,67
M0597,2024-02,127,1594.48,130,127
M0070,2024-10,2993,60282.10,3170,2993
M0478,2024-09,61,5573.27,64,61
M0251,2024-09,239,5778.58,258,239
M0480,2024-01,1584,662264.47,1681,1584
M0267,2024-01,261,49467.06,279,261
M0254,2024-08,674,207013.25,696,674
M0108,2024-02,169,57655.81,176,169
M0037,2024-04,1418,706954.16,1451,1418
M0284,2024-04,4315,594822.52,4771,4315
M0409,2024-10,146,68674.31,153,146
M0510,2024-03,11355,201620.52,12457,11355
M0360,2024-05,1767,622007.91,1810,1767
M0066,2024-09,2391,405505.21,2516,2391
M0347,2024-09,205,16101.68,215,205
M0420,2024-06,1442,17144.92,1537,1442
M0110,2024-09,324,88026.01,355,324
M0122,2024-12,4417,58290.01,4819,4417
M0018,2024-09,82,22982.66,87,82
M0408,2024-07,245,6794.05,256,245
M0434,2024-10,57,312.85,62,57
M0097,2024-10,85,13962.50,93,85
M0418,2024-05,832,21997.25,862,832
M0262,2024-06,56,3526.91,62,56
M0093,2024-01,53,1469.21,56,53
M0591,2024-09,90,17010.83,97,90
M0565,2024-08,244,44059.16,265,244
M0221,2024-12,1065,69718.91,1125,1065
M0169,2024-05,153,11499.74,156,153
M0168,2024-04,957,19636.92,973,957
M0122,2024-08,4244,54241.09,4490,4244
M0307,2024-04,218,10715.08,240,218
M0574,2024-12,546,141393.27,580,546
M0500,2024-03,822,92599.85,878,822
M0058,2024-06,219,16049.37,235,219
M0452,2024-09,103,4778.55,109,103
M0299,2024-07,1198,74215.10,1309,1198
M0500,2024-08,752,92332.90,834,752
M0375,2024-10,422,8051.99,430,422
M0464,2024-11,2204,50187.57,2431,2204
M0341,2024-08,1941,144604.47,1992,1941
M0173,2024-03,114,1495.27,121,114
M0081,2024-10,1090,34591.33,1116,1090
M0362,2024-10,74,3713.24,82,74
M0191,2024-06,245,7731.67,259,245
M0529,2024-05,1645,64194.72,1771,1645
M0027,2024-12,1872,442883.49,1915,1872
M0268,2024-05,733,70907.91,803,733
M0267,2024-05,250,54459.29,264,250
M0445,2024-02,57,3394.67,62,57
M0340,2024-04,1875,349006.00,2004,1875
M0517,2024-07,226,5743.87,249,226
M0425,2024-12,2152,308396.04,2367,2152
M0433,2024-04,218,84082.58,228,218
M0124,2024-03,1756,997339.43,1808,1756
M0010,2024-07,313,14433.60,324,313
M0563,2024-07,1637,325957.97,1691,1637
M0550,2024-12,295,84504.00,315,295
M0597,2024-06,105,1290.80,114,105
M0240,2024-04,2064,123318.25,2192,2064
M0216,2024-08,207,17342.59,225,207
M0452,2024-07,93,4621.83,99,93
M0253,2024-11,804,25536.73,827,804
M0223,2024-01,157,6773.46,161,157
M0502,2024-07,1418,327748.30,1543,1418
M0110,2024-12,209,57787.50,232,209
M0345,2024-06,2128,50070.46,2166,2128
M0362,2024-06,70,3566.31,77,70
M0590,2024-06,221,2317.68,225,221
M0180,2024-11,1986,360602.80,2125,1986
M0080,2024-02,1844,64921.23,1995,1844
M0124,2024-04,1793,1066799.75,1956,1793
M0232,2024-04,50,1164.15,54,50
M0082,2024-06,133,3112.46,145,133
M0225,2024-01,1519,120267.75,1611,1519
M0577,2024-01,224,41367.15,247,224
M0111,2024-12,210,51286.55,218,210
M0019,2024-09,256,4155.53,283,256
M0142,2024-01,1121,68064.79,1163,1121
M0369,2024-04,245,16379.88,268,245
M0294,2024-12,102,5988.65,105,102
M0404,2024-04,1178,274876.44,1272,1178
M0330,2024-07,161,5677.38,167,161
M0268,2024-12,823,81289.83,909,823
M0332,2024-06,187,11009.74,207,187
M0150,2024-01,12236,855739.98,13195,12236
M0019,2024-04,194,2905.08,201,194
M0059,2024-02,103,18597.68,111,103
M0161,2024-11,865,166829.13,893,865
M0271,2024-01,211,67547.49,230,211
M0163,2024-07,2353,500057.25,2426,2353
M0552,2024-12,185,95258.05,197,185
M0302,2024-02,45,2563.39,46,45
M0235,2024-09,969,66845.02,1042,969
M0111,2024-02,142,34892.32,157,142
M0573,2024-10,71,4461.86,74,71
M0123,2024-03,1390,63014.10,1458,1390
M0499,2024-05,1002,529439.16,1062,1002
M0193,2024-07,246,51815.25,267,246
M0128,2024-02,245,129176.56,255,245
M0039,2024-12,2067,553427.15,2240,2067
M0558,2024-05,249,16452.42,276,249
M0462,2024-10,913,238368.88,936,913
M0059,2024-10,122,20004.93,129,122
M0415,2024-07,16266,1812556.68,16912,16266
M0321,2024-08,488,11168.60,532,488
M0406,2024-07,174,3234.37,190,174
M0204,2024-01,202,3784.94,207,202
M0537,2024-12,2243,60889.23,2327,2243
M0522,2024-08,2885,1273536.65,3026,2885
M0217,2024-03,1220,309897.65,1352,1220
M0325,2024-04,1892,1241353.98,2011,1892
M0122,2024-02,3886,49218.16,4031,3886
M0339,2024-07,1093,254269.28,1189,1093
M0331,2024-11,207,3177.82,229,207
M0260,2024-07,326,69622.42,334,326
M0106,2024-07,4468,151763.64,4666,4468
M0545,2024-08,123,2306.28,134,123
M0137,2024-03,233,13797.63,253,233
M0201,2024-08,261,72222.80,275,261
M0539,2024-03,1905,74381.60,2023,1905
M0317,2024-12,326,53501.30,334,326
M0379,2024-08,10499,2609212.11,10665,10499
M0313,2024-08,6286,465940.99,6598,6286
M0133,2024-06,36,2049.52,38,36
M0383,2024-08,2246,1008616.21,2430,2246
M0271,2024-12,268,100354.42,285,268
M0593,2024-11,907,33923.75,976,907
M0455,2024-02,226,85536.21,234,226
M0248,2024-01,106,4055.61,111,106
M0131,2024-04,205,7141.75,215,205
M0419,2024-05,1395,48275.22,1420,1395
M0573,2024-04,69,4178.21,72,69
M0269,2024-08,1356,732672.84,1432,1356
M0594,2024-06,103,2961.85,110,103
M0382,2024-01,3542,962100.36,3597,3542
M0384,2024-06,266,7536.32,271,266
M0295,2024-06,1755,21486.12,1916,1755
M0151,2024-08,200,71518.78,216,200
M0016,2024-09,173,41690.28,192,173
M0098,2024-12,281,18916.22,299,281
M0414,2024-04,143,1379.30,150,143
M0241,2024-12,490,35203.10,533,490
M0020,2024-07,1982,130486.48,2156,1982
M0357,2024-01,1906,96410.81,2035,1906
M0118,2024-09,445,24764.61,477,445
M0341,2024-07,2214,183424.37,2318,2214
M0387,2024-03,1642,41478.58,1748,1642
M0143,2024-06,4093,1991029.94,4524,4093
M0595,2024-10,526,30524.91,544,526
M0157,2024-02,1181,55036.18,1227,1181
M0105,2024-08,99,1326.89,105,99
M0538,2024-01,1632,64276.55,1779,1632
M0146,2024-01,1169,420922.81,1222,1169
M0520,2024-04,98,3334.69,108,98
M0439,2024-10,87,41563.45,90,87
M0584,2024-03,194,63846.99,215,194
M0268,2024-11,631,57924.78,642,631
M0421,2024-04,782,12361.75,862,782
M0028,2024-08,394,129109.06,405,394
M0592,2024-09,356,5549.13,372,356
M0010,2024-03,310,15767.85,326,310
M0113,2024-09,2295,1340429.26,2438,2295
M0427,2024-03,87,2035.45,95,87
M0297,2024-08,394,77922.97,434,394
M0020,2024-04,2173,147068.21,2258,2173
M0431,2024-02,177,1256.25,189,177
M0009,2024-07,295,3037.96,308,295
M0266,2024-10,875,56170.16,934,875
M0442,2024-09,4476,917439.30,4811,4476
M0177,2024-10,305,6519.00,310,305
M0569,2024-07,823,27472.93,895,823
M0356,2024-02,1521,822884.85,1608,1521
M0162,2024-06,960,38586.74,1063,960
M0317,2024-08,421,76042.01,430,421
M0221,2024-01,1066,72327.91,1118,1066
M0228,2024-10,139,64640.96,143,139
M0454,2024-04,169,1003.31,180,169
M0558,2024-10,289,17624.65,306,289
M0332,2024-10,197,11049.09,201,197
M0591,2024-05,94,17854.73,103,94
M0482,2024-09,134,7129.95,138,134
M0569,2024-05,815,25078.75,867,815
M0020,2024-10,1982,130500.21,2126,1982
M0594,2024-01,114,2984.07,122,114
M0336,2024-10,257,43558.02,264,257
M0122,2024-01,4166,55826.80,4305,4166
M0583,2024-04,301,196010.23,313,301
M0496,2024-04,137,12217.74,149,137
M0432,2024-09,102,14198.09,107,102
M0047,2024-06,298,55600.45,309,298
M0451,2024-07,432,27108.97,472,432
M0567,2024-06,1004,176261.54,1101,1004
M0032,2024-03,597,18116.70,655,597
M0162,2024-04,1084,41145.87,1104,1084
M0092,2024-01,217,9683.82,222,217
M0046,2024-06,188,6253.12,205,188
M0145,2024-04,9346,2577174.79,10237,9346
M0587,2024-09,248,13129.68,268,248
M0010,2024-06,306,13584.37,327,306
M0392,2024-11,4420,1406974.20,4873,4420
M0346,2024-11,81,1072.56,83,81
M0270,2024-06,60,16562.63,65,60
M0003,2024-01,183,3985.25,190,183
M0120,2024-05,1408,85080.26,1535,1408
M0122,2024-05,4147,49952.37,4563,4147
M0313,2024-01,6448,474444.59,6925,6448
M0196,2024-12,103,46311.54,112,103
M0495,2024-02,572,9142.60,595,572
M0190,2024-09,637,20188.67,663,637
M0566,2024-07,1273,59998.58,1305,1273
M0385,2024-09,961,120703.34,983,961
M0494,2024-09,212,1697.61,217,212
M0374,2024-06,150,10921.09,158,150
M0314,2024-04,486,99904.68,517,486
M0210,2024-04,211,15421.38,218,211
M0446,2024-11,245,10862.56,261,245
M0469,2024-05,90,1876.37,94,90
M0574,2024-07,536,139891.52,562,536
M0516,2024-09,200,3470.88,220,200
M0271,2024-05,225,84692.69,242,225
M0400,2024-10,183,51820.26,195,183
M0453,2024-08,960,44229.00,988,960
M0310,2024-03,156,7074.29,169,156
M0345,2024-04,1935,46891.74,2086,1935
M0554,2024-03,1100,152276.70,1124,1100
M0194,2024-05,169,46978.44,182,169
M0420,2024-08,1595,19139.98,1686,1595
M0351,2024-05,224,89735.67,246,224
M0538,2024-04,1329,55965.15,1444,1329
M0094,2024-08,452,5788.01,487,452
M0421,2024-09,688,11722.27,732,688
M0199,2024-07,8273,93043.23,8575,8273
M0417,2024-03,1821,566196.22,1879,1821
M0024,2024-02,127,34705.81,130,127
M0568,2024-05,245,12288.68,254,245
M0206,2024-10,1568,162336.74,1720,1568
M0189,2024-06,5676,39246.19,5997,5676
M0494,2024-06,198,1567.76,203,198
M0107,2024-06,6735,371655.36,7267,6735
M0448,2024-12,216,34293.49,227,216
M0103,2024-12,13623,3310393.78,14219,13623
M0399,2024-10,188,68412.59,205,188
M0086,2024-09,130,60514.02,145,130
M0274,2024-02,1088,34334.79,1164,1088
M0521,2024-10,1361,53381.29,1400,1361
M0298,2024-01,4135,1134081.73,4215,4135
M0356,2024-10,1520,677805.34,1561,1520
M0482,2024-10,139,7760.69,147,139
M0046,2024-05,154,4861.02,161,154
M0198,2024-01,361,13614.25,369,361
M0015,2024-07,208,11766.34,212,208
M0127,2024-07,71,1181.14,78,71
M0545,2024-02,127,2403.61,133,127
M0228,2024-06,168,80767.11,178,168
M0502,2024-04,878,201070.05,971,878
M0530,2024-05,1404,60721.95,1462,1404
M0294,2024-03,54,3132.66,58,54
M0238,2024-01,151,3871.93,162,151
M0255,2024-01,168,12915.03,176,168
M0523,2024-12,144,84353.69,151,144
M0245,2024-05,157,1709.12,163,157
M0578,2024-11,127,38388.59,138,127
M0432,2024-01,103,14213.02,112,103
M0534,2024-01,1148,60435.57,1250,1148
M0469,2024-06,92,1990.00,95,92
M0201,2024-10,161,52602.54,171,161
M0200,2024-10,283,16507.55,308,283
M0191,2024-03,221,7689.28,240,221
M0043,2024-07,1504,19494.28,1577,1504
M0516,2024-05,196,3807.95,205,196
M0557,2024-12,388,16683.15,427,388
M0271,2024-09,237,86176.61,248,237
M0074,2024-04,288,161927.85,294,288
M0201,2024-07,231,74062.34,239,231
M0314,2024-12,446,90088.98,456,446
M0252,2024-01,1551,352072.50,1625,1551
M0490,2024-08,394,28398.59,420,394
M0353,2024-03,126,64071.11,139,126
M0122,2024-04,3672,51714.23,3852,3672
M0348,2024-01,210,7767.65,223,210
M0412,2024-06,1380,363208.95,1447,1380
M0303,2024-08,202,3959.25,209,202
M0546,2024-07,634,34066.89,686,634
M0249,2024-01,806,229475.02,831,806
M0273,2024-11,358,18000.38,370,358
M0594,2024-11,117,3452.80,123,117
M0293,2024-09,2096,255194.81,2185,2096
M0544,2024-06,5090,1564559.00,5650,5090
M0219,2024-09,767,100084.41,780,767
M0572,2024-01,1366,48908.04,1461,1366
M0121,2024-04,60,1490.08,63,60
M0272,2024-11,202,41245.15,224,202
M0548,2024-01,112,8090.83,119,112
M0402,2024-04,79,12984.25,84,79
M0498,2024-03,118,41703.47,120,118
M0045,2024-11,207,13038.05,216,207
M0184,2024-01,168,50497.09,173,168
M0357,2024-04,1934,96832.58,2074,1934
M0205,2024-12,238,29790.50,259,238
M0321,2024-11,554,14404.84,574,554
M0570,2024-01,1351,83131.18,1448,1351
M0116,2024-02,45,13159.60,47,45
M0087,2024-10,46,13992.10,48,46
M0007,2024-07,284,50676.79,314,284
M0555,2024-10,1499,38340.04,1655,1499
M0340,2024-01,1926,363646.45,2070,1926
M0250,2024-09,183,39930.31,202,183
M0456,2024-06,41,1450.54,45,41
M0337,2024-08,1672,88906.93,1769,1672
M0112,2024-10,218,4789.80,227,218
M0038,2024-04,146,21987.44,154,146
M0429,2024-07,41,4082.13,43,41
M0458,2024-05,7938,646130.78,8706,7938
M0337,2024-05,1800,78737.86,1858,1800
M0044,2024-05,1493,15380.30,1536,1493
M0116,2024-06,59,14649.04,62,59
M0478,2024-03,53,4713.20,56,53
M0148,2024-06,86,2866.87,93,86
M0480,2024-03,1443,714399.63,1483,1443
M0008,2024-09,147,48195.28,155,147
M0326,2024-01,367,9044.23,386,367
M0554,2024-07,875,122355.85,903,875
M0113,2024-04,2143,1239474.67,2372,2143
M0054,2024-08,63,1227.86,70,63
M0191,2024-10,295,10171.34,305,295
M0289,2024-01,686,15704.26,751,686
M0404,2024-11,1165,274766.00,1192,1165
M0328,2024-02,1686,29278.06,1756,1686
M0211,2024-10,56,15768.57,60,56
M0247,2024-09,6284,2097194.94,6885,6284
M0355,2024-01,1302,12155.74,1413,1302
M0107,2024-03,5385,249258.21,5565,5385
M0078,2024-11,15315,490762.36,15868,15315
M0485,2024-10,131,4496.89,141,131
M0199,2024-09,9022,98280.24,9996,9022
M0014,2024-10,261,31079.46,265,261
M0287,2024-03,260,6143.73,273,260
M0460,2024-04,739,45077.51,777,739
M0179,2024-09,4367,228982.17,4554,4367
M0214,2024-03,11448,746308.19,12280,11448
M0538,2024-09,1995,72534.76,2173,1995
M0162,2024-07,1056,46532.14,1116,1056
M0105,2024-02,99,1304.05,101,99
M0415,2024-12,12562,1551173.15,12792,12562
M0121,2024-02,48,1324.93,52,48
M0458,2024-10,9358,668059.48,9741,9358
M0181,2024-02,1460,366786.20,1591,1460
M0245,2024-02,204,1924.98,209,204
M0233,2024-02,1013,66022.37,1114,1013
M0541,2024-06,665,67255.99,686,665
M0230,2024-04,156,4227.52,166,156
M0435,2024-04,7921,177241.36,8767,7921
M0254,2024-04,417,121912.08,454,417
M0481,2024-04,1359,617867.45,1487,1359
M0407,2024-12,272,77526.71,282,272
M0551,2024-04,300,35895.68,311,300
M0014,2024-08,377,45590.24,386,377
M0356,2024-06,1261,639984.24,1357,1261
M0383,2024-11,1664,805220.07,1797,1664
M0063,2024-09,163,30552.05,175,163
M0223,2024-02,139,6370.84,145,139
M0277,2024-03,656,48156.57,720,656
M0126,2024-02,224,10714.29,237,224
M0100,2024-10,75,21819.69,82,75
M0118,2024-04,370,21933.18,405,370
M0176,2024-08,1154,277316.58,1200,1154
M0467,2024-11,225,21091.02,244,225
M0548,2024-07,132,10872.00,136,132
M0187,2024-12,368,47831.54,379,368
M0578,2024-12,163,50696.29,180,163
M0277,2024-01,653,46151.15,711,653
M0363,2024-05,236,18371.67,254,236
M0550,2024-02,201,58406.95,212,201
M0490,2024-09,406,29746.28,435,406
M0422,2024-11,335,32751.06,343,335
M0439,2024-01,100,53899.21,109,100
M0463,2024-09,251,68255.58,266,251
M0349,2024-11,799,55528.58,862,799
M0226,2024-08,87,2413.67,89,87
M0264,2024-01,288,16416.18,297,288
M0555,2024-07,1898,49132.17,2088,1898
M0219,2024-08,1054,127455.34,1105,1054
M0441,2024-12,1998,53279.23,2134,1998
M0503,2024-06,188,2779.21,193,188
M0458,2024-01,7498,595698.38,7985,7498
M0282,2024-02,201,77622.08,221,201
M0497,2024-04,427,16660.06,454,427
M0326,2024-09,329,7062.90,358,329
M0475,2024-03,223,16197.21,245,223
M0512,2024-10,8273,724403.23,9116,8273
M0529,2024-11,2130,83076.59,2336,2130
M0581,2024-05,961,34819.25,1018,961
M0508,2024-08,5145,364908.56,5226,5145
M0352,2024-08,1117,190933.91,1197,1117
M0279,2024-02,338,40597.35,372,338
M0582,2024-10,5177,356518.25,5560,5177
M0033,2024-07,156,8375.55,166,156
M0042,2024-05,895,94973.13,931,895
M0042,2024-09,1163,113462.47,1208,1163
M0272,2024-07,300,61315.87,325,300
M0547,2024-02,226,4163.33,234,226
M0280,2024-11,608,254602.05,636,608
M0022,2024-02,8077,379321.82,8207,8077
M0090,2024-08,3487,92031.17,3737,3487
M0403,2024-10,211,78902.51,228,211
M0168,2024-10,911,22128.80,1002,911
M0570,2024-03,1266,83538.65,1356,1266
M0041,2024-10,1555,44698.57,1585,1555
M0500,2024-05,887,96074.93,918,887
M0267,2024-11,881,191575.12,903,881
M0016,2024-08,223,48102.96,234,223
M0294,2024-04,51,2519.75,53,51
M0593,2024-03,833,32118.46,891,833
M0035,2024-03,260,11131.09,284,260
M0030,2024-02,189,18360.32,201,189
M0410,2024-11,1369,417954.33,1519,1369
M0497,2024-06,502,20809.77,516,502
M0101,2024-01,1483,51935.22,1558,1483
M0108,2024-11,173,60185.96,178,173
M0087,2024-06,60,17743.69,61,60
M0230,2024-07,166,4347.74,185,166
M0424,2024-09,460,142537.90,505,460
M0258,2024-07,403,185024.76,416,403
M0200,2024-06,229,13196.30,246,229
M0546,2024-12,821,42153.59,868,821
M0418,2024-09,852,22506.90,904,852
M0370,2024-04,178,3937.30,192,178
M0151,2024-12,152,46086.24,158,152
M0469,2024-10,68,1446.93,73,68
M0089,2024-04,89,15138.89,94,89
M0238,2024-07,147,3975.12,151,147
M0186,2024-09,213,33516.89,227,213
M0467,2024-05,209,21382.47,226,209
M0080,2024-01,2008,66488.52,2146,2008
M0189,2024-08,5869,42709.16,5975,5869
M0225,2024-03,1693,143698.05,1784,1693
M0510,2024-11,8632,152189.64,9071,8632
M0472,2024-09,249,3566.99,258,249
M0243,2024-03,119,26593.74,121,119
M0360,2024-06,1998,644380.57,2074,1998
M0099,2024-11,11222,836878.31,12146,11222
M0520,2024-12,103,3199.58,107,103
M0246,2024-10,215,110354.27,222,215
M0234,2024-09,277,17477.87,306,277
M0188,2024-04,1382,27243.43,1456,1382
M0499,2024-03,819,409962.35,834,819
M0286,2024-02,58,1152.63,64,58
M0354,2024-07,322,15083.31,350,322
M0387,2024-10,1934,50392.48,2121,1934
M0221,2024-10,976,68632.97,1018,976
M0064,2024-02,1406,369750.97,1454,1406
M0553,2024-02,118,54354.82,126,118
M0530,2024-10,1940,90546.50,2058,1940
M0218,2024-12,176,47586.69,184,176
M0173,2024-11,111,1540.09,120,111
M0342,2024-09,1243,40072.73,1324,1243
M0081,2024-09,822,27584.48,908,822
M0545,2024-06,121,2335.28,124,121
M0593,2024-09,986,38007.98,1072,986
M0386,2024-08,110,1174.27,122,110
M0187,2024-05,275,36058.48,305,275
M0325,2024-09,1669,1087848.89,1802,1669
M0466,2024-10,1269,292886.03,1308,1269
M0586,2024-11,76,25105.11,80,76
M0093,2024-12,57,1841.86,59,57
M0559,2024-07,1449,37104.10,1588,1449
M0039,2024-07,2575,748213.29,2687,2575
M0391,2024-11,3911,121141.16,4146,3911
M0448,2024-03,256,42388.02,262,256
M0483,2024-06,99,2567.98,102,99
M0488,2024-10,5603,501457.42,5838,5603
M0066,2024-02,1766,300972.44,1914,1766
M0589,2024-03,842,60496.93,859,842
M0251,2024-03,257,5346.49,267,257
M0067,2024-07,230,15314.10,238,230
M0272,2024-01,202,46559.21,212,202
M0419,2024-11,1175,39790.89,1194,1175
M0005,2024-09,142,4673.10,148,142
M0298,2024-06,5974,1715201.73,6439,5974
M0160,2024-02,1288,58468.36,1321,1288
M0356,2024-12,1481,672081.57,1634,1481
M0410,2024-03,1661,509611.88,1844,1661
M0425,2024-01,1204,150067.28,1237,1204
M0526,2024-12,345,51289.55,353,345
M0056,2024-05,239,6657.20,244,239
M0202,2024-04,264,6473.10,288,264
M0320,2024-04,644,191778.49,714,644
M0164,2024-07,71,33147.25,75,71
M0319,2024-07,856,23713.90,913,856
M0194,2024-11,152,39983.99,164,152
M0346,2024-01,86,1148.09,88,86
M0286,2024-08,61,1133.72,67,61
M0221,2024-07,1095,80258.72,1133,1095
M0317,2024-04,333,54400.87,360,333
M0105,2024-11,87,1316.28,91,87
M0040,2024-02,216,95344.53,223,216
M0533,2024-12,59,12220.48,62,59
M0443,2024-06,361,213487.52,366,361
M0034,2024-12,7361,56505.67,7853,7361
M0251,2024-06,243,5843.99,258,243
M0401,2024-06,294,127322.44,320,294
M0308,2024-06,2549,88308.00,2809,2549
M0036,2024-07,10135,3083521.24,10572,10135
M0400,2024-04,174,46971.16,183,174
M0526,2024-02,198,29044.55,218,198
M0333,2024-09,73,1196.25,78,73
M0427,2024-02,110,2400.70,121,110
M0183,2024-09,293,42335.33,304,293
M0484,2024-06,6345,170430.42,6848,6345
M0589,2024-09,1127,80744.82,1192,1127
M0343,2024-02,326,21481.40,346,326
M0596,2024-11,259,79648.98,284,259
M0304,2024-02,108,1499.90,114,108
M0147,2024-10,236,1508.72,246,236
M0003,2024-10,248,5502.54,266,248
M0564,2024-12,319,14845.97,334,319
M0557,2024-02,482,20180.34,496,482
M0386,2024-01,104,1024.71,112,104
M0400,2024-08,227,70730.68,249,227
M0446,2024-01,159,6572.58,164,159
M0114,2024-12,204,4681.77,211,204
M0260,2024-09,269,57060.19,286,269
M0215,2024-11,253,90699.31,261,253
M0339,2024-04,1469,361213.73,1568,1469
M0355,2024-03,1784,17260.88,1877,1784
M0211,2024-08,68,17668.58,74,68
M0370,2024-05,167,3578.62,174,167
M0204,2024-04,211,4191.86,216,211
M0597,2024-05,119,1439.27,130,119
M0214,2024-05,10944,704175.84,11802,10944
M0119,2024-01,99,14184.03,108,99
M0244,2024-05,1671,14689.49,1752,1671
M0581,2024-07,914,32140.74,987,914
M0039,2024-05,1870,562476.22,1980,1870
M0352,2024-05,767,127108.78,811,767
M0147,2024-12,213,1411.35,219,213
M0560,2024-10,150,11066.93,154,150
M0525,2024-10,188,9491.20,195,188
M0524,2024-02,186,48674.31,197,186
M0152,2024-04,265,93416.10,288,265
M0474,2024-02,276,3958.28,297,276
M0411,2024-09,186,35908.00,193,186
M0461,2024-04,1809,1068287.60,1977,1809
M0007,2024-06,277,53953.65,291,277
M0547,2024-07,276,5303.30,305,276
M0276,2024-03,253,9965.74,276,253
M0411,2024-05,206,38537.67,225,206
M0206,2024-04,1546,141677.52,1693,1546
M0254,2024-03,483,147465.43,510,483
M0559,2024-09,1497,41517.76,1648,1497
M0454,2024-10,205,1252.28,223,205
M0588,2024-12,251,49022.06,266,251
M0222,2024-01,80,2365.74,82,80
M0086,2024-03,102,53158.61,110,102
M0114,2024-10,116,2883.20,120,116
M0325,2024-05,1701,1002946.28,1792,1701
M0557,2024-11,328,14167.61,341,328
M0050,2024-09,94,7345.68,104,94
M0424,2024-11,410,129259.71,436,410
M0509,2024-02,308,60797.38,340,308
M0262,2024-04,47,3136.83,52,47
M0325,2024-08,2171,1422714.62,2263,2171
M0068,2024-09,10232,210961.73,11289,10232
M0033,2024-04,183,9329.30,201,183
M0287,2024-02,244,5699.58,269,244
M0148,2024-08,82,2753.53,90,82
M0415,2024-05,10925,1418870.48,11867,10925
M0389,2024-07,219,7924.20,225,219
M0516,2024-12,217,4250.51,223,217
M0585,2024-12,2346,70817.63,2528,2346
M0214,2024-02,8903,551443.11,9042,8903
M0036,2024-02,7686,2073943.26,7949,7686
M0423,2024-02,3484,2050723.78,3867,3484
M0424,2024-06,513,159762.32,549,513
M0261,2024-11,84,18921.64,86,84
M0342,2024-10,1416,46913.06,1544,1416
M0107,2024-10,6703,355482.31,7278,6703
M0402,2024-11,75,13521.15,77,75
M0077,2024-04,107,27257.32,115,107
M0318,2024-12,1364,274021.23,1388,1364
M0014,2024-03,278,37342.77,305,278
M0412,2024-10,1152,276642.85,1186,1152
M0191,2024-01,177,6004.53,182,177
M0568,2024-09,217,11690.89,228,217
M0292,2024-07,1705,120169.03,1828,1705
M0533,2024-06,52,10841.42,54,52
M0529,2024-09,2056,85943.51,2272,2056
M0002,2024-08,1018,173525.52,1111,1018
M0224,2024-07,1218,16873.36,1246,1218
M0573,2024-06,53,3340.31,56,53
M0511,2024-03,246,75699.83,267,246
M0458,2024-11,11262,922207.55,12484,11262
M0393,2024-06,293,8096.99,306,293
M0533,2024-11,36,7361.56,37,36
M0352,2024-06,829,126203.05,854,829
M0006,2024-05,178,116916.10,188,178
M0423,2024-03,3887,1974825.01,3972,3887
M0266,2024-07,856,47097.32,928,856
M0342,2024-08,1229,38878.27,1320,1229
M0358,2024-04,168,27152.61,176,168
M0132,2024-10,143,6189.76,147,143
M0344,2024-08,181,12487.48,198,181
M0296,2024-06,134,50757.21,141,134
M0133,2024-12,63,3606.77,65,63
M0121,2024-11,90,2166.59,100,90
M0026,2024-09,1841,157068.54,1971,1841
M0326,2024-12,339,7881.26,371,339
M0029,2024-08,419,8889.76,445,419
M0383,2024-06,1954,997985.70,2012,1954
M0579,2024-11,10410,373543.38,11473,10410
M0346,2024-09,86,1162.34,89,86
M0427,2024-05,112,2587.01,116,112
M0161,2024-06,972,203109.82,1027,972
M0387,2024-04,1610,37404.90,1662,1610
M0065,2024-12,176,8285.47,180,176
M0507,2024-10,1701,526293.27,1765,1701
M0314,2024-03,521,106987.08,569,521
M0358,2024-06,177,28515.91,197,177
M0035,2024-12,241,10759.74,254,241
M0001,2024-06,219,106661.00,237,219
M0541,2024-10,615,62201.44,659,615
M0406,2024-04,167,3213.49,184,167
M0162,2024-09,967,36451.24,1026,967
M0250,2024-03,174,33281.02,180,174
M0210,2024-12,412,36580.26,455,412
M0584,2024-06,238,69743.26,242,238
M0036,2024-09,7853,2483895.23,8300,7853
M0114,2024-01,103,2465.14,108,103
M0210,2024-10,282,21179.49,292,282
M0498,2024-07,167,62050.06,175,167
M0477,2024-02,116,8520.38,129,116
M0466,2024-03,888,219140.83,908,888
M0581,2024-01,1063,38167.79,1083,1063
M0413,2024-09,9373,567690.45,9575,9373
M0538,2024-10,1836,73012.34,1951,1836
M0297,2024-12,358,66719.89,372,358
M0282,2024-08,316,126285.10,330,316
M0039,2024-03,1709,458043.79,1769,1709
M0081,2024-03,876,27638.61,922,876
M0301,2024-01,137,46654.60,150,137
M0162,2024-10,1118,42498.78,1148,1118
M0218,2024-10,133,32895.76,145,133
M0144,2024-04,152,53291.86,164,152
M0269,2024-07,1488,715070.50,1646,1488
M0056,2024-10,261,6225.78,273,261
M0125,2024-02,209,9550.03,226,209
M0045,2024-12,240,15907.02,258,240
M0306,2024-04,98,27085.09,103,98
M0498,2024-09,126,43878.19,131,126
M0293,2024-07,1612,192251.92,1739,1612
M0190,2024-01,690,25314.47,725,690
M0505,2024-07,193,7593.59,211,193
M0320,2024-07,780,217017.60,834,780
M0557,2024-03,320,13560.97,326,320
M0264,2024-04,217,11522.96,239,217
M0522,2024-07,1356,576127.55,1504,1356
M0475,2024-04,183,13858.21,199,183
M0452,2024-05,83,3896.03,90,83
M0540,2024-09,103,29834.44,113,103
M0077,2024-09,108,30512.29,112,108
M0043,2024-10,1512,16207.76,1551,1512
M0435,2024-12,8389,217396.23,8755,8389
M0132,2024-02,115,5095.83,119,115
M0539,2024-05,2195,92304.47,2261,2195
M0522,2024-02,1781,737608.51,1948,1781
M0319,2024-06,761,20870.46,809,761
M0475,2024-11,383,29970.84,418,383
M0225,2024-12,2869,224359.36,3018,2869
M0018,2024-07,36,10049.27,38,36
M0417,2024-11,1821,574900.64,1854,1821
M0244,2024-11,1715,14114.93,1799,1715
M0433,2024-06,218,85308.74,231,218
M0308,2024-07,2566,86172.88,2669,2566
M0060,2024-03,88,3457.80,91,88
M0466,2024-12,934,214809.51,955,934
M0464,2024-05,2258,52055.26,2394,2258
M0111,2024-04,168,40977.13,172,168
M0429,2024-12,44,4463.69,48,44
M0030,2024-12,212,19138.78,233,212
M0129,2024-11,417,26948.49,458,417
M0095,2024-02,1315,93786.01,1450,1315
M0094,2024-11,555,7213.68,598,555
M0208,2024-02,10735,424332.07,11578,10735
M0415,2024-09,12454,1480931.87,13249,12454
M0410,2024-04,1542,460135.59,1627,1542
M0136,2024-12,2793,211618.15,2964,2793
M0341,2024-06,1940,147752.96,2064,1940
M0028,2024-03,243,72861.15,257,243
M0324,2024-10,5029,1657495.22,5154,5029
M0027,2024-04,1371,303666.93,1516,1371
M0163,2024-09,2168,467492.63,2274,2168
M0463,2024-11,277,71715.83,282,277
M0354,2024-05,340,18748.97,358,340
M0129,2024-03,248,14547.07,260,248
M0237,2024-05,164,9274.88,173,164
M0002,2024-02,1008,174317.69,1045,1008
M0430,2024-01,179,44129.11,192,179
M0415,2024-08,14854,1605083.12,15280,14854
M0392,2024-01,1031,322944.04,1047,1031
M0228,2024-03,161,76720.92,174,161
M0563,2024-12,1515,339308.18,1632,1515
M0397,2024-06,228,88082.65,252,228
M0116,2024-03,43,12210.34,48,43
M0102,2024-12,319,13914.35,349,319
M0043,2024-04,1370,17504.81,1481,1370
M0354,2024-10,342,18223.70,366,342
M0435,2024-07,7274,164638.10,7762,7274
M0201,2024-01,159,53804.37,169,159
M0205,2024-02,140,17517.05,155,140
M0155,2024-04,792,83996.95,850,792
M0092,2024-11,206,8366.59,216,206
M0121,2024-08,68,1869.70,71,68
M0529,2024-04,1839,72103.19,1932,1839
M0389,2024-01,279,9616.90,309,279
M0493,2024-11,303,17501.86,319,303
M0544,2024-01,3861,1095292.93,4257,3861
M0120,2024-09,1565,91931.00,1691,1565
M0382,2024-12,3169,907416.18,3322,3169
M0123,2024-07,1703,79243.42,1817,1703
M0024,2024-05,149,44646.89,153,149
M0101,2024-07,1465,44513.51,1562,1465
M0076,2024-08,1526,36394.80,1693,1526
M0255,2024-03,152,11026.25,169,152
M0479,2024-08,649,9703.67,683,649
M0196,2024-05,94,40113.22,100,94
M0450,2024-06,1131,146030.29,1236,1131
M0307,2024-02,219,9995.64,240,219
M0031,2024-12,1662,41095.16,1745,1662
M0099,2024-02,7962,586478.65,8361,7962
M0062,2024-10,243,36207.22,255,243
M0190,2024-06,615,21257.12,640,615
M0313,2024-04,6105,473084.99,6407,6105
M0376,2024-07,2046,90289.62,2239,2046
M0409,2024-03,171,84387.05,184,171
M0350,2024-03,469,178839.58,497,469
M0518,2024-12,256,15453.89,260,256
M0149,2024-03,606,306024.90,647,606
M0441,2024-08,1584,40624.41,1696,1584
M0534,2024-09,1370,66707.17,1508,1370
M0044,2024-11,1283,13201.20,1317,1283
M0443,2024-02,237,137891.98,259,237
M0204,2024-12,227,4169.92,238,227
M0558,2024-09,241,16349.37,251,241
M0509,2024-07,284,58837.52,315,284
M0465,2024-02,758,29142.38,775,758
M0160,2024-06,1341,66234.69,1397,1341
M0409,2024-04,167,75494.08,171,167
M0093,2024-05,61,1765.57,64,61
M0079,2024-09,244,76317.63,249,244
M0099,2024-12,12365,921312.23,13001,12365
M0342,2024-04,1095,39788.62,1138,1095
M0584,2024-02,173,55346.69,192,173
M0068,2024-08,8965,184753.20,9766,8965
M0108,2024-03,159,52956.51,176,159
M0003,2024-04,158,3201.54,172,158
M0121,2024-06,75,2001.23,82,75
M0305,2024-06,87,4575.97,92,87
M0475,2024-09,208,16559.95,225,208
M0210,2024-01,229,16052.48,240,229
M0151,2024-06,181,62887.40,185,181
M0024,2024-12,227,65432.69,237,227
M0412,2024-11,1212,312639.65,1302,1212
M0045,2024-04,130,8741.68,144,130
M0451,2024-05,461,27068.29,509,461
M0062,2024-03,283,43201.16,289,283
M0370,2024-11,209,4856.81,230,209
M0373,2024-06,937,59993.76,1035,937
M0318,2024-07,1163,256736.59,1292,1163
M0476,2024-10,150,27320.14,166,150
M0492,2024-04,253,6690.16,262,253
M0180,2024-05,2134,389117.21,2315,2134
M0139,2024-07,266,17689.13,271,266
M0532,2024-09,4239,211572.51,4424,4239
M0058,2024-01,234,16000.63,257,234
M0079,2024-01,255,78135.66,278,255
M0038,2024-12,209,31324.23,216,209
M0235,2024-12,1673,114206.96,1775,1673
M0544,2024-12,5536,1636599.28,5851,5536
M0157,2024-05,1115,50514.94,1163,1115
M0305,2024-12,97,4916.80,99,97
M0393,2024-09,330,9586.00,354,330
M0242,2024-01,110,21688.44,114,110
M0553,2024-06,85,39602.26,89,85
M0436,2024-03,111,47207.50,120,111
M0045,2024-06,155,10831.81,162,155
M0028,2024-01,306,88659.72,324,306
M0017,2024-09,87,11964.24,93,87
M0131,2024-05,209,6838.67,228,209
M0323,2024-12,620,123122.81,641,620
M0466,2024-11,1053,257978.21,1158,1053
M0055,2024-01,770,15218.67,793,770
M0550,2024-04,235,70464.50,243,235
M0548,2024-10,155,12574.82,168,155
M0241,2024-02,204,16083.14,225,204
M0345,2024-12,2034,48853.29,2252,2034
M0150,2024-07,11073,827077.21,12206,11073
M0447,2024-08,184,3830.18,193,184
M0103,2024-11,10293,2383043.78,11148,10293
M0473,2024-11,116,64277.96,119,116
M0581,2024-12,920,32145.61,1001,920
M0296,2024-12,151,54087.28,159,151
M0304,2024-04,134,1693.72,140,134
M0167,2024-03,764,83583.08,842,764
M0118,2024-05,424,24160.52,466,424
M0457,2024-01,1587,175330.37,1687,1587
M0470,2024-07,556,85335.70,589,556
M0464,2024-01,2153,46460.80,2237,2153
M0248,2024-02,93,3715.65,97,93
M0286,2024-09,66,1312.33,69,66
M0363,2024-11,212,16521.45,234,212
M0291,2024-01,414,33689.92,440,414
M0237,2024-03,161,9666.05,177,161
M0201,2024-05,183,54339.62,187,183
M0105,2024-10,92,1339.88,98,92
M0489,2024-02,254,3071.10,262,254
M0041,2024-07,1769,55886.14,1878,1769
M0556,2024-12,265,100823.19,280,265
M0067,2024-09,210,12034.02,228,210
M0531,2024-09,1810,101211.98,1999,1810
M0228,2024-09,174,77979.59,183,174
M0231,2024-09,619,90737.41,653,619
M0200,2024-09,262,14865.76,271,262
M0519,2024-02,42,20928.70,46,42
M0287,2024-07,246,6238.82,255,246
M0170,2024-03,74,4571.98,76,74
M0424,2024-12,536,155918.98,567,536
M0361,2024-09,959,33391.04,1022,959
M0409,2024-09,248,114771.41,257,248
M0414,2024-01,149,1362.81,157,149
M0362,2024-11,79,3882.53,84,79
M0365,2024-05,180,5473.73,193,180
M0559,2024-12,1654,40185.64,1704,1654
M0034,2024-08,5843,47269.84,6462,5843
M0110,2024-07,176,50392.70,181,176
M0583,2024-11,351,221305.11,371,351
M0091,2024-02,1487,222629.81,1534,1487
M0516,2024-03,208,4289.42,222,208
M0091,2024-03,1936,306113.48,2035,1936
M0260,2024-05,230,50024.09,237,230
M0016,2024-07,236,58328.13,244,236
M0303,2024-02,206,3728.73,221,206
M0386,2024-07,116,1142.71,123,116
M0139,2024-12,294,20171.71,301,294
M0324,2024-12,4151,1441457.86,4509,4151
M0284,2024-12,4854,703225.72,5295,4854
M0209,2024-09,120,4505.28,130,120
M0015,2024-06,212,11995.36,229,212
M0356,2024-04,1623,862384.39,1751,1623
M0030,2024-06,205,20449.01,209,205
M0281,2024-02,140,3310.15,154,140
M0126,2024-01,226,10455.59,241,226
M0416,2024-10,7935,1514380.18,8531,7935
M0543,2024-11,140,46608.15,145,140
M0063,2024-02,133,28191.71,142,133
M0415,2024-02,10233,1241224.60,10469,10233
M0198,2024-02,347,13081.23,362,347
M0600,2024-02,196,90168.40,200,196
M0559,2024-04,1616,42737.17,1753,1616
M0525,2024-09,165,8073.99,183,165
M0112,2024-07,193,4383.30,203,193
M0327,2024-03,57,37246.21,58,57
M0207,2024-11,137,2754.70,146,137
M0286,2024-07,52,935.66,58,52
M0338,2024-08,522,125875.86,551,522
M0207,2024-08,143,2780.17,157,143
M0580,2024-03,211,8342.56,231,211
M0529,2024-01,1827,74042.92,1945,1827
M0047,2024-12,311,56258.55,316,311
M0418,2024-02,921,26727.37,948,921
M0408,2024-10,223,6598.88,238,223
M0531,2024-08,1815,110150.11,1968,1815
M0073,2024-08,99,35893.38,105,99
M0262,2024-01,44,3087.11,46,44
M0555,2024-01,1697,48044.11,1789,1697
M0187,2024-10,237,28140.25,252,237
M0308,2024-01,2313,74445.30,2364,2313
M0430,2024-07,220,55445.76,233,220
M0276,2024-02,271,9560.23,300,271
M0275,2024-08,15921,6876188.17,16406,15921
M0083,2024-09,469,15053.80,506,469
M0467,2024-04,229,24442.74,249,229
M0038,2024-01,157,24192.44,161,157
M0598,2024-03,792,54377.18,854,792
M0447,2024-01,149,3431.28,160,149
M0415,2024-03,10388,1138444.30,10998,10388
M0419,2024-07,1364,51764.56,1492,1364
M0488,2024-11,6784,584344.88,7050,6784
M0318,2024-02,945,189110.90,1040,945
M0271,2024-04,194,67390.02,206,194
M0240,2024-11,1724,113168.44,1889,1724
M0490,2024-05,424,30640.16,455,424
M0165,2024-10,1279,56881.79,1397,1279
M0430,2024-11,183,41722.84,192,183
M0475,2024-01,193,13964.88,213,193
M0269,2024-02,952,449618.03,1037,952
M0081,2024-12,1572,51774.70,1633,1572
M0394,2024-05,198,38853.01,209,198
M0487,2024-04,9881,172009.08,10560,9881
M0425,2024-05,1639,211447.11,1756,1639
M0185,2024-04,614,36475.68,680,614
M0225,2024-02,1485,124416.32,1530,1485
M0096,2024-03,135,9321.01,139,135
M0454,2024-08,192,1272.38,212,192
M0307,2024-05,238,12236.61,253,238
M0105,2024-07,90,1308.32,99,90
M0550,2024-07,289,84316.58,313,289
M0229,2024-02,327,25292.53,335,327
M0598,2024-07,908,52098.51,955,908
M0049,2024-03,276,138483.39,304,276
M0382,2024-10,4071,1221477.32,4482,4071
M0213,2024-11,159,16591.47,171,159
M0269,2024-11,1110,496121.85,1217,1110
M0530,2024-07,1902,85319.80,2047,1902
M0543,2024-07,192,63720.82,213,192
M0093,2024-10,62,1994.57,65,62
M0416,2024-07,8374,1393344.73,9164,8374
M0117,2024-01,281,187447.61,308,281
M0318,2024-03,946,199412.59,1006,946
M0178,2024-12,344,89670.09,359,344
M0047,2024-01,226,43490.29,250,226
M0467,2024-02,220,23454.94,232,220
M0096,2024-10,127,8893.74,131,127
M0050,2024-11,106,7945.27,115,106
M0273,2024-05,246,11872.13,266,246
M0530,2024-09,1423,58957.21,1544,1423
M0055,2024-05,801,16479.89,828,801
M0572,2024-10,1486,56519.67,1587,1486
M0045,2024-01,123,7769.67,137,123
M0189,2024-02,5639,39469.16,5879,5639
M0412,2024-08,1338,370159.52,1433,1338
M0517,2024-03,223,5400.01,244,223
M0501,2024-07,78,18188.44,86,78
M0239,2024-12,203,67600.27,217,203
M0028,2024-09,486,145718.39,497,486
M0185,2024-08,662,39255.77,719,662
M0523,2024-07,174,112183.27,186,174
M0236,2024-06,851,30610.85,919,851
M0503,2024-07,176,2553.29,181,176
M0319,2024-08,716,18969.67,746,716
M0323,2024-04,437,91782.21,456,437
M0079,2024-11,243,77784.82,247,243
M0059,2024-04,118,19532.32,127,118
M0134,2024-04,118,14044.02,124,118
M0575,2024-04,201,31994.04,213,201
M0481,2024-10,1246,596077.12,1355,1246
M0010,2024-01,276,13824.57,282,276
M0008,2024-01,109,35382.53,112,109
M0393,2024-02,303,8821.77,308,303
M0528,2024-08,171,33583.61,185,171
M0374,2024-03,151,10125.74,156,151
M0227,2024-11,508,235683.05,552,508
M0582,2024-12,8184,566757.68,8460,8184
M0004,2024-06,14625,3198965.76,15923,14625
M0410,2024-09,1900,611082.88,2054,1900
M0250,2024-01,171,38069.83,185,171
M0052,2024-06,197,2812.05,213,197
M0420,2024-05,1535,18756.64,1633,1535
M0189,2024-01,3856,26672.43,3933,3856
M0101,2024-12,1828,66126.94,2014,1828
M0013,2024-02,56,394.42,60,56
M0047,2024-05,265,48138.78,269,265
M0329,2024-10,10648,3068905.08,11698,10648
M0089,2024-07,85,14763.07,94,85
M0051,2024-05,249,11490.13,268,249
M0462,2024-07,1204,305367.57,1250,1204
M0466,2024-04,1177,287707.55,1244,1177
M0040,2024-09,239,106667.73,249,239
M0448,2024-11,257,40485.66,271,257
M0322,2024-12,59,5295.11,63,59
M0563,2024-11,1918,388048.18,1957,1918
M0210,2024-07,276,20561.04,297,276
M0007,2024-10,276,52371.44,304,276
M0452,2024-08,86,3947.48,93,86
M0514,2024-09,89,4341.03,93,89
M0084,2024-10,606,300320.82,671,606
M0028,2024-12,229,69925.58,242,229
M0487,2024-01,12218,203341.03,12829,12218
M0349,2024-08,782,58828.64,807,782
M0291,2024-05,381,33058.32,398,381
M0397,2024-02,150,58892.32,164,150
M0190,2024-07,538,18470.80,577,538
M0586,2024-02,65,22947.42,67,65
M0381,2024-06,83,5132.27,87,83
M0402,2024-05,80,13041.45,85,80
M0052,2024-05,226,2959.36,245,226
M0247,2024-01,5424,1819354.77,5885,5424
M0072,2024-12,428,43923.66,444,428
M0405,2024-09,261,42913.92,281,261
M0057,2024-10,127,53829.00,133,127
M0254,2024-06,619,175980.85,631,619
M0310,2024-12,348,16309.30,364,348
M0594,2024-07,133,3736.04,136,133
M0560,2024-12,168,13484.60,173,168
M0017,2024-08,120,17527.36,125,120
M0206,2024-05,1605,158293.87,1638,1605
M0289,2024-04,727,17733.29,781,727
M0500,2024-01,873,100769.72,943,873
M0087,2024-04,56,14770.63,61,56
M0268,2024-06,689,63717.31,752,689
M0050,2024-01,64,4440.99,71,64
M0336,2024-01,237,42215.61,241,237
M0436,2024-11,112,45570.92,122,112
M0556,2024-11,205,72948.72,223,205
M0566,2024-04,1189,57216.05,1254,1189
M0394,2024-02,174,31641.10,188,174
M0182,2024-04,46,2504.84,50,46
M0119,2024-03,105,17423.85,110,105
M0483,2024-07,109,2344.68,115,109
M0309,2024-10,104,3247.63,109,104
M0493,2024-05,269,15906.34,297,269
M0139,2024-04,267,17262.70,293,267
M0106,2024-05,4602,144536.92,4945,4602
M0358,2024-08,179,28321.56,185,179
M0567,2024-08,1016,161454.86,1038,1016
M0289,2024-03,772,18152.58,853,772
M0528,2024-04,187,34103.10,200,187
M0248,2024-12,202,8105.51,216,202
M0290,2024-05,1841,251640.77,1934,1841
M0254,2024-05,527,148913.44,549,527
M0192,2024-05,66,11681.49,73,66
M0350,2024-06,588,221922.60,638,588
M0344,2024-10,178,10785.15,183,178
M0173,2024-04,92,1248.96,93,92
M0372,2024-10,69,2163.25,71,69
M0385,2024-01,874,114551.89,927,874
M0370,2024-08,215,4367.60,233,215
M0458,2024-07,9643,805281.22,10108,9643
M0110,2024-06,192,53611.05,212,192
M0195,2024-03,263,57110.74,280,263
M0100,2024-09,81,23561.74,89,81
M0119,2024-07,177,28193.88,184,177
M0521,2024-04,1439,55581.06,1543,1439
M0180,2024-02,1762,289449.07,1821,1762
M0440,2024-09,77,14524.62,79,77
M0061,2024-02,78,11398.83,86,78
M0306,2024-12,81,20816.86,82,81
M0023,2024-04,94,2159.54,97,94
M0324,2024-03,5209,1966161.60,5696,5209
M0208,2024-10,10658,440700.74,11150,10658
M0595,2024-09,542,30410.60,573,542
M0015,2024-02,180,11191.89,189,180
M0347,2024-05,196,16886.13,216,196
M0030,2024-08,183,19266.08,189,183
M0255,2024-06,186,14144.60,201,186
M0472,2024-04,228,3518.88,240,228
M0117,2024-05,262,178664.20,278,262
M0033,2024-02,143,6943.00,150,143
M0248,2024-08,140,5512.37,154,140
M0514,2024-06,70,3186.23,72,70
M0253,2024-08,840,25868.89,897,840
M0434,2024-12,61,300.76,67,61
M0093,2024-04,56,1695.71,59,56
M0032,2024-09,580,20231.24,621,580
M0140,2024-11,1015,133373.42,1082,1015
M0295,2024-03,1937,27880.10,1968,1937
M0138,2024-02,156,61389.91,164,156
M0469,2024-12,101,2091.68,109,101
M0173,2024-12,100,1303.21,109,100
M0368,2024-10,4261,107024.15,4549,4261
M0198,2024-04,331,14076.04,346,331
M0201,2024-03,143,44278.83,148,143
M0475,2024-10,274,20751.70,293,274
M0302,2024-05,43,2600.38,46,43
M0473,2024-05,109,61000.37,121,109
M0592,2024-10,337,5095.54,365,337
M0387,2024-08,1986,49911.18,2110,1986
M0036,2024-08,9423,2668669.25,9784,9423
M0280,2024-10,598,253805.10,619,598
M0419,2024-12,1327,46417.84,1424,1327
M0267,2024-06,251,52813.16,273,251
M0234,2024-08,250,15190.52,264,250
M0588,2024-02,260,51415.11,287,260
M0296,2024-04,159,53249.43,172,159
M0186,2024-03,260,37417.04,282,260
M0435,2024-03,7693,183127.87,8069,7693
M0491,2024-03,246,15991.14,252,246
M0219,2024-06,860,116514.52,908,860
M0049,2024-07,209,100404.01,227,209
M0286,2024-01,60,1273.97,67,60
M0511,2024-01,270,87780.64,275,270
M0444,2024-01,289,27906.12,308,289
M0507,2024-07,2974,1043749.72,3203,2974
M0514,2024-10,71,3611.50,77,71
M0012,2024-03,296,22021.78,301,296
M0355,2024-08,1797,17948.22,1996,1797
M0084,2024-02,452,225966.03,494,452
M0300,2024-08,10948,269038.38,11796,10948
M0336,2024-03,252,41397.84,270,252
M0485,2024-04,120,4146.66,126,120
M0345,2024-05,1719,39614.85,1758,1719
M0130,2024-08,177,5759.90,184,177
M0589,2024-07,846,61008.23,883,846
M0252,2024-10,1774,440021.10,1811,1774
M0581,2024-04,918,30775.04,966,918
M0472,2024-11,305,4468.80,311,305
M0381,2024-05,79,4643.17,85,79
M0387,2024-12,3118,78800.90,3406,3118
M0375,2024-11,517,8975.79,549,517
M0438,2024-04,189,77149.39,198,189
M0508,2024-12,7087,528689.17,7349,7087
M0485,2024-07,123,4378.84,127,123
M0201,2024-12,216,71850.94,220,216
M0289,2024-11,708,15036.37,727,708
M0074,2024-11,309,181909.21,343,309
M0401,2024-04,269,132269.27,285,269
M0339,2024-05,1285,306234.57,1330,1285
M0153,2024-03,1883,54522.93,2085,1883
M0441,2024-11,1640,39258.61,1726,1640
M0200,2024-03,182,10566.63,195,182
M0271,2024-06,301,102458.98,323,301
M0113,2024-12,2067,1184687.02,2205,2067
M0077,2024-11,106,28138.80,116,106
M0369,2024-11,312,18623.31,326,312
M0416,2024-01,7978,1300676.08,8457,7978
M0276,2024-09,225,8187.85,242,225
M0306,2024-01,119,29903.47,122,119
M0172,2024-03,806,25446.21,820,806
M0178,2024-09,259,61514.07,284,259
M0515,2024-06,996,28382.15,1014,996
M0058,2024-08,250,18147.83,260,250
M0591,2024-11,94,16913.86,99,94
M0264,2024-02,315,17570.68,321,315
M0414,2024-11,172,1763.89,192,172
M0521,2024-02,1497,56741.71,1546,1497
M0102,2024-03,164,7888.11,169,164
M0548,2024-11,159,12623.06,167,159
M0358,2024-07,156,23047.94,172,156
M0231,2024-05,789,107808.24,805,789
M0052,2024-02,197,2654.15,205,197
M0467,2024-01,266,26042.34,288,266
M0539,2024-04,1928,77619.18,2028,1928
M0303,2024-07,227,3592.97,233,227
M0366,2024-12,248,11980.49,275,248
M0552,2024-08,399,207840.54,418,399
M0278,2024-12,53,37410.19,57,53
M0155,2024-06,832,102436.94,905,832
M0174,2024-03,274,42516.60,305,274
M0316,2024-12,835,41718.10,920,835
M0438,2024-09,280,118714.41,301,280
M0516,2024-08,184,3427.37,192,184
M0080,2024-09,1597,45307.83,1656,1597
M0284,2024-02,4739,759375.92,5007,4739
M0314,2024-06,367,79521.04,401,367
M0181,2024-11,1458,384955.67,1517,1458
M0449,2024-02,341,26919.59,370,341
M0564,2024-09,178,9181.25,195,178
M0075,2024-04,1241,41915.29,1312,1241
M0088,2024-11,1428,75580.12,1584,1428
M0452,2024-04,81,4050.96,88,81
M0268,2024-09,694,66125.56,756,694
M0226,2024-10,88,2165.85,91,88
M0395,2024-11,7964,869998.83,8410,7964
M0236,2024-11,989,36442.58,1075,989
M0557,2024-06,342,14195.66,361,342
M0251,2024-01,260,6018.91,272,260
M0141,2024-12,259,73160.55,283,259
M0038,2024-03,125,18448.09,134,125
M0595,2024-08,523,28062.97,579,523
M0188,2024-08,1434,31087.42,1517,1434
M0003,2024-09,217,4989.91,225,217
M0224,2024-10,1372,19018.70,1482,1372
M0181,2024-01,1380,397914.41,1477,1380
M0460,2024-07,670,41683.92,700,670
M0423,2024-11,3698,2097639.39,3860,3698
M0174,2024-04,307,46896.28,336,307
M0486,2024-01,120,52173.50,125,120
M0283,2024-03,795,58004.51,829,795
M0426,2024-01,68,5922.20,72,68
M0536,2024-09,510,81061.81,564,510
M0017,2024-05,97,14811.56,104,97
M0227,2024-02,437,217476.16,467,437
M0540,2024-05,95,25585.41,101,95
M0220,2024-12,174,3857.35,179,174
M0490,2024-12,363,21939.16,394,363
M0155,2024-03,721,83250.23,765,721
M0397,2024-03,162,59650.24,170,162
M0330,2024-11,155,5052.39,167,155
M0596,2024-05,268,80550.46,292,268
M0353,2024-09,172,83501.23,189,172
M0157,2024-07,949,45436.86,968,949
M0081,2024-05,819,25030.32,879,819
M0489,2024-11,258,3055.13,283,258
M0317,2024-09,556,97288.51,588,556
M0232,2024-06,62,1514.74,66,62
M0461,2024-05,2145,1345823.49,2295,2145
M0481,2024-07,885,387742.43,940,885
M0344,2024-05,165,10697.05,176,165
M0321,2024-03,576,15069.27,593,576
M0091,2024-06,2641,403165.82,2929,2641
M0449,2024-05,432,35478.20,452,432
M0044,2024-04,1215,12093.43,1345,1215
M0474,2024-08,263,3516.69,278,263
M0061,2024-09,78,11057.25,80,78
M0132,2024-07,144,5597.77,158,144
M0492,2024-10,365,8688.37,397,365
M0506,2024-12,1576,31038.45,1610,1576
M0261,2024-03,67,14236.67,69,67
M0595,2024-05,558,32842.45,606,558
M0515,2024-11,1044,32707.39,1086,1044
M0320,2024-09,608,150640.43,630,608
M0113,2024-06,2302,1289795.58,2469,2302
M0571,2024-09,322,138780.30,349,322
M0395,2024-09,8522,836748.84,9309,8522
M0335,2024-06,116,6299.46,128,116
M0360,2024-11,2238,860708.23,2304,2238
M0554,2024-05,1207,153160.00,1244,1207
M0232,2024-01,49,1156.94,53,49
M0553,2024-10,113,47162.46,115,113
M0016,2024-06,205,48686.45,210,205
M0332,2024-09,221,13042.96,236,221
M0128,2024-06,387,218528.33,399,387
M0455,2024-06,168,70898.05,176,168
M0535,2024-08,1785,53389.59,1971,1785
M0367,2024-11,61,3172.80,65,61
M0389,2024-05,218,7754.43,232,218
M0476,2024-11,132,22825.80,143,132
M0525,2024-11,238,12453.92,250,238
M0167,2024-05,741,79629.31,790,741
M0350,2024-04,507,227899.08,551,507
M0576,2024-03,1473,58918.96,1567,1473
M0222,2024-06,90,2315.73,91,90
M0189,2024-04,4313,33407.50,4381,4313
M0095,2024-03,1126,84002.76,1158,1126
M0205,2024-06,204,25443.27,214,204
M0438,2024-11,192,84394.92,203,192
M0415,2024-11,10967,1317207.33,11732,10967
M0589,2024-12,1341,95293.93,1468,1341
M0587,2024-12,274,15095.39,291,274
M0208,2024-04,9232,358789.66,9433,9232
M0411,2024-04,175,31421.00,179,175
M0269,2024-12,1384,665806.85,1440,1384
M0414,2024-05,140,1407.85,143,140
M0185,2024-12,961,56607.43,992,961
M0389,2024-02,219,7325.40,224,219
M0011,2024-11,249,4690.66,253,249
M0526,2024-11,231,31944.10,241,231
M0215,2024-07,375,106312.13,387,375
M0236,2024-10,875,30098.94,953,875
M0300,2024-03,10271,223718.73,10564,10271
M0381,2024-12,120,7358.40,131,120
M0573,2024-03,69,4124.02,76,69
M0037,2024-10,1694,832283.17,1858,1694
M0385,2024-03,979,116026.63,1026,979
M0473,2024-02,91,46060.07,99,91
M0461,2024-06,2166,1288945.93,2333,2166
M0598,2024-10,936,59610.01,970,936
M0414,2024-02,132,1344.46,144,132
M0157,2024-01,1195,53924.78,1238,1195
M0108,2024-04,180,62037.56,197,180
M0435,2024-09,7513,174215.07,8051,7513
M0159,2024-01,1929,58516.22,2010,1929
M0488,2024-02,3988,341189.53,4378,3988
M0075,2024-08,4731,157926.68,4827,4731
M0409,2024-06,114,52984.65,124,114
M0145,2024-07,13181,3987648.40,14254,13181
M0373,2024-05,948,54203.54,1041,948
M0462,2024-08,1209,323812.09,1266,1209
M0458,2024-09,8026,701385.73,8373,8026
M0056,2024-03,269,6726.89,279,269
M0350,2024-02,442,169094.41,490,442
M0021,2024-09,2917,92528.11,3153,2917
M0574,2024-04,876,220166.42,944,876
M0130,2024-10,199,6752.89,204,199
M0555,2024-11,1926,48217.12,2098,1926
M0167,2024-09,723,82086.43,751,723
M0131,2024-11,233,7533.40,249,233
M0381,2024-10,92,5151.41,102,92
M0356,2024-03,1428,725730.36,1553,1428
M0105,2024-04,85,1164.16,93,85
M0185,2024-02,581,35498.28,607,581
M0105,2024-05,97,1431.15,106,97
M0067,2024-04,198,11822.28,213,198
M0177,2024-04,307,7075.90,339,307
M0300,2024-04,11490,274376.96,11692,11490
M0436,2024-09,178,68015.70,196,178
M0306,2024-07,73,20352.70,75,73
M0424,2024-05,504,156631.93,520,504
M0101,2024-06,1532,46278.42,1654,1532
M0274,2024-01,1237,41452.09,1264,1237
M0120,2024-06,1679,103486.38,1714,1679
M0400,2024-12,159,43168.85,169,159
M0329,2024-01,11402,3014922.66,12272,11402
M0243,2024-05,123,29761.34,129,123
M0331,2024-08,159,2451.25,163,159
M0477,2024-08,139,10641.56,150,139
M0005,2024-04,152,5747.28,156,152
M0425,2024-04,1321,167640.46,1361,1321
M0151,2024-03,141,48172.15,144,141
M0404,2024-05,1332,316525.80,1431,1332
M0482,2024-07,141,7022.37,145,141
M0022,2024-07,9049,388134.09,9447,9049
M0418,2024-06,802,22188.24,817,802
M0330,2024-02,174,5766.50,178,174
M0130,2024-01,167,5035.14,182,167
M0009,2024-08,298,3254.53,324,298
M0403,2024-04,235,93496.38,248,235
M0158,2024-06,1844,46802.82,2016,1844
M0231,2024-11,739,112443.78,814,739
M0060,2024-08,103,4667.47,114,103
M0065,2024-09,163,8150.93,177,163
M0238,2024-04,161,4514.39,172,161
M0256,2024-09,189,59730.25,207,189
M0166,2024-12,94,2766.95,100,94
M0363,2024-04,244,18362.28,258,244
M0542,2024-01,1035,102370.34,1101,1035
M0450,2024-02,669,83096.20,716,669
M0594,2024-08,105,2677.94,111,105
M0382,2024-04,4206,1135040.47,4549,4206
M0284,2024-03,3856,579267.39,4142,3856
M0216,2024-09,217,17196.05,224,217
M0409,2024-05,172,85868.93,191,172
M0277,2024-07,827,57116.09,863,827
M0491,2024-07,266,16723.28,285,266
M0405,2024-10,238,35810.55,258,238
M0380,2024-12,56,4493.77,58,56
M0533,2024-03,37,8370.83,39,37
M0536,2024-05,513,83234.40,526,513
M0397,2024-05,195,74368.90,214,195
M0213,2024-10,158,17188.74,176,158
M0257,2024-01,174,76294.08,181,174
M0527,2024-05,484,42095.90,534,484
M0561,2024-05,194,11532.69,208,194
M0390,2024-01,595,28877.64,657,595
M0332,2024-11,270,15123.89,295,270
M0554,2024-09,1533,198789.04,1598,1533
M0311,2024-07,1446,27728.88,1599,1446
M0235,2024-06,993,66829.86,1073,993
M0419,2024-01,1179,46363.90,1300,1179
M0263,2024-09,211,36315.48,218,211
M0565,2024-02,268,46610.47,289,268
M0558,2024-06,250,15559.04,260,250
M0573,2024-09,73,4409.60,75,73
M0034,2024-10,6886,55182.32,7064,6886
M0032,2024-01,702,22334.10,720,702
M0342,2024-06,1189,42939.61,1252,1189
M0246,2024-06,296,168440.80,303,296
M0327,2024-08,79,50555.99,82,79
M0030,2024-05,217,20948.71,236,217
M0109,2024-11,298,15053.94,327,298
M0262,2024-09,52,3427.02,56,52
M0183,2024-07,334,46375.29,348,334
M0263,2024-12,160,26478.98,170,160
M0054,2024-11,96,1992.82,98,96
M0018,2024-11,54,14583.41,58,54
M0504,2024-10,130,20116.61,143,130
M0388,2024-12,186,6456.50,206,186
M0262,2024-03,40,2738.89,43,40
M0357,2024-11,1709,88297.10,1825,1709
M0096,2024-11,118,8123.54,123,118
M0197,2024-04,1525,244286.54,1594,1525
M0481,2024-02,1357,612019.18,1396,1357
M0284,2024-08,3285,474741.33,3594,3285
M0459,2024-12,87,1680.59,94,87
M0104,2024-08,83,7572.27,89,83
M0363,2024-02,188,15528.12,195,188
M0270,2024-07,68,18005.15,69,68
M0064,2024-09,2040,535391.53,2072,2040
M0117,2024-11,257,193920.91,284,257
M0512,2024-05,6509,543137.18,6808,6509
M0038,2024-07,224,34801.94,233,224
M0187,2024-08,320,44777.93,334,320
M0009,2024-09,288,3058.68,320,288
M0423,2024-06,4998,2614729.07,5448,4998
M0445,2024-12,56,3749.33,60,56
M0156,2024-06,260,3358.74,270,260
M0335,2024-05,120,6448.89,127,120
M0489,2024-04,286,3576.31,307,286
M0319,2024-02,961,28160.67,1008,961
M0054,2024-03,54,1172.43,56,54
M0527,2024-04,466,41140.83,495,466
M0539,2024-11,3071,118478.49,3193,3071
M0401,2024-05,290,141187.77,318,290
M0017,2024-04,88,13149.80,92,88
M0504,2024-05,151,21937.16,157,151
M0336,2024-05,321,56456.67,353,321
M0042,2024-04,854,86693.21,939,854
M0224,2024-05,1302,19859.87,1417,1302
M0464,2024-10,1903,39856.29,2042,1903
M0511,2024-05,229,70983.20,251,229
M0303,2024-09,232,3755.62,238,232
M0106,2024-01,4096,131336.32,4464,4096
M0259,2024-08,354,130677.45,364,354
M0403,2024-12,308,118677.21,331,308
M0384,2024-03,235,6862.83,241,235
M0429,2024-05,47,4708.34,51,47
M0523,2024-08,182,103940.70,191,182
M0469,2024-03,83,1928.13,90,83
M0184,2024-05,181,52799.52,191,181
M0070,2024-07,2975,64657.62,3096,2975
M0315,2024-09,158,3068.80,173,158
M0191,2024-02,217,6884.76,238,217
M0524,2024-01,187,50726.07,203,187
M0304,2024-10,121,1720.22,127,121
M0574,2024-08,1012,276618.32,1033,1012
M0353,2024-07,94,46880.54,97,94
M0529,2024-03,1993,80829.64,2031,1993
M0131,2024-06,206,6994.01,219,206
M0001,2024-10,309,157222.94,324,309
M0088,2024-07,1284,67885.76,1328,1284
M0062,2024-08,396,55571.33,408,396
M0026,2024-03,1711,148967.46,1826,1711
M0403,2024-02,154,53443.02,165,154
M0577,2024-02,205,35655.69,225,205
M0128,2024-12,395,221045.72,435,395
M0198,2024-12,642,24394.86,702,642
M0004,2024-10,8325,1813140.16,8849,8325
M0076,2024-07,1780,43640.33,1903,1780
M0310,2024-01,171,7381.86,181,171
M0304,2024-12,151,2194.16,165,151
M0148,2024-01,98,3300.36,105,98
M0151,2024-02,127,43217.26,140,127
M0076,2024-12,2778,66033.71,3017,2778
M0256,2024-12,200,53801.44,220,200
M0301,2024-12,172,64597.11,174,172
M0511,2024-09,288,93588.14,293,288
M0360,2024-08,2664,976027.13,2756,2664
M0308,2024-05,2662,85349.12,2721,2662
M0330,2024-04,170,5844.87,180,170
M0051,2024-09,291,13520.96,314,291
M0398,2024-01,1580,62921.42,1627,1580
M0143,2024-10,3493,1653941.95,3576,3493
M0280,2024-02,583,222926.09,634,583
M0178,2024-04,270,68591.43,286,270
M0493,2024-02,185,11046.67,198,185
M0296,2024-08,236,85718.17,252,236
M0036,2024-06,10159,2991579.53,10415,10159
M0564,2024-10,211,9467.85,229,211
M0515,2024-05,1028,35332.26,1082,1028
M0048,2024-05,102,30522.30,107,102
M0260,2024-08,268,59295.56,291,268
M0495,2024-09,596,9012.98,649,596
M0123,2024-09,1530,68445.06,1586,1530
M0591,2024-02,106,18679.40,109,106
M0481,2024-12,1023,498922.92,1058,1023
M0185,2024-05,711,37505.89,764,711
M0100,2024-02,58,19004.48,61,58
M0435,2024-01,8135,188170.67,8889,8135
M0118,2024-08,413,24078.10,433,413
M0267,2024-02,237,53389.60,249,237
M0006,2024-06,219,151808.17,232,219
M0105,2024-06,85,1211.38,92,85
M0414,2024-06,127,1335.92,136,127
M0147,2024-02,218,1417.70,240,218
M0124,2024-01,1826,1148668.00,1943,1826
M0123,2024-08,1715,80391.00,1841,1715
M0002,2024-04,1210,200526.15,1293,1210
M0272,2024-10,193,42849.37,209,193
M0516,2024-06,193,3951.03,198,193
M0173,2024-10,90,1195.02,97,90
M0532,2024-03,1202,57360.70,1327,1202
M0423,2024-10,4052,2145733.64,4458,4052
M0081,2024-04,856,29300.45,934,856
M0199,2024-10,8525,99716.30,8804,8525
M0562,2024-09,251,1541.20,257,251
M0575,2024-11,175,27545.01,193,175
M0348,2024-08,268,9635.42,281,268
M0260,2024-10,217,44899.06,221,217
M0193,2024-09,201,47070.92,224,201
M0057,2024-04,160,63210.89,171,160
M0503,2024-09,195,2620.72,200,195
M0216,2024-11,311,25010.01,335,311
M0427,2024-04,96,2107.37,101,96
M0316,2024-09,373,17554.71,389,373
M0126,2024-04,243,12217.48,261,243
M0517,2024-04,224,6014.27,228,224
M0154,2024-05,254,11262.71,274,254
M0043,2024-01,1634,22591.95,1791,1634
M0113,2024-05,2040,1114867.86,2220,2040
M0342,2024-02,1087,36132.45,1170,1087
M0378,2024-06,1456,267652.44,1521,1456
M0540,2024-02,80,21987.33,84,80
M0075,2024-12,3371,117000.98,3439,3371
M0513,2024-08,1843,1045488.47,1900,1843
M0198,2024-05,334,12336.73,368,334
M0217,2024-09,1921,558869.32,2017,1921
M0428,2024-01,133,41462.45,135,133
M0002,2024-11,1048,179102.18,1089,1048
M0078,2024-12,17711,600680.65,18134,17711
M0007,2024-04,276,52053.58,281,276
M0323,2024-11,488,100746.30,526,488
M0433,2024-12,261,89882.97,288,261
M0396,2024-08,10022,1065665.52,10648,10022
M0338,2024-04,407,97192.92,442,407
M0529,2024-08,1883,78077.87,2063,1883
M0372,2024-04,51,1666.47,53,51
M0514,2024-05,78,3991.83,81,78
M0337,2024-10,1834,100276.78,1974,1834
M0416,2024-05,7271,1393578.65,8051,7271
M0572,2024-05,1561,56184.84,1652,1561
M0498,2024-02,103,36926.55,113,103
M0135,2024-01,202,4387.08,215,202
M0503,2024-08,231,3225.93,240,231
M0277,2024-05,659,45336.04,733,659
M0067,2024-12,416,26163.96,450,416
M0145,2024-12,13036,3846399.78,13410,13036
M0073,2024-02,65,22131.97,72,65
M0224,2024-06,1336,17281.35,1377,1336
M0135,2024-03,193,3988.26,213,193
M0216,2024-03,149,11375.14,160,149
M0545,2024-07,114,2051.22,123,114
M0122,2024-11,3982,48779.92,4348,3982
M0383,2024-05,2086,1018442.58,2288,2086
M0351,2024-04,186,78646.10,200,186
M0248,2024-06,137,5069.66,141,137
M0496,2024-10,438,36176.88,460,438
M0244,2024-09,1941,17462.39,2090,1941
M0575,2024-10,205,33517.05,213,205
M0527,2024-08,735,67196.47,779,735
M0128,2024-08,448,233505.27,484,448
M0544,2024-03,4077,1121370.25,4146,4077
M0389,2024-08,224,8624.57,244,224
M0414,2024-03,137,1445.24,148,137
M0167,2024-07,712,89712.61,775,712
M0314,2024-02,544,102746.73,595,544
M0180,2024-08,2455,435105.19,2505,2455
M0518,2024-05,208,12395.14,212,208
M0361,2024-03,947,32330.74,982,947
M0579,2024-12,12433,459253.03,13430,12433
M0048,2024-08,142,38350.79,151,142
M0387,2024-09,1955,48318.51,2134,1955
M0148,2024-07,86,2858.09,90,86
M0184,2024-03,197,55717.51,213,197
M0304,2024-07,138,1958.97,144,138
M0100,2024-04,73,22319.20,80,73
M0395,2024-02,7303,795147.95,7525,7303
M0008,2024-07,80,26200.01,84,80
M0521,2024-07,1635,69581.89,1764,1635
M0568,2024-01,228,12580.36,247,228
M0176,2024-04,779,183312.98,835,779
M0032,2024-04,629,18785.00,678,629
M0153,2024-02,1528,41362.88,1634,1528
M0058,2024-07,239,15808.44,264,239
M0131,2024-01,254,8434.36,273,254
M0489,2024-08,267,3287.82,294,267
M0186,2024-10,241,38525.12,255,241
M0314,2024-10,591,109086.78,625,591
M0332,2024-08,213,10960.17,227,213
M0152,2024-02,259,84178.16,267,259
M0032,2024-11,691,21234.60,729,691
M0259,2024-04,244,99178.69,250,244
M0050,2024-03,74,5456.53,77,74
M0126,2024-05,314,15865.14,341,314
M0274,2024-10,1196,35588.01,1265,1196
M0460,2024-09,674,41848.70,694,674
M0361,2024-01,1012,36181.58,1070,1012
M0169,2024-02,156,11367.15,161,156
M0371,2024-06,56,1141.93,59,56
M0450,2024-10,910,127129.35,942,910
M0282,2024-12,325,127423.44,331,325
M0233,2024-09,1080,77311.30,1144,1080
M0215,2024-01,287,101045.00,305,287
M0272,2024-12,267,59603.87,275,267
M0002,2024-01,1235,215099.35,1268,1235
M0424,2024-01,364,106870.12,372,364
M0029,2024-12,691,14928.53,715,691
M0358,2024-10,165,25461.95,170,165
M0587,2024-05,249,13275.65,257,249
M0138,2024-10,182,71388.03,185,182
M0019,2024-01,228,3595.84,248,228
M0274,2024-08,1221,41145.13,1307,1221
M0069,2024-06,1206,217970.38,1235,1206
M0102,2024-10,193,8551.78,211,193
M0010,2024-05,298,11457.50,328,298
M0268,2024-03,739,67822.80,755,739
M0545,2024-04,121,2186.17,127,121
M0532,2024-11,3869,189085.19,4051,3869
M0341,2024-01,1537,113503.87,1647,1537
M0273,2024-06,277,14050.01,282,277
M0470,2024-11,492,72176.19,528,492
M0504,2024-08,201,30968.94,216,201
M0077,2024-01,101,26614.50,113,101
M0246,2024-07,343,181704.53,381,343
M0485,2024-06,116,3992.27,120,116
M0596,2024-03,287,91231.90,310,287
M0145,2024-09,9446,2870609.35,9697,9446
M0136,2024-08,1790,128657.04,1821,1790
M0235,2024-10,1104,75614.82,1202,1104
M0568,2024-02,247,13545.42,263,247
M0376,2024-01,1734,72404.88,1846,1734
M0251,2024-08,230,4918.94,245,230
M0130,2024-05,184,6193.05,188,184
M0125,2024-10,236,9683.21,262,236
M0023,2024-01,87,2121.40,93,87
M0354,2024-01,269,15168.46,286,269
M0147,2024-11,214,1321.13,218,214
M0427,2024-10,91,1704.21,100,91
M0181,2024-04,1716,485159.90,1829,1716
M0599,2024-07,4244,141531.34,4566,4244
M0147,2024-04,233,1547.44,257,233
M0155,2024-07,841,96421.63,930,841
M0243,2024-07,179,38712.60,189,179
M0341,2024-03,1879,134998.35,1957,1879
M0488,2024-04,4799,421365.79,5003,4799
M0083,2024-03,542,16774.02,588,542
M0120,2024-03,1524,94695.02,1647,1524
M0349,2024-03,946,64639.28,1026,946
M0307,2024-12,252,11901.69,278,252
M0387,2024-02,1369,32427.98,1411,1369
M0107,2024-05,5566,321547.16,6030,5566
M0317,2024-07,293,49231.44,298,293
M0159,2024-05,1790,52274.92,1986,1790
M0146,2024-09,1496,529580.92,1597,1496
M0033,2024-03,148,7511.34,156,148
M0512,2024-04,6439,513704.78,6764,6439
M0442,2024-03,3796,757683.99,3978,3796
M0262,2024-08,60,4233.48,63,60
M0348,2024-05,261,9639.09,273,261
M0029,2024-07,436,9209.79,443,436
M0413,2024-08,8390,498839.95,8754,8390
M0382,2024-08,5451,1497186.10,5738,5451
M0480,2024-04,1584,713903.14,1698,1584
M0053,2024-03,1713,229640.89,1849,1713
M0323,2024-06,511,111377.47,535,511
M0462,2024-01,755,197584.17,772,755
M0262,2024-02,37,2676.35,38,37
M0061,2024-06,77,10944.74,82,77
M0431,2024-01,177,1174.17,192,177
M0451,2024-01,553,35896.56,580,553
M0276,2024-06,209,7877.96,224,209
M0279,2024-04,320,38497.73,334,320
M0471,2024-05,219,6671.12,230,219
M0023,2024-10,136,3289.26,145,136
M0259,2024-05,266,106396.31,271,266
M0154,2024-01,264,9525.33,280,264
M0286,2024-03,52,1020.85,57,52
M0205,2024-05,185,23140.42,191,185
M0193,2024-08,254,59917.70,281,254
M0282,2024-05,268,104581.66,277,268
M0450,2024-07,1191,158698.80,1252,1191
M0309,2024-03,93,2730.59,97,93
M0064,2024-12,2175,588900.34,2377,2175
M0062,2024-07,492,73769.24,540,492
M0586,2024-03,65,22213.51,71,65
M0330,2024-09,162,5525.55,178,162
M0527,2024-09,462,43083.56,502,462
M0348,2024-02,230,8216.07,234,230
M0449,2024-04,432,32758.26,441,432
M0404,2024-12,1620,414068.38,1682,1620
M0089,2024-02,81,15085.45,85,81
M0506,2024-02,1651,30443.00,1710,1651
M0492,2024-08,314,8801.92,331,314
M0183,2024-03,299,42659.75,315,299
M0547,2024-04,270,5394.74,285,270
M0432,2024-10,93,12005.94,95,93
M0377,2024-03,291,132140.19,306,291
M0052,2024-01,193,2654.58,205,193
M0445,2024-08,51,3195.63,55,51
M0389,2024-04,268,8591.17,279,268
M0085,2024-11,274,11724.01,296,274
M0515,2024-07,967,31151.98,1061,967
M0326,2024-06,336,7129.03,362,336
M0565,2024-03,285,52341.34,296,285
M0159,2024-12,1761,58462.68,1871,1761
M0310,2024-04,190,8382.57,193,190
M0439,2024-04,99,54038.57,109,99
M0505,2024-12,233,8138.02,245,233
M0174,2024-10,301,50548.71,315,301
M0108,2024-01,209,67081.39,217,209
M0350,2024-05,567,235101.87,579,567
M0269,2024-09,1186,579866.78,1281,1186
M0100,2024-12,118,36579.28,131,118
M0094,2024-04,466,5725.55,497,466
M0520,2024-08,91,2790.40,93,91
M0391,2024-07,3056,91040.61,3372,3056
M0578,2024-01,133,40518.33,140,133
M0053,2024-05,1644,192833.88,1732,1644
M0523,2024-01,108,69719.51,118,108
M0373,2024-02,936,57412.89,960,936
M0396,2024-01,8176,795019.67,8406,8176
M0362,2024-01,64,3148.14,68,64
M0393,2024-05,329,8528.90,361,329
M0355,2024-07,1540,14123.07,1651,1540
M0236,2024-07,945,35153.07,996,945
M0292,2024-06,1639,111407.35,1753,1639
M0514,2024-12,81,3836.22,84,81
M0226,2024-05,78,2152.99,79,78
M0100,2024-08,87,25361.80,91,87
M0174,2024-07,188,28369.96,193,188
M0195,2024-06,428,94658.11,436,428
M0090,2024-06,3780,101144.91,4046,3780
M0185,2024-06,618,35046.54,639,618
M0308,2024-11,2565,81991.10,2816,2565
M0349,2024-04,816,54529.86,889,816
M0019,2024-05,217,3397.40,221,217
M0420,2024-04,1425,17586.28,1527,1425
M0396,2024-04,11124,1145769.70,11802,11124
M0499,2024-06,1123,591456.17,1149,1123
M0360,2024-07,2577,939146.13,2722,2577
M0538,2024-03,1686,65742.50,1816,1686
M0016,2024-11,179,40835.30,185,179
M0346,2024-04,64,893.25,68,64
M0053,2024-12,1416,178452.44,1462,1416
M0090,2024-09,4064,118532.01,4416,4064
M0076,2024-10,1906,45210.15,1938,1906
M0264,2024-11,269,15470.21,292,269
M0120,2024-01,1667,97756.94,1837,1667
M0337,2024-11,2431,128796.18,2556,2431
M0384,2024-11,471,12130.29,491,471
M0588,2024-06,230,43011.50,251,230
M0257,2024-08,227,87017.74,237,227
M0378,2024-03,1536,288907.44,1702,1536
M0474,2024-03,251,3621.69,261,251
M0535,2024-04,1568,49736.44,1608,1568
M0583,2024-02,242,148931.31,268,242
M0276,2024-01,284,10678.61,315,284
M0103,2024-09,9113,2222375.70,9568,9113
M0194,2024-08,206,52176.75,212,206
M0098,2024-03,295,18703.16,322,295
M0402,2024-07,66,11059.08,72,66
M0099,2024-10,9781,728630.88,10695,9781
M0067,2024-03,212,13955.67,228,212
M0221,2024-04,1092,76872.11,1178,1092
M0474,2024-07,262,3733.50,290,262
M0017,2024-03,84,13141.35,88,84
M0403,2024-09,242,90359.05,252,242
M0074,2024-07,395,235934.23,428,395
M0117,2024-03,301,216276.07,321,301
M0489,2024-09,269,3693.58,297,269
M0062,2024-05,323,46119.75,346,323
M0079,2024-08,267,81623.37,281,267
M0208,2024-08,10268,411827.30,11210,10268
M0278,2024-07,63,40361.93,67,63
M0242,2024-03,107,21713.11,111,107
M0252,2024-08,1803,389639.03,1976,1803
M0492,2024-09,326,8315.81,362,326
M0589,2024-11,1296,98742.05,1348,1296
M0416,2024-03,8107,1474005.37,8294,8107
M0226,2024-03,91,2453.10,99,91
M0380,2024-06,67,6773.66,70,67
M0404,2024-03,1134,278903.32,1238,1134
M0316,2024-01,398,19757.51,434,398
M0453,2024-10,1065,45602.94,1101,1065
M0307,2024-08,231,11725.69,246,231
M0342,2024-11,1837,63790.01,2013,1837
M0347,2024-12,303,25153.93,320,303
M0021,2024-02,2983,82497.73,3301,2983
M0175,2024-08,1373,23407.32,1498,1373
M0589,2024-04,977,69473.01,1062,977
M0405,2024-11,245,36695.69,251,245
M0487,2024-05,11120,175230.32,11588,11120
M0001,2024-12,239,117141.91,260,239
M0446,2024-08,206,8604.37,225,206
M0265,2024-07,342,8336.40,362,342
M0241,2024-07,295,24324.85,319,295
M0456,2024-11,53,1855.58,57,53
M0082,2024-08,138,3301.17,150,138
M0278,2024-04,37,25838.74,39,37
M0252,2024-07,2349,543962.98,2465,2349
M0205,2024-10,139,16132.14,149,139
M0196,2024-07,85,34893.39,95,85
M0253,2024-06,841,26455.51,926,841
M0450,2024-05,977,119239.71,1082,977
M0025,2024-11,234,35577.63,243,234
M0039,2024-09,1841,505765.94,1930,1841
M0320,2024-02,510,138071.58,537,510
M0365,2024-07,142,4558.42,150,142
M0378,2024-08,4486,749696.39,4650,4486
M0490,2024-04,332,23363.33,351,332
M0349,2024-02,860,57497.51,930,860
M0149,2024-12,728,359355.52,792,728
M0422,2024-09,276,27031.40,285,276
M0425,2024-11,1485,191946.78,1583,1485
M0119,2024-06,143,21286.76,146,143
M0497,2024-12,807,31585.12,860,807
M0565,2024-07,281,47359.90,296,281
M0198,2024-11,477,18594.11,514,477
M0057,2024-07,173,72293.71,183,173
M0174,2024-09,381,63503.32,390,381
M0437,2024-04,83,23206.89,85,83
M0318,2024-09,947,184157.09,1033,947
M0068,2024-03,9975,205613.75,10352,9975
M0243,2024-01,146,37514.49,154,146
M0018,2024-02,58,17084.74,59,58
M0046,2024-07,166,4448.96,174,166
M0480,2024-07,972,409776.05,1076,972
M0326,2024-08,343,8588.64,350,343
M0434,2024-07,49,252.04,50,49
M0466,2024-06,676,153472.10,722,676
M0085,2024-07,231,9203.39,244,231
M0134,2024-12,156,19024.06,165,156
M0232,2024-09,56,1223.07,60,56
M0190,2024-11,754,25463.07,784,754
M0017,2024-12,109,16748.39,114,109
M0253,2024-01,887,29022.39,939,887
M0250,2024-10,174,39662.63,186,174
M0269,2024-10,1034,486221.05,1058,1034
M0052,2024-03,205,2843.25,209,205
M0141,2024-03,165,43640.89,176,165
M0354,2024-04,344,17803.26,376,344
M0389,2024-03,247,8001.03,272,247
M0423,2024-12,5675,3397676.08,5889,5675
M0058,2024-04,229,17277.50,237,229
M0164,2024-09,50,24231.14,51,50
M0290,2024-04,1255,173129.14,1377,1255
M0212,2024-10,77,3463.85,82,77
M0440,2024-11,88,16582.29,93,88
M0279,2024-07,311,35892.14,318,311
M0390,2024-11,717,32313.37,749,717
M0076,2024-09,1779,39067.87,1965,1779
M0245,2024-08,163,1595.26,173,163
M0202,2024-07,272,6841.95,277,272
M0197,2024-12,1801,294926.94,1932,1801
M0119,2024-08,154,25608.63,170,154
M0592,2024-06,342,5798.05,357,342
M0054,2024-02,52,1110.97,53,52
M0471,2024-08,254,7469.65,266,254
M0432,2024-05,124,15598.29,130,124
M0167,2024-04,767,81261.20,810,767
M0100,2024-11,74,23575.38,83,74
M0109,2024-02,170,8620.34,181,170
M0131,2024-08,224,7513.71,233,224
M0586,2024-07,47,15644.06,51,47
M0332,2024-12,307,15929.42,327,307
M0545,2024-09,140,2669.92,148,140
M0257,2024-09,271,102733.50,279,271
M0049,2024-01,302,163544.38,333,302
M0395,2024-06,9827,1067447.63,10203,9827
M0269,2024-03,1047,532792.35,1158,1047
M0270,2024-08,76,20646.89,77,76
M0261,2024-08,108,25836.29,118,108
M0142,2024-07,1268,75867.97,1328,1268
M0567,2024-04,1187,211616.01,1219,1187
M0375,2024-09,505,9362.48,535,505
M0273,2024-01,250,11844.49,255,250
M0325,2024-02,1197,735566.39,1310,1197
M0252,2024-03,1341,281840.75,1433,1341
M0217,2024-08,1767,460857.57,1848,1767
M0454,2024-03,198,1265.94,206,198
M0031,2024-02,1734,44315.37,1913,1734
M0056,2024-02,230,5717.47,242,230
M0267,2024-12,1178,247890.72,1240,1178
M0060,2024-09,99,3827.03,108,99
M0257,2024-03,220,89504.82,241,220
M0588,2024-04,327,58525.71,342,327
M0078,2024-09,10286,345732.06,10897,10286
M0315,2024-03,146,2860.40,162,146
M0244,2024-02,1815,14224.68,1955,1815
M0220,2024-02,164,3541.48,167,164
M0580,2024-05,213,8900.09,228,213
M0027,2024-06,1573,388405.21,1657,1573
M0073,2024-11,83,25225.42,90,83
M0585,2024-11,1883,54807.74,1949,1883
M0495,2024-05,651,9559.00,683,651
M0052,2024-04,213,2802.16,217,213
M0035,2024-10,235,10220.65,243,235
M0594,2024-02,120,3562.79,127,120
M0572,2024-11,1328,47497.43,1391,1328
M0322,2024-01,58,4703.97,59,58
M0097,2024-09,118,17608.48,126,118
M0239,2024-03,242,86479.31,247,242
M0527,2024-07,625,52556.66,663,625
M0032,2024-12,627,19730.64,654,627
M0228,2024-05,183,80149.68,200,183
M0215,2024-08,370,129524.26,393,370
M0253,2024-09,792,24273.77,820,792
M0307,2024-06,199,9563.92,205,199
M0008,2024-12,107,31653.04,118,107
M0026,2024-04,1936,154541.73,2073,1936
M0023,2024-07,114,2245.33,119,114
M0241,2024-11,369,30777.83,382,369
M0198,2024-06,393,16362.09,435,393
M0207,2024-12,121,2426.13,128,121
M0168,2024-01,947,19196.31,984,947
M0211,2024-03,48,14943.95,51,48
M0211,2024-09,67,21418.57,74,67
M0226,2024-12,88,2122.13,90,88
M0564,2024-11,263,12076.66,284,263
M0491,2024-06,219,13979.81,233,219
M0350,2024-01,487,198753.23,508,487
M0357,2024-05,1748,86456.55,1938,1748
M0198,2024-03,309,11842.73,319,309
M0444,2024-03,315,29894.21,340,315
M0140,2024-03,999,146457.56,1075,999
M0467,2024-09,339,32089.37,370,339
M0496,2024-05,192,17216.22,211,192
M0324,2024-02,5468,2095477.39,5707,5468
M0295,2024-12,2035,25330.70,2161,2035
M0480,2024-02,1627,748737.55,1758,1627
M0264,2024-07,244,14031.48,249,244
M0294,2024-01,50,2698.22,52,50
M0298,2024-11,4357,1183202.16,4804,4357
M0447,2024-10,216,5171.55,231,216
M0069,2024-03,1525,298518.36,1588,1525
M0479,2024-04,652,10313.94,723,652
M0252,2024-09,1835,366814.15,2002,1835
M0524,2024-07,347,88555.17,353,347
M0174,2024-01,338,52753.94,372,338
M0347,2024-11,254,18931.84,259,254
M0486,2024-08,155,61351.99,158,155
M0331,2024-09,177,2658.85,189,177
M0302,2024-08,48,3046.86,49,48
M0239,2024-06,188,65626.10,205,188
M0407,2024-08,293,92416.62,310,293
M0493,2024-06,278,16108.46,297,278
M0241,2024-10,289,22901.88,307,289
M0085,2024-06,218,8998.79,237,218
M0540,2024-04,90,25197.33,93,90
M0225,2024-04,1910,149215.12,1947,1910
M0507,2024-09,1989,699225.91,2096,1989
M0260,2024-03,228,47838.63,235,228
M0358,2024-09,181,28521.60,194,181
M0495,2024-04,597,9350.26,658,597
M0069,2024-05,1641,307947.56,1706,1641
M0600,2024-05,158,73438.06,163,158
M0456,2024-12,50,1589.96,52,50
M0137,2024-12,466,31435.31,511,466
M0412,2024-01,1068,277585.85,1158,1068
M0362,2024-12,77,3838.85,79,77
M0176,2024-06,852,209012.16,925,852
M0294,2024-10,54,3264.02,58,54
M0053,2024-09,2662,363579.43,2909,2662
M0162,2024-12,1166,46982.62,1256,1166
M0032,2024-07,677,22558.42,745,677
M0115,2024-09,1445,64095.50,1563,1445
M0016,2024-04,169,40646.26,184,169
M0242,2024-09,118,23524.48,121,118
M0207,2024-05,123,2577.76,135,123
M0306,2024-06,80,22474.61,88,80
M0561,2024-08,189,10486.92,203,189
M0562,2024-11,218,1455.95,226,218
M0585,2024-04,2114,61212.40,2195,2114
M0227,2024-04,614,298361.31,661,614
M0315,2024-11,164,3274.70,171,164
M0022,2024-05,8165,351828.48,8476,8165
M0322,2024-02,50,4590.14,54,50
M0552,2024-11,267,135458.21,289,267
M0148,2024-11,89,2894.21,93,89
M0548,2024-02,109,9553.85,118,109
M0470,2024-02,448,64508.19,479,448
M0453,2024-03,784,38206.63,815,784
M0096,2024-08,180,12226.51,199,180
M0245,2024-04,207,1978.25,214,207
M0158,2024-04,1681,44107.74,1721,1681
M0146,2024-02,990,339473.15,1070,990
M0430,2024-10,160,41968.39,170,160
M0491,2024-02,217,13673.76,223,217
M0451,2024-04,526,32640.37,574,526
M0467,2024-12,194,17943.21,200,194
M0433,2024-09,210,85792.26,229,210
M0439,2024-06,147,76336.04,161,147
M0238,2024-06,132,3343.91,141,132
M0590,2024-11,264,2494.78,276,264
M0242,2024-08,183,38610.14,193,183
M0421,2024-03,695,11124.84,727,695
M0298,2024-07,7800,2443331.33,8498,7800
M0136,2024-05,1770,132939.98,1881,1770
M0134,2024-02,108,13131.00,111,108
M0369,2024-10,284,17720.52,305,284
M0212,2024-08,84,3995.79,85,84
M0083,2024-08,470,13440.00,493,470
M0194,2024-10,153,38412.76,167,153
M0589,2024-06,825,56502.18,884,825
M0072,2024-02,267,26752.40,284,267
M0066,2024-03,1826,336740.21,1967,1826
M0184,2024-06,223,58869.54,244,223
M0168,2024-09,871,18292.73,954,871
M0082,2024-12,141,3413.10,148,141
M0170,2024-12,78,4802.90,80,78
M0138,2024-09,199,81409.08,214,199
M0424,2024-02,412,120517.48,431,412
M0418,2024-07,911,24485.64,943,911
M0036,2024-04,8769,2495190.83,9659,8769
M0203,2024-09,264,8257.98,268,264
M0501,2024-06,73,17183.39,74,73
M0063,2024-03,145,31123.43,154,145
M0481,2024-05,1292,635068.07,1378,1292
M0325,2024-06,1865,1267196.43,1916,1865
M0102,2024-09,190,8455.59,207,190
M0163,2024-08,2437,498506.99,2609,2437
M0430,2024-03,172,39584.56,183,172
M0256,2024-03,167,52050.23,179,167
M0192,2024-11,75,12567.12,77,75
M0315,2024-08,149,2733.68,163,149
M0510,2024-05,9689,191609.21,10630,9689
M0104,2024-07,82,8121.02,87,82
M0358,2024-03,188,32036.55,197,188
M0084,2024-01,544,270577.90,563,544
M0530,2024-04,1505,66639.67,1571,1505
M0328,2024-03,1823,33456.32,1979,1823
M0368,2024-09,4250,103891.06,4490,4250
M0432,2024-03,103,15059.51,108,103
M0397,2024-12,255,85953.74,271,255
M0088,2024-03,1402,75275.81,1521,1402
M0042,2024-10,1030,100553.07,1099,1030
M0294,2024-09,56,3109.00,57,56
M0138,2024-06,206,81008.38,219,206
M0332,2024-04,183,11704.64,193,183
M0569,2024-11,1215,38193.06,1322,1215
M0239,2024-01,258,90174.59,276,258
M0523,2024-02,114,72633.56,126,114
M0563,2024-05,1556,344641.76,1626,1556
M0070,2024-12,3017,62172.31,3088,3017
M0286,2024-12,62,1140.92,67,62
M0021,2024-10,3245,95014.95,3331,3245
M0012,2024-09,273,23089.98,279,273
M0283,2024-10,798,59194.53,814,798
M0013,2024-08,131,939.12,145,131
M0600,2024-04,183,82615.00,192,183
M0024,2024-09,151,41773.22,165,151
M0596,2024-10,276,98612.00,282,276
M0251,2024-04,248,5888.48,273,248
M0351,2024-07,277,97397.89,292,277
M0180,2024-01,1413,249336.97,1560,1413
M0333,2024-10,58,884.79,59,58
M0483,2024-02,100,2450.19,109,100
M0491,2024-10,238,14851.45,255,238
M0104,2024-12,81,8210.28,87,81
M0354,2024-08,317,18143.98,327,317
M0180,2024-04,2182,400410.40,2355,2182
M0433,2024-05,218,82972.78,225,218
M0098,2024-05,233,16308.99,243,233
M0412,2024-03,972,258799.86,989,972
M0079,2024-12,328,109715.98,339,328
M0412,2024-09,1354,351639.39,1443,1354
M0009,2024-11,319,3086.18,348,319
M0555,2024-08,1705,46493.95,1860,1705
M0570,2024-12,2317,142180.37,2556,2317
M0513,2024-07,1818,1030406.63,1933,1818
M0429,2024-11,54,5834.53,55,54
M0282,2024-01,218,80721.90,242,218
M0557,2024-07,341,13094.01,361,341
M0009,2024-10,291,3014.08,304,291
M0032,2024-10,634,20153.41,689,634
M0461,2024-01,1799,1058788.19,1990,1799
M0232,2024-03,47,1067.42,51,47
M0596,2024-07,447,144845.09,473,447
M0282,2024-06,299,113089.68,325,299
M0023,2024-05,93,2134.28,99,93
M0581,2024-03,932,30184.34,1019,932
M0284,2024-06,4127,637272.15,4512,4127
M0176,2024-01,741,176255.91,761,741
M0377,2024-05,303,142058.65,313,303
M0408,2024-08,224,6720.89,236,224
M0079,2024-04,291,94156.00,305,291
M0373,2024-04,889,55052.47,925,889
M0460,2024-05,651,39579.06,698,651
M0341,2024-09,1600,121073.45,1632,1600
M0310,2024-06,223,10691.24,241,223
M0528,2024-01,156,27322.96,171,156
M0060,2024-10,110,4616.92,115,110
M0050,2024-06,79,6160.29,86,79
M0275,2024-03,10814,4784270.35,11453,10814
M0563,2024-04,1802,389029.82,1866,1802
M0395,2024-12,9915,1016694.91,10122,9915
M0198,2024-09,378,14050.88,407,378
M0156,2024-08,278,3568.36,303,278
M0324,2024-06,4216,1502263.31,4460,4216
M0163,2024-10,2138,462257.49,2307,2138
M0032,2024-02,615,19541.45,645,615
M0592,2024-07,370,6476.31,377,370
M0334,2024-02,1299,10909.89,1320,1299
M0416,2024-09,7809,1354562.63,8470,7809
M0490,2024-07,397,28678.36,441,397
M0020,2024-11,2189,158469.39,2347,2189
M0139,2024-11,313,23171.94,324,313
M0224,2024-11,1471,19233.45,1615,1471
M0372,2024-06,56,2016.64,58,56
M0224,2024-08,980,14010.73,1062,980
M0549,2024-10,1648,373163.91,1799,1648
M0026,2024-07,1893,158956.86,1941,1893
M0240,2024-09,1901,125668.41,1978,1901
M0289,2024-05,711,17132.31,742,711
M0304,2024-05,132,2017.99,143,132
M0421,2024-12,782,12429.23,838,782
M0600,2024-10,223,102067.41,234,223
M0190,2024-04,550,18086.18,573,550
M0107,2024-04,5334,275238.85,5907,5334
M0212,2024-09,97,4539.53,100,97
M0083,2024-10,441,13013.98,485,441
M0078,2024-03,8752,313015.31,8951,8752
M0599,2024-12,7701,247872.61,7962,7701
M0489,2024-12,303,4014.09,309,303
M0229,2024-04,276,21752.73,290,276
M0087,2024-09,52,13230.79,53,52
M0257,2024-10,186,78205.50,197,186
M0430,2024-04,209,55173.05,219,209
M0379,2024-12,5630,1470496.64,5808,5630
M0166,2024-03,101,3036.38,112,101
M0329,2024-08,14255,4366878.27,15808,14255
M0403,2024-03,204,78054.16,223,204
M0041,2024-02,1651,47802.67,1747,1651
M0316,2024-10,517,25535.30,563,517
M0331,2024-03,159,2464.72,164,159
M0209,2024-04,108,4965.67,113,108
M0215,2024-10,277,100118.49,301,277
M0453,2024-05,904,43770.30,934,904
M0396,2024-07,9207,890874.81,9432,9207
M0438,2024-02,155,66969.35,172,155
M0554,2024-12,902,123447.99,934,902
M0471,2024-03,184,5341.77,203,184
M0203,2024-12,294,8841.34,324,294
M0306,2024-11,97,26231.19,99,97
M0485,2024-01,108,3747.44,115,108
M0476,2024-05,161,30984.33,168,161
M0455,2024-03,223,87016.13,245,223
M0210,2024-03,208,16518.39,221,208
M0195,2024-04,271,65494.15,277,271
M0175,2024-09,1387,24351.02,1526,1387
M0268,2024-08,689,60870.09,710,689
M0352,2024-04,707,115634.74,758,707
M0068,2024-06,10695,231269.62,11261,10695
M0346,2024-12,85,1182.36,92,85
M0154,2024-04,247,9065.24,256,247
M0471,2024-04,208,5823.08,218,208
M0152,2024-12,402,130421.48,441,402
M0064,2024-08,2423,733181.92,2682,2423
M0377,2024-08,368,159627.06,407,368
M0267,2024-03,295,70113.02,314,295
M0509,2024-12,322,63546.85,343,322
M0384,2024-08,265,6812.46,278,265
M0416,2024-12,7248,1242063.26,7377,7248
M0183,2024-11,231,32930.94,247,231
M0351,2024-12,261,104286.85,268,261
M0002,2024-09,1296,221875.20,1332,1296
M0519,2024-08,70,35035.52,78,70
M0243,2024-04,105,25659.87,109,105
M0480,2024-08,2025,959360.21,2213,2025
M0478,2024-11,78,6514.43,80,78
M0328,2024-04,1642,29735.56,1789,1642
M0062,2024-12,398,58620.36,436,398
M0411,2024-12,220,37074.41,233,220
M0344,2024-07,148,9279.79,162,148
M0429,2024-08,46,4962.04,51,46
M0421,2024-10,631,10353.84,666,631
M0304,2024-01,126,1820.48,130,126
M0228,2024-04,158,75423.36,169,158
M0051,2024-10,257,11701.12,269,257
M0232,2024-12,101,2455.58,103,101
M0580,2024-12,468,17645.86,514,468
M0190,2024-05,707,24534.03,720,707
M0452,2024-11,84,3866.00,93,84
M0149,2024-06,670,336476.14,736,670
M0016,2024-03,172,40965.33,176,172
M0297,2024-03,238,46665.09,254,238
M0436,2024-04,112,44310.36,119,112
M0363,2024-01,211,17402.44,222,211
M0050,2024-05,80,6125.90,87,80
M0378,2024-12,5554,1039806.48,5954,5554
M0243,2024-02,106,24850.67,112,106
M0308,2024-08,2380,76962.54,2537,2380
M0450,2024-04,1069,135293.69,1156,1069
M0188,2024-02,1409,26713.12,1521,1409
M0315,2024-07,174,3282.08,186,174
M0125,2024-06,220,9502.02,238,220
M0081,2024-06,914,30130.40,1001,914
M0072,2024-10,264,26350.23,290,264
M0270,2024-01,50,13127.29,53,50
M0477,2024-11,170,12873.44,176,170
M0087,2024-08,60,16565.19,61,60
M0203,2024-08,248,7813.21,256,248
M0121,2024-09,66,1781.29,73,66
M0195,2024-05,291,65074.36,304,291
M0436,2024-06,85,30806.52,93,85
M0319,2024-05,821,19673.64,882,821
M0094,2024-03,436,5481.99,451,436
M0122,2024-06,3628,44770.07,3903,3628
M0429,2024-01,40,4239.36,43,40
M0595,2024-04,562,30470.62,572,562
M0431,2024-04,187,1278.49,202,187
M0458,2024-06,8589,756786.58,8875,8589
M0142,2024-04,1145,68844.92,1175,1145
M0158,2024-01,1874,48863.95,1982,1874
M0586,2024-01,61,23798.43,64,61
M0212,2024-07,91,4101.94,99,91
M0445,2024-03,50,3224.74,55,50
M0092,2024-08,194,7721.07,209,194
M0029,2024-04,443,8224.78,471,443
M0202,2024-12,278,6262.55,290,278
M0282,2024-04,209,82076.62,216,209
M0333,2024-12,75,1104.40,79,75
M0070,2024-06,3024,64350.48,3083,3024
M0055,2024-02,805,15457.34,818,805
M0312,2024-04,168,12563.05,173,168
M0281,2024-11,509,11544.81,533,509
M0502,2024-10,854,224891.04,873,854
M0117,2024-08,370,255664.82,401,370
M0373,2024-07,987,55748.94,1053,987
M0087,2024-07,76,22483.44,84,76
M0002,2024-07,1161,205156.06,1246,1161
M0126,2024-09,257,12953.06,264,257
M0138,2024-07,258,114873.64,275,258
M0484,2024-05,5782,170268.06,6272,5782
M0240,2024-05,1922,129918.82,2059,1922
M0163,2024-03,2087,476991.10,2201,2087
M0417,2024-12,2583,910809.15,2808,2583
M0125,2024-12,243,9872.52,268,243
M0431,2024-12,222,1502.98,229,222
M0083,2024-05,416,11963.93,427,416
M0202,2024-06,270,6832.50,280,270
M0425,2024-06,2002,249063.97,2160,2002
M0442,2024-05,4672,1037200.46,5039,4672
M0455,2024-01,241,101805.60,248,241
M0370,2024-07,199,4442.65,206,199
M0579,2024-09,11294,448730.60,11778,11294
M0242,2024-05,127,26228.60,140,127
M0291,2024-02,358,30583.49,386,358
M0587,2024-10,240,12245.77,249,240
M0351,2024-01,180,67108.78,196,180
M0426,2024-09,57,4975.32,61,57
M0013,2024-09,144,976.47,151,144
M0124,2024-06,2123,1327439.25,2340,2123
M0333,2024-11,65,849.66,68,65
M0331,2024-07,158,2475.55,173,158
M0290,2024-07,2295,306760.12,2351,2295
M0309,2024-08,95,2832.15,104,95
M0315,2024-04,165,3184.18,183,165
M0241,2024-01,225,18322.96,246,225
M0090,2024-04,3738,100824.87,4133,3738
M0133,2024-11,50,2770.37,52,50
M0317,2024-06,307,53385.50,317,307
M0230,2024-02,178,4968.18,190,178
M0446,2024-03,152,5847.44,165,152
M0142,2024-05,1196,73016.14,1251,1196
M0562,2024-04,215,1468.37,220,215
M0408,2024-11,259,7500.88,268,259
M0253,2024-05,903,29834.21,984,903
M0082,2024-05,139,3470.02,152,139
M0096,2024-06,152,10332.54,164,152
M0044,2024-03,1341,12225.80,1455,1341
M0146,2024-10,983,348533.73,1076,983
M0551,2024-05,324,38427.55,343,324
M0500,2024-06,817,86571.61,835,817
M0139,2024-03,318,21910.68,324,318
M0105,2024-01,86,1220.86,89,86
M0234,2024-05,274,17428.04,296,274
M0586,2024-05,77,26678.25,82,77
M0524,2024-04,209,57565.31,216,209
M0545,2024-10,113,2263.23,114,113
M0474,2024-12,275,4099.44,294,275
M0597,2024-11,120,1368.03,122,120
M0187,2024-01,235,31651.13,258,235
M0137,2024-04,214,13128.02,224,214
M0185,2024-09,587,32289.02,638,587
M0338,2024-11,412,102071.69,425,412
M0411,2024-02,163,28261.65,174,163
M0270,2024-04,57,15154.04,62,57
M0106,2024-04,4130,118624.76,4301,4130
M0022,2024-04,7991,339258.46,8295,7991
M0590,2024-03,263,2663.94,288,263
M0012,2024-10,278,23153.55,289,278
M0306,2024-02,94,25111.90,103,94
M0186,2024-02,270,42079.00,298,270
M0084,2024-05,488,216832.35,523,488
M0587,2024-03,245,14182.02,270,245
M0131,2024-10,185,6339.83,190,185
M0251,2024-02,269,6440.64,275,269
M0542,2024-03,1212,127102.53,1319,1212
M0574,2024-02,721,188897.21,743,721
M0560,2024-02,173,13260.71,183,173
M0249,2024-10,885,260419.86,956,885
M0080,2024-07,2048,65163.53,2102,2048
M0301,2024-10,145,45038.81,150,145
M0322,2024-03,64,5518.92,66,64
M0182,2024-06,48,2431.11,51,48
M0458,2024-12,12952,1029159.48,13713,12952
M0340,2024-10,1925,354991.48,1971,1925
M0273,2024-04,219,11438.72,242,219
M0057,2024-08,172,66932.46,189,172
M0044,2024-09,1279,11853.27,1399,1279
M0530,2024-11,2111,97392.81,2320,2111
M0574,2024-09,1193,325995.31,1284,1193
M0049,2024-11,659,335708.93,676,659
M0522,2024-05,1913,736371.14,2064,1913
M0463,2024-05,264,70006.45,269,264
M0115,2024-11,1536,65441.62,1581,1536
M0377,2024-11,252,110488.33,271,252
M0026,2024-06,1716,145562.48,1754,1716
M0439,2024-07,128,70219.97,136,128
M0340,2024-08,2540,471529.64,2731,2540
M0591,2024-04,115,19977.77,126,115
M0006,2024-02,155,110410.79,160,155
M0514,2024-01,70,3406.77,71,70
M0077,2024-07,129,33841.41,136,129
M0327,2024-05,69,45301.13,71,69
M0592,2024-04,359,5350.11,398,359
M0346,2024-06,86,1228.26,94,86
M0388,2024-08,107,3733.27,117,107
M0103,2024-03,9630,2261303.37,10699,9630
M0159,2024-07,1742,48112.02,1907,1742
M0135,2024-02,202,4140.60,216,202
M0335,2024-07,118,5996.83,126,118
M0104,2024-03,73,7336.32,77,73
M0515,2024-12,1035,33128.79,1055,1035
M0006,2024-12,253,170303.03,275,253
M0089,2024-08,82,13562.34,90,82
M0554,2024-06,874,115293.21,933,874
M0512,2024-09,6873,565517.59,7557,6873
M0143,2024-08,4300,1928919.27,4548,4300
M0274,2024-04,1186,39062.73,1306,1186
M0283,2024-06,680,48437.56,755,680
M0178,2024-03,210,52001.83,221,210
M0056,2024-04,257,6363.33,263,257
M0533,2024-08,56,11848.26,61,56
M0343,2024-04,389,23771.73,413,389
M0037,2024-05,1510,696776.58,1643,1510
M0139,2024-10,289,20228.28,304,289
M0444,2024-04,324,36219.24,348,324
M0343,2024-03,278,17664.12,304,278
M0107,2024-12,9621,525279.58,10334,9621
M0427,2024-07,108,2568.34,112,108
M0414,2024-12,145,1453.54,151,145
M0595,2024-12,599,32199.65,641,599
M0518,2024-09,216,12510.08,231,216
M0162,2024-11,1044,40853.73,1143,1044
M0016,2024-05,177,42016.98,183,177
M0575,2024-06,258,42527.11,263,258
M0546,2024-03,511,24353.55,531,511
M0213,2024-05,166,16974.98,177,166
M0092,2024-07,190,8142.66,207,190
M0209,2024-10,110,4794.70,115,110
M0332,2024-01,171,9549.45,181,171
M0270,2024-11,53,13511.37,57,53
M0242,2024-11,122,24556.10,129,122
M0507,2024-01,1900,643025.33,2056,1900
M0406,2024-03,159,3005.17,174,159
M0053,2024-06,1157,145802.22,1197,1157
M0583,2024-06,384,247678.99,401,384
M0253,2024-10,896,25966.33,918,896
M0095,2024-09,1446,89287.51,1542,1446
M0110,2024-05,216,56955.04,222,216
M0407,2024-06,304,88936.71,315,304
M0209,2024-03,103,4073.06,112,103
M0407,2024-04,250,75673.35,267,250
M0577,2024-09,305,57271.45,329,305
M0194,2024-02,125,30208.03,138,125
M0450,2024-01,902,113500.57,983,902
M0536,2024-08,818,136468.00,896,818
M0299,2024-06,1031,63002.18,1100,1031
M0002,2024-12,1162,200435.66,1270,1162
M0355,2024-04,1690,15564.84,1792,1690
M0195,2024-12,374,87794.38,409,374
M0073,2024-03,71,22531.38,79,71
M0092,2024-10,190,7715.90,194,190
M0101,2024-02,1613,53250.58,1681,1613
M0196,2024-09,166,72800.14,183,166
M0364,2024-03,269,43515.95,293,269
M0025,2024-12,311,44171.91,318,311
M0192,2024-01,62,10511.35,64,62
M0521,2024-06,1430,55416.43,1560,1430
M0401,2024-02,232,109188.68,237,232
M0370,2024-06,227,5154.33,239,227
M0454,2024-06,209,1291.42,220,209
M0516,2024-10,196,3977.54,210,196
M0145,2024-11,7127,2333894.65,7899,7127
M0494,2024-03,222,1582.17,229,222
M0022,2024-10,7181,328055.96,7797,7181
M0380,2024-10,43,3560.80,44,43
M0167,2024-10,742,77330.39,798,742
M0292,2024-11,2354,172271.07,2453,2354
M0538,2024-08,1948,71635.18,2139,1948
M0566,2024-11,2062,98702.77,2176,2062
M0579,2024-02,11631,524318.74,12313,11631
M0215,2024-12,410,138499.96,429,410
M0595,2024-03,743,44067.50,763,743
M0519,2024-05,43,22381.44,47,43
M0298,2024-10,4435,1281193.33,4720,4435
M0438,2024-08,232,103028.08,251,232
M0314,2024-01,584,121533.72,605,584
M0482,2024-05,147,7859.80,154,147
M0007,2024-01,258,46614.97,275,258
M0001,2024-08,390,195668.11,406,390
M0302,2024-06,42,2544.72,46,42
M0398,2024-05,1537,60962.56,1588,1537
M0049,2024-06,200,109840.40,209,200
M0216,2024-02,154,11735.14,166,154
M0086,2024-06,153,71567.81,156,153
M0175,2024-05,1439,25591.14,1492,1439
M0327,2024-01,63,43321.35,69,63
M0274,2024-06,1176,37036.75,1292,1176
M0419,2024-10,1182,45964.84,1209,1182
M0421,2024-05,732,11521.63,784,732
M0388,2024-11,162,4956.10,168,162
M0060,2024-07,92,3969.14,99,92
M0382,2024-06,2370,628149.72,2512,2370
M0533,2024-04,45,9426.01,49,45
M0051,2024-04,221,11209.48,235,221
M0408,2024-05,275,8006.25,302,275
M0533,2024-05,43,9493.34,45,43
M0112,2024-08,202,4353.71,222,202
M0281,2024-01,163,3746.35,166,163
M0428,2024-02,109,33739.38,112,109
M0177,2024-06,316,7223.39,333,316
M0281,2024-10,601,14356.54,633,601
M0257,2024-12,275,111243.36,298,275
M0066,2024-04,1736,297827.70,1918,1736
M0196,2024-08,193,81521.37,204,193
M0161,2024-05,832,155448.19,866,832
M0367,2024-10,72,3768.68,78,72
M0230,2024-05,190,5414.30,210,190
M0298,2024-12,6338,1796025.37,6924,6338
M0019,2024-08,241,3567.03,250,241
M0155,2024-02,799,87689.05,857,799
M0287,2024-11,217,4890.76,226,217
M0077,2024-02,80,20798.29,83,80
M0030,2024-04,172,17728.72,183,172
M0472,2024-02,217,3512.43,222,217
M0290,2024-06,2296,356206.48,2335,2296
M0571,2024-07,355,146360.85,365,355
M0465,2024-05,855,33199.86,941,855
M0220,2024-08,170,4038.91,184,170
M0444,2024-07,498,47776.05,535,498
M0428,2024-04,122,38358.21,130,122
M0167,2024-01,687,83155.84,732,687
M0102,2024-08,219,10434.55,232,219
M0412,2024-02,908,233452.19,968,908
M0561,2024-03,186,10899.78,193,186
M0473,2024-06,128,66913.83,130,128
M0426,2024-10,89,8006.95,93,89
M0405,2024-01,233,36607.53,246,233
M0237,2024-11,171,9580.07,179,171
M0283,2024-07,716,48370.43,731,716
M0484,2024-08,6268,183485.14,6676,6268
M0248,2024-05,128,4795.69,141,128
M0272,2024-05,210,43649.76,232,210
M0316,2024-08,459,24475.28,489,459
M0411,2024-03,185,30640.43,195,185
M0119,2024-02,110,16958.21,118,110
M0473,2024-03,96,50649.84,101,96
M0555,2024-06,1663,46073.43,1845,1663
M0209,2024-08,109,4546.03,111,109
M0597,2024-04,122,1502.23,126,122
M0330,2024-12,201,6437.15,220,201
M0372,2024-09,66,2251.62,72,66
M0270,2024-09,57,17361.60,60,57
M0055,2024-03,819,15675.62,879,819
M0362,2024-07,62,2864.65,67,62
M0220,2024-11,162,3654.66,176,162
M0179,2024-06,3784,195509.95,4127,3784
M0519,2024-03,44,22891.04,47,44
M0053,2024-02,1711,206959.82,1742,1711
M0348,2024-03,212,7000.43,229,212
M0566,2024-06,1324,60519.15,1453,1324
M0349,2024-10,816,51766.21,880,816
M0338,2024-07,466,128343.62,489,466
M0123,2024-02,1157,46778.93,1216,1157
M0336,2024-02,247,42461.37,264,247
M0273,2024-10,283,14548.37,300,283
M0038,2024-02,146,21287.88,159,146
M0181,2024-12,1851,506147.10,1943,1851
M0305,2024-09,90,4761.65,98,90
M0368,2024-11,3875,89922.72,4257,3875
M0111,2024-11,176,46367.19,186,176
M0137,2024-08,282,19117.73,310,282
M0136,2024-06,1840,137586.56,1892,1840
M0088,2024-05,1282,72139.11,1378,1282
M0466,2024-05,980,230320.90,1088,980
M0547,2024-06,302,6498.44,315,302
M0380,2024-01,40,3902.88,45,40
M0077,2024-12,148,40837.69,157,148
M0372,2024-11,72,2587.46,76,72
M0584,2024-10,196,62266.88,200,196
M0288,2024-10,391,129347.13,421,391
M0312,2024-11,241,16837.96,255,241
M0435,2024-10,7207,164106.70,8005,7207
M0054,2024-04,58,1290.19,64,58
M0054,2024-07,61,1327.53,62,61
M0574,2024-03,676,195062.50,731,676
M0368,2024-08,4657,114776.39,4910,4657
M0502,2024-05,1045,263441.84,1084,1045
M0018,2024-12,48,13219.14,50,48
M0446,2024-06,182,6928.15,197,182
M0105,2024-09,78,1134.94,79,78
M0542,2024-11,1004,96193.15,1025,1004
M0598,2024-04,710,51499.66,746,710
M0145,2024-05,8950,2727080.27,9634,8950
M0560,2024-09,165,13419.08,178,165
M0409,2024-11,175,85820.00,183,175
M0297,2024-07,359,74885.39,380,359
M0443,2024-09,285,173012.15,309,285
M0068,2024-01,10335,201991.84,11067,10335
M0061,2024-04,77,11845.38,80,77
M0405,2024-04,274,42124.51,299,274
M0043,2024-02,1515,19020.70,1640,1515
M0353,2024-04,139,74535.29,147,139
M0133,2024-08,41,2394.51,44,41
M0285,2024-10,265,4498.26,295,265
M0548,2024-04,119,10092.32,129,119
M0130,2024-07,201,6868.12,215,201
M0214,2024-01,11423,684171.53,12199,11423
M0559,2024-06,1383,38958.61,1438,1383
M0297,2024-02,249,49180.93,258,249
M0013,2024-10,138,904.11,148,138
M0058,2024-02,186,12414.03,191,186
M0345,2024-03,2055,49713.38,2233,2055
M0098,2024-07,253,17913.92,277,253
M0461,2024-12,2386,1396959.46,2486,2386
M0443,2024-10,244,143784.77,258,244
M0409,2024-07,129,60845.09,131,129
M0100,2024-07,91,26173.77,99,91
M0223,2024-09,142,6193.18,154,142
M0404,2024-06,1589,433590.60,1748,1589
M0511,2024-04,273,93961.89,301,273
M0474,2024-10,248,3400.98,274,248
M0428,2024-09,181,52138.96,192,181
M0388,2024-06,111,3562.37,117,111
M0477,2024-04,112,7964.83,116,112
M0384,2024-01,216,5314.88,238,216
M0113,2024-08,2513,1418500.22,2618,2513
M0551,2024-06,312,34566.20,339,312
M0130,2024-06,191,6911.13,199,191
M0490,2024-01,397,28750.70,411,397
M0503,2024-11,185,2611.40,191,185
M0347,2024-08,213,16801.00,218,213
M0189,2024-10,4487,32764.08,4744,4487
M0196,2024-10,111,49894.36,120,111
M0361,2024-04,908,30171.24,980,908
M0027,2024-09,1316,298315.93,1461,1316
M0556,2024-06,295,108564.52,327,295
M0051,2024-03,232,11744.35,252,232
M0551,2024-11,328,39408.99,354,328
M0395,2024-01,7851,840870.76,8227,7851
M0005,2024-03,135,4983.34,141,135
M0576,2024-06,1367,55715.74,1464,1367
M0170,2024-11,73,4434.20,75,73
M0550,2024-06,310,84806.36,329,310
M0245,2024-07,184,1841.34,192,184
M0152,2024-01,272,93188.82,281,272
M0231,2024-10,629,89268.00,645,629
M0538,2024-06,1863,76645.83,1943,1863
M0307,2024-07,227,11014.58,240,227
M0011,2024-05,242,4173.68,255,242
M0111,2024-01,156,35070.18,168,156
M0311,2024-05,1568,29402.10,1619,1568
M0097,2024-04,108,16688.69,111,108
M0224,2024-04,1163,17478.57,1240,1163
M0569,2024-03,701,24598.53,714,701
M0500,2024-12,860,94643.66,921,860
M0419,2024-09,1115,40481.70,1188,1115
M0142,2024-02,1134,69631.87,1227,1134
M0069,2024-08,2146,409063.84,2336,2146
M0168,2024-11,1020,21102.29,1132,1020
M0385,2024-07,1036,110143.54,1062,1036
M0350,2024-08,548,232342.04,581,548
M0357,2024-09,1963,94616.27,2102,1963
M0579,2024-04,11354,420371.62,12574,11354
M0450,2024-09,1127,146035.84,1208,1127
M0137,2024-09,308,19972.55,336,308
M0503,2024-12,176,2712.60,182,176
M0597,2024-01,105,1391.57,108,105
M0418,2024-01,817,21306.33,890,817
M0339,2024-01,1595,353037.33,1630,1595
M0141,2024-05,197,53111.41,204,197
M0037,2024-03,1425,731278.00,1496,1425
M0023,2024-08,110,2341.54,122,110
M0106,2024-09,4243,135555.76,4642,4243
M0157,2024-09,1291,60405.69,1359,1291
M0223,2024-03,160,7584.13,165,160
M0547,2024-01,250,5231.23,270,250
M0272,2024-09,219,50617.60,234,219
M0463,2024-01,239,64836.86,246,239
M0172,2024-07,791,22958.33,838,791
M0465,2024-04,828,31122.09,860,828
M0141,2024-06,226,68441.03,232,226
M0109,2024-10,275,14779.58,297,275
M0235,2024-11,1504,100528.96,1584,1504
M0363,2024-10,226,18890.35,238,226
M0033,2024-01,166,8881.08,172,166
M0365,2024-10,147,4768.46,154,147
M0453,2024-01,774,35786.05,809,774
M0432,2024-07,143,19033.04,158,143
M0396,2024-03,11384,1116252.77,12239,11384
M0481,2024-11,1262,567238.02,1401,1262
M0169,2024-10,150,10605.34,162,150
M0348,2024-07,258,10336.74,283,258
M0125,2024-04,254,11799.84,271,254
M0244,2024-12,2067,16955.79,2192,2067
M0209,2024-01,116,5063.46,121,116
M0285,2024-08,245,4293.40,266,245
M0010,2024-02,273,12193.94,300,273
M0247,2024-12,7880,2899666.86,8038,7880
M0402,2024-09,74,10576.17,81,74
M0344,2024-11,221,14393.01,228,221
M0546,2024-11,783,38999.32,841,783
M0254,2024-12,694,200027.25,770,694
M0155,2024-01,941,98471.84,984,941
M0273,2024-03,238,11925.64,263,238
M0154,2024-10,280,11012.15,303,280
M0482,2024-11,150,7107.47,162,150
M0480,2024-06,1060,498592.17,1113,1060
M0331,2024-01,188,2857.53,202,188
M0063,2024-07,202,40207.57,213,202
M0120,2024-07,1477,91654.24,1501,1477
M0513,2024-12,1548,896585.80,1679,1548
M0387,2024-07,2059,49287.04,2110,2059
M0525,2024-12,285,13627.68,308,285
M0074,2024-05,342,181101.51,360,342
M0494,2024-02,205,1558.84,217,205
M0249,2024-03,966,294879.15,985,966
M0298,2024-02,4042,1099936.96,4311,4042
M0095,2024-10,1396,104031.78,1462,1396
M0220,2024-06,166,3523.12,179,166
M0041,2024-11,1793,55814.33,1923,1793
M0162,2024-08,1065,43840.71,1105,1065
M0360,2024-10,1800,646673.16,1907,1800
M0255,2024-08,220,15463.54,230,220
M0216,2024-07,205,15723.79,211,205
M0376,2024-12,2303,105930.73,2415,2303
M0206,2024-03,1615,154622.44,1745,1615
M0031,2024-03,1614,39884.77,1785,1614
M0430,2024-06,253,61381.96,274,253
M0208,2024-05,11885,491638.49,12158,11885
M0478,2024-06,55,5179.34,59,55
M0446,2024-07,206,8662.63,225,206
M0151,2024-10,143,46410.33,158,143
M0509,2024-03,294,55809.89,318,294
M0162,2024-03,956,39423.64,1028,956
M0081,2024-08,862,28655.96,925,862
M0524,2024-10,264,69084.94,276,264
M0528,2024-11,168,29847.33,176,168
M0021,2024-04,3076,90907.92,3170,3076
M0353,2024-06,94,45828.40,98,94
M0477,2024-07,127,9100.19,133,127
M0217,2024-01,1103,295012.53,1170,1103
M0422,2024-07,281,29352.84,287,281
M0423,2024-01,3591,1880244.41,3853,3591
M0014,2024-07,360,41110.48,398,360
M0026,2024-02,1396,118380.62,1429,1396
M0484,2024-01,5431,140883.92,5770,5431
M0246,2024-08,311,150899.81,345,311
M0340,2024-11,1807,352632.23,1951,1807
M0119,2024-11,112,18160.97,123,112
M0532,2024-07,1088,48180.05,1127,1088
M0325,2024-11,1524,1012492.14,1662,1524
M0164,2024-04,46,22277.16,49,46
M0188,2024-11,1596,28221.03,1760,1596
M0181,2024-09,1785,471184.66,1942,1785
M0436,2024-10,117,47401.65,124,117
M0019,2024-02,223,3225.11,227,223
M0389,2024-10,243,8278.59,263,243
M0459,2024-01,88,1751.27,97,88
M0083,2024-11,507,15750.14,561,507
M0132,2024-09,163,6972.44,175,163
M0165,2024-03,1039,51896.87,1153,1039
M0270,2024-03,50,13378.93,55,50
M0318,2024-01,945,199707.74,1016,945
M0307,2024-01,254,13278.15,264,254
M0455,2024-04,245,93334.43,261,245
M0227,2024-07,753,339512.34,813,753
M0265,2024-04,381,10003.19,393,381
M0068,2024-10,9146,170381.09,9517,9146
M0089,2024-01,87,15087.45,93,87
M0377,2024-02,227,101579.28,243,227
M0556,2024-01,212,81857.37,226,212
M0357,2024-02,1882,90953.50,1916,1882
M0323,2024-08,597,131536.78,634,597
M0117,2024-04,309,226801.88,336,309
M0084,2024-07,340,164013.25,361,340
M0327,2024-12,85,55867.12,86,85
M0537,2024-03,1838,51541.59,2006,1838
M0116,2024-08,60,15553.43,62,60
M0006,2024-10,153,93716.97,160,153
M0331,2024-05,177,2837.99,180,177
M0366,2024-08,183,8345.93,190,183
M0130,2024-12,324,10879.15,332,324
M0462,2024-02,840,201009.45,911,840
M0258,2024-08,420,203775.28,433,420
M0441,2024-09,1646,40675.26,1682,1646
M0487,2024-09,12638,190078.50,13913,12638
M0402,2024-06,62,10409.09,65,62
M0417,2024-10,1765,577179.63,1885,1765
M0112,2024-11,225,4566.60,244,225
M0402,2024-02,67,9658.47,68,67
M0544,2024-02,3156,966176.22,3263,3156
M0283,2024-08,800,52436.25,864,800
M0515,2024-10,1021,35012.16,1094,1021
M0074,2024-01,271,174566.06,297,271
M0156,2024-10,262,3593.32,283,262
M0547,2024-12,391,7484.95,405,391
M0214,2024-11,10718,611927.21,10985,10718
M0531,2024-05,1867,110584.45,1990,1867
M0004,2024-01,8390,1705422.57,9212,8390
M0142,2024-12,1876,102020.56,1984,1876
M0128,2024-07,403,232464.80,447,403
M0522,2024-04,1739,766164.00,1912,1739
M0230,2024-11,185,4760.86,194,185
M0406,2024-05,158,2962.21,173,158
M0459,2024-08,78,1436.97,85,78
M0548,2024-08,139,10807.85,153,139
M0450,2024-12,1246,161487.06,1366,1246
M0277,2024-08,643,42385.48,672,643
M0405,2024-07,364,57053.83,382,364
M0214,2024-06,11821,716475.44,12244,11821
M0275,2024-02,9742,3646312.00,9949,9742
M0311,2024-09,1289,23692.28,1426,1289
M0322,2024-08,54,5155.88,56,54
M0322,2024-11,59,5070.92,62,59
M0305,2024-03,90,4643.99,100,90
M0108,2024-07,131,46100.99,135,131
M0590,2024-01,243,2377.26,253,243
M0568,2024-06,249,14210.93,257,249
M0459,2024-11,92,1768.69,94,92
M0518,2024-03,199,12213.66,217,199
M0003,2024-12,383,8141.07,389,383
M0371,2024-11,52,1074.80,53,52
M0416,2024-08,7714,1287405.85,8349,7714
M0229,2024-11,318,24620.64,325,318
M0410,2024-07,2037,627831.78,2253,2037
M0112,2024-12,190,3876.12,201,190
M0085,2024-10,251,9593.97,273,251
M0260,2024-02,189,40574.00,204,189
M0494,2024-08,183,1474.01,190,183
M0006,2024-08,236,161425.14,242,236
M0057,2024-12,175,72266.14,186,175
M0385,2024-08,1020,118583.72,1090,1020
M0512,2024-07,7528,598178.81,8258,7528
M0410,2024-01,1535,474025.15,1615,1535
M0390,2024-05,687,29657.05,698,687
M0425,2024-09,1686,225333.24,1807,1686
M0160,2024-05,1556,72444.54,1606,1556
M0432,2024-11,109,15619.96,119,109
M0352,2024-11,743,119277.82,791,743
M0445,2024-05,52,3128.94,55,52
M0337,2024-06,1973,98877.68,2177,1973
M0250,2024-08,178,38411.02,187,178
M0091,2024-12,2290,367700.72,2346,2290
M0123,2024-12,2636,113975.32,2901,2636
M0440,2024-06,103,21649.40,113,103
M0454,2024-09,188,1217.64,206,188
M0468,2024-10,10077,266252.70,10712,10077
M0534,2024-08,1301,62327.90,1353,1301
M0244,2024-03,1594,13049.00,1690,1594
M0012,2024-11,301,24085.80,310,301
M0249,2024-08,1091,361802.87,1161,1091
M0536,2024-12,631,95063.97,662,631
M0290,2024-10,1683,240650.07,1868,1683
M0194,2024-04,168,43874.33,182,168
M0470,2024-12,677,105755.09,751,677
M0332,2024-07,183,10287.01,194,183
M0349,2024-05,810,53041.41,836,810
M0154,2024-09,276,11061.60,292,276
M0115,2024-12,1480,70227.40,1507,1480
M0467,2024-08,333,34654.46,368,333
M0292,2024-09,1721,122244.25,1854,1721
M0265,2024-06,373,8757.68,407,373
M0412,2024-12,1479,356093.89,1639,1479
M0001,2024-11,276,150054.68,284,276
M0562,2024-03,249,1625.85,261,249
M0388,2024-03,78,2600.91,84,78
M0082,2024-11,136,3521.95,148,136
M0082,2024-02,133,3484.91,136,133
M0193,2024-10,157,35043.04,160,157
M0419,2024-08,1216,39963.65,1261,1216
M0044,2024-06,1158,11702.73,1206,1158
M0492,2024-02,255,6606.17,273,255
M0482,2024-06,119,6186.52,123,119
M0085,2024-02,201,8080.12,219,201
M0468,2024-12,8454,216786.07,9043,8454
M0442,2024-11,4090,830357.71,4358,4090
M0570,2024-10,1804,116845.26,1947,1804
M0166,2024-08,102,3125.48,108,102
M0504,2024-03,141,21557.50,149,141
M0075,2024-10,4389,137500.78,4735,4389
M0568,2024-10,222,11109.01,244,222
M0432,2024-04,104,12815.09,107,104
M0406,2024-09,162,3050.74,164,162
M0583,2024-01,270,168662.84,278,270
M0263,2024-11,203,33951.30,218,203
M0062,2024-02,266,40145.70,289,266
M0198,2024-08,436,16171.48,469,436
M0383,2024-09,1854,922584.07,1933,1854
M0408,2024-02,221,6191.53,238,221
M0556,2024-04,173,63317.08,187,173
M0169,2024-12,140,10278.62,151,140
M0291,2024-10,516,40898.89,560,516
M0426,2024-08,77,6234.18,80,77
M0246,2024-05,231,119330.79,243,231
M0156,2024-07,280,3978.21,298,280
M0059,2024-03,113,18981.65,116,113
M0319,2024-03,820,21801.74,839,820
M0113,2024-03,1995,1256578.87,2162,1995
M0218,2024-09,136,39295.72,140,136
M0364,2024-01,228,34525.97,236,228
M0060,2024-11,98,3877.19,107,98
M0428,2024-11,116,34421.38,128,116
M0564,2024-05,188,8261.36,195,188
M0204,2024-09,183,3486.53,197,183
M0546,2024-04,568,30211.12,616,568
M0119,2024-05,136,22519.31,141,136
M0071,2024-07,1094,12507.83,1201,1094
M0041,2024-01,1316,45454.77,1391,1316
M0160,2024-07,1581,80526.19,1663,1581
M0085,2024-01,189,8314.52,198,189
M0152,2024-10,249,85734.38,273,249
M0063,2024-01,140,29359.95,144,140
M0077,2024-05,94,25916.26,104,94
M0474,2024-09,274,4054.50,282,274
M0435,2024-08,7258,171957.24,7554,7258
M0588,2024-09,470,77107.02,495,470
M0181,2024-06,1842,519523.99,1976,1842
M0071,2024-08,1025,11241.70,1056,1025
M0536,2024-01,474,74527.47,490,474
M0494,2024-11,209,1648.37,216,209
M0516,2024-04,176,3520.34,184,176
M0391,2024-08,3942,125663.09,4119,3942
M0473,2024-09,100,52396.30,111,100
M0309,2024-09,87,2486.84,93,87
M0204,2024-10,211,3943.93,223,211
M0347,2024-07,236,19282.51,243,236
M0331,2024-12,188,2974.30,207,188
M0024,2024-04,149,41833.23,153,149
M0569,2024-12,1631,56788.88,1688,1631
M0546,2024-06,613,32326.91,623,613
M0118,2024-02,337,18966.66,369,337
M0446,2024-09,173,7193.48,190,173
M0056,2024-07,231,5330.05,236,231
M0230,2024-03,188,5473.32,193,188
M0574,2024-11,826,223995.34,861,826
M0426,2024-06,65,5549.87,69,65
M0101,2024-10,1441,45110.04,1482,1441
M0598,2024-09,890,62432.24,975,890
M0525,2024-07,174,9142.12,193,174
M0063,2024-08,202,41742.70,208,202
M0076,2024-04,1459,34377.88,1605,1459
M0190,2024-08,691,24098.44,712,691
M0267,2024-04,270,58852.56,296,270
M0316,2024-06,479,23890.54,495,479
M0560,2024-05,173,13558.05,192,173
M0381,2024-02,61,3906.09,67,61
M0569,2024-04,882,28589.20,957,882
M0264,2024-08,338,19409.78,364,338
M0483,2024-03,99,2426.70,108,99
M0124,2024-10,1950,1073780.01,1987,1950
M0554,2024-10,1108,150705.31,1193,1108
M0592,2024-08,328,5471.97,360,328
M0171,2024-11,212,4269.41,216,212
M0093,2024-07,70,2113.18,74,70
M0427,2024-11,100,2403.30,111,100
M0361,2024-10,1012,34605.97,1059,1012
M0376,2024-09,2222,101676.51,2295,2222
M0069,2024-12,1327,227978.78,1467,1327
M0164,2024-05,49,23695.41,52,49
M0306,2024-09,154,44698.65,159,154
M0228,2024-02,136,63229.08,143,136
M0428,2024-03,87,27775.09,96,87
M0593,2024-12,1147,45759.72,1233,1147
M0293,2024-11,1934,225721.91,2097,1934
M0107,2024-07,4863,247774.89,5217,4863
M0436,2024-08,167,67055.79,170,167
M0320,2024-06,717,201288.82,780,717
M0187,2024-03,286,36845.44,292,286
M0135,2024-11,208,4446.13,223,208
M0400,2024-06,123,32033.93,136,123
M0508,2024-11,6550,447660.36,6759,6550
M0299,2024-10,1127,70920.11,1149,1127
M0363,2024-08,326,27103.16,358,326
M0138,2024-01,174,75710.35,180,174
M0111,2024-09,196,48302.07,202,196
M0191,2024-08,225,6735.32,229,225
M0269,2024-06,1393,634949.85,1542,1393
M0429,2024-09,49,5610.59,53,49
M0240,2024-10,1907,131242.63,2040,1907
M0411,2024-01,178,30894.75,182,178
M0003,2024-08,221,4715.77,244,221
M0308,2024-10,2832,95798.81,2885,2832
M0568,2024-04,228,13152.08,235,228
M0218,2024-07,211,55099.88,215,211
M0444,2024-10,292,30295.18,323,292
M0398,2024-12,1452,59550.90,1571,1452
M0269,2024-05,1107,538909.97,1195,1107
M0537,2024-01,2097,58903.04,2299,2097
M0163,2024-11,2142,449170.33,2323,2142
M0115,2024-01,1474,60542.27,1529,1474
M0161,2024-08,1245,238057.33,1351,1245
M0554,2024-01,1286,173837.38,1397,1286
M0194,2024-07,199,51579.36,212,199
M0506,2024-07,1489,28029.92,1627,1489
M0587,2024-04,283,15870.80,305,283
M0563,2024-02,1852,443142.76,2009,1852
M0212,2024-05,89,4594.70,99,89
M0152,2024-06,329,120582.49,347,329
M0167,2024-12,783,81682.60,864,783
M0091,2024-09,2047,327853.83,2223,2047
M0145,2024-01,8311,2439335.84,8535,8311
M0192,2024-08,86,14406.96,96,86
M0321,2024-06,518,12300.42,552,518
M0402,2024-08,77,12927.88,82,77
M0308,2024-02,2280,75084.07,2472,2280
M0219,2024-05,817,113275.71,859,817
M0555,2024-09,1602,45875.12,1681,1602
M0031,2024-10,1816,42705.04,1963,1816
M0290,2024-11,1643,220937.59,1788,1643
M0523,2024-06,158,101796.71,175,158
M0282,2024-09,237,93251.21,251,237
M0169,2024-04,148,11683.56,163,148
M0375,2024-08,559,10861.64,599,559
M0328,2024-10,1785,31942.67,1846,1785
M0399,2024-02,147,61392.02,151,147
M0449,2024-10,494,38123.84,517,494
M0219,2024-10,680,93283.44,723,680
M0463,2024-10,229,61125.66,234,229
M0183,2024-08,307,43128.47,313,307
M0367,2024-12,78,4369.05,79,78
M0245,2024-06,201,1944.96,212,201
M0093,2024-08,64,1985.88,68,64
M0591,2024-07,99,19174.78,105,99
M0083,2024-07,502,15178.35,552,502
M0068,2024-05,9222,180089.28,10054,9222
M0104,2024-09,70,6673.40,73,70
M0176,2024-10,802,173669.79,846,802
M0538,2024-07,2019,81228.31,2209,2019
M0448,2024-09,294,45255.60,324,294
M0507,2024-03,1821,600503.23,1963,1821
M0243,2024-06,184,44163.09,187,184
M0027,2024-01,1100,249424.90,1142,1100
M0234,2024-01,259,17180.43,268,259
M0533,2024-10,36,8366.49,37,36
M0197,2024-09,1591,243278.17,1688,1591
M0199,2024-08,10036,99685.79,10497,10036
M0495,2024-03,588,8476.18,632,588
M0571,2024-11,273,107231.55,299,273
M0031,2024-08,2164,54972.43,2229,2164
M0036,2024-10,8223,2526216.23,8679,8223
M0441,2024-05,1544,40499.93,1662,1544
M0309,2024-12,98,3133.32,102,98
M0276,2024-08,260,9956.29,275,260
M0458,2024-08,7991,618108.57,8162,7991
M0134,2024-05,128,14964.73,138,128
M0236,2024-08,998,37449.02,1066,998
M0560,2024-11,178,12845.73,192,178
M0575,2024-07,288,43093.15,300,288
M0462,2024-05,928,221043.40,1002,928
M0468,2024-03,9920,264160.01,10493,9920
M0385,2024-05,1023,114486.94,1043,1023
M0046,2024-11,212,6910.16,234,212
M0587,2024-01,261,15016.19,266,261
M0266,2024-05,739,45383.33,788,739
M0205,2024-09,145,17945.96,148,145
M0404,2024-01,1182,289968.36,1287,1182
M0376,2024-11,2094,95071.69,2305,2094
M0456,2024-08,46,1473.74,50,46
M0010,2024-11,320,15736.92,350,320
M0129,2024-01,246,14735.88,263,246
M0052,2024-07,202,2735.83,206,202
M0576,2024-07,1709,76033.43,1898,1709
M0028,2024-02,286,94851.29,311,286
M0335,2024-01,115,6209.14,121,115
M0577,2024-12,307,58693.64,321,307
M0492,2024-05,327,8316.16,333,327
M0380,2024-05,50,4969.17,52,50
M0587,2024-08,210,11766.21,231,210
M0409,2024-01,184,91304.87,200,184
M0431,2024-06,179,1270.26,189,179
M0063,2024-11,177,33427.70,192,177
M0509,2024-11,350,72151.14,362,350
M0123,2024-05,1281,51860.89,1418,1281
M0221,2024-05,1019,68594.96,1062,1019
M0152,2024-11,242,84396.54,249,242
M0139,2024-09,324,24806.11,351,324
M0014,2024-04,283,38098.59,290,283
M0590,2024-07,281,2723.84,293,281
M0035,2024-08,216,8377.62,221,216
M0355,2024-05,1903,17589.76,2084,1903
M0490,2024-10,388,28790.32,402,388
M0220,2024-07,126,2953.07,139,126
M0047,2024-08,324,64327.50,351,324
M0356,2024-07,1458,656844.89,1527,1458
M0352,2024-09,874,131134.09,943,874
M0338,2024-06,405,98163.13,425,405
M0103,2024-01,8995,2151158.66,9891,8995
M0188,2024-03,1592,28677.77,1722,1592
M0525,2024-02,159,8329.46,163,159
M0570,2024-06,1526,98512.51,1641,1526
M0600,2024-01,170,80067.81,173,170
M0183,2024-04,270,36442.99,293,270
M0367,2024-08,65,3301.55,68,65
M0261,2024-12,92,21646.87,102,92
M0219,2024-01,721,96537.91,798,721
M0109,2024-09,220,11566.32,224,220
M0273,2024-02,178,8809.16,194,178
M0475,2024-12,428,29594.59,458,428
M0040,2024-05,240,102226.41,258,240
M0239,2024-04,278,89857.62,287,278
M0417,2024-09,1774,605750.11,1912,1774
M0043,2024-09,1383,17705.67,1510,1383
M0180,2024-07,2768,505466.31,2813,2768
M0126,2024-08,288,14965.72,306,288
M0155,2024-10,894,105791.43,956,894
M0350,2024-11,574,238149.60,592,574
M0232,2024-11,74,1659.68,76,74
M0383,2024-04,1963,930413.05,2167,1963
M0192,2024-10,66,11691.40,72,66
M0339,2024-11,1425,343869.08,1544,1425
M0364,2024-08,365,58049.57,403,365
M0037,2024-09,2497,1158959.50,2615,2497
M0457,2024-02,1624,161327.01,1687,1624
M0340,2024-07,2810,535624.54,2997,2810
M0509,2024-06,335,68236.41,355,335
M0319,2024-10,792,20717.99,831,792
M0435,2024-05,7976,203207.65,8798,7976
M0531,2024-04,1466,87361.87,1510,1466
M0593,2024-06,1001,39442.18,1031,1001
M0375,2024-05,550,10632.63,604,550
M0279,2024-11,344,35967.11,349,344
M0359,2024-06,196,3690.92,207,196
M0019,2024-06,249,3839.52,267,249
M0362,2024-09,76,3665.77,81,76
M0459,2024-10,80,1548.24,88,80
M0482,2024-12,153,7359.66,161,153
M0166,2024-10,86,2656.74,93,86
M0552,2024-06,184,94667.32,204,184
M0522,2024-06,1125,446146.72,1227,1125
M0271,2024-11,174,61499.01,190,174
M0188,2024-09,1441,28039.25,1563,1441
M0328,2024-11,1734,31534.88,1847,1734
M0565,2024-12,261,42514.72,270,261
M0570,2024-11,2096,141153.56,2250,2096
M0509,2024-04,339,68630.04,348,339
M0599,2024-10,5327,184067.01,5475,5327
M0344,2024-02,146,8494.30,159,146
M0520,2024-05,81,2596.44,86,81
M0126,2024-10,323,16763.54,353,323
M0247,2024-08,7589,2790175.07,7945,7589
M0586,2024-08,95,34064.65,100,95
M0056,2024-01,213,4914.62,232,213
M0492,2024-01,262,7057.41,277,262
M0523,2024-04,127,76850.18,139,127
M0415,2024-01,10605,1295489.71,10983,10605
M0404,2024-02,930,227317.65,1009,930
M0576,2024-08,1651,71719.46,1707,1651
M0531,2024-10,1484,88192.51,1616,1484
M0335,2024-04,110,5931.84,115,110
M0375,2024-07,540,10379.59,595,540
M0334,2024-04,1387,11914.66,1432,1387
M0353,2024-05,114,56080.20,125,114
M0583,2024-03,307,175144.54,322,307
M0008,2024-08,156,45870.07,171,156
M0493,2024-08,249,14167.41,256,249
M0361,2024-02,901,30488.15,985,901
M0280,2024-03,591,236631.54,624,591
M0537,2024-02,1750,44675.41,1830,1750
M0153,2024-07,1731,47996.83,1910,1731
M0011,2024-12,228,4213.21,245,228
M0480,2024-09,1940,917133.30,2112,1940
M0426,2024-05,65,5895.15,66,65
M0219,2024-04,767,105519.27,791,767
M0154,2024-02,237,8772.12,258,237
M0204,2024-06,210,4263.55,218,210
M0001,2024-07,183,94150.25,191,183
M0385,2024-12,1017,125751.13,1035,1017
M0355,2024-10,1413,12592.68,1468,1413
M0393,2024-12,331,9568.24,361,331
M0527,2024-02,372,31904.84,400,372
M0378,2024-11,4778,847912.68,5119,4778
M0263,2024-02,182,29632.91,194,182
M0350,2024-07,801,343187.82,862,801
M0036,2024-12,11724,3993041.43,12405,11724
M0131,2024-09,218,7546.79,223,218
M0127,2024-04,66,1126.98,68,66
M0492,2024-06,282,7283.67,290,282
M0582,2024-06,5069,343219.55,5415,5069
M0149,2024-04,604,300684.95,671,604
M0235,2024-08,1069,75509.42,1092,1069
M0035,2024-11,208,8880.48,224,208
M0513,2024-11,1455,795689.02,1491,1455
M0522,2024-03,1868,765275.34,2011,1868
M0366,2024-01,126,5309.27,131,126
M0001,2024-03,255,129628.37,279,255
M0336,2024-04,267,45023.30,281,267
M0528,2024-12,179,31521.74,183,179
M0530,2024-08,1789,69068.69,1946,1789
M0483,2024-01,109,2639.04,115,109
M0066,2024-08,2574,465284.14,2661,2574
M0194,2024-01,136,35546.83,142,136
M0207,2024-06,148,3026.55,156,148
M0410,2024-06,2096,627347.10,2131,2096
M0485,2024-12,219,7464.49,233,219
M0392,2024-03,1034,329788.12,1137,1034
M0582,2024-01,3393,221786.33,3485,3393
M0178,2024-11,256,61727.85,265,256
M0061,2024-08,57,8610.86,58,57
M0493,2024-03,236,13799.16,256,236
M0249,2024-06,1082,351510.47,1166,1082
M0075,2024-09,3044,102067.44,3380,3044
M0449,2024-01,346,27234.57,368,346
M0351,2024-09,206,74613.21,214,206
M0030,2024-03,176,16224.80,180,176
M0543,2024-02,112,38084.14,117,112
M0140,2024-02,791,103042.25,806,791
M0498,2024-05,116,42095.58,125,116
M0172,2024-06,776,22742.01,820,776
M0519,2024-06,38,19746.56,43,38
M0204,2024-02,229,4778.16,237,229
M0338,2024-09,523,136200.57,566,523
M0237,2024-01,166,9324.22,178,166
M0266,2024-02,682,41471.71,728,682
M0208,2024-11,11741,483460.41,12598,11741
M0457,2024-04,1772,168993.98,1834,1772
M0341,2024-04,1883,138931.90,2017,1883
M0212,2024-11,89,4191.68,98,89
M0565,2024-11,300,55036.54,321,300
M0129,2024-06,269,16841.68,292,269
M0172,2024-10,708,22480.78,725,708
M0591,2024-03,96,18522.03,103,96
M0276,2024-04,229,8476.69,240,229
M0003,2024-11,289,6076.00,315,289
M0318,2024-08,1267,264718.00,1363,1267
M0365,2024-02,161,5289.17,164,161
M0592,2024-02,356,5488.89,392,356
M0367,2024-06,68,3837.38,72,68
M0492,2024-03,281,7801.72,289,281
M0578,2024-08,153,52341.34,161,153
M0091,2024-10,1621,255691.71,1786,1621
M0028,2024-05,299,87485.30,332,299
M0368,2024-03,3967,103497.66,4069,3967
M0537,2024-06,1911,47767.44,2120,1911
M0299,2024-05,1010,66087.69,1052,1010
M0348,2024-04,256,7371.54,263,256
M0040,2024-06,286,129530.10,299,286
M0052,2024-08,240,2838.19,247,240
M0258,2024-05,297,140971.21,302,297
M0280,2024-05,664,278721.38,679,664
M0015,2024-11,322,18139.15,357,322
M0141,2024-11,171,48139.45,185,171
M0567,2024-11,1240,218982.66,1338,1240
M0390,2024-12,666,31838.18,699,666
M0365,2024-09,152,4760.47,160,152
M0342,2024-01,978,34478.86,1065,978
M0079,2024-06,331,112932.11,340,331
M0254,2024-09,504,133486.85,530,504
M0086,2024-12,158,74495.69,163,158
M0228,2024-07,244,119076.74,267,244
M0405,2024-02,208,33917.04,213,208
M0333,2024-03,60,807.02,64,60
M0218,2024-03,130,35862.42,141,130
M0182,2024-01,51,2749.31,53,51
M0536,2024-10,519,87980.25,571,519
M0345,2024-07,1925,42078.07,1968,1925
M0050,2024-10,87,6801.96,92,87
M0027,2024-08,1686,372861.49,1722,1686
M0505,2024-08,175,6796.14,183,175
M0491,2024-09,222,14236.99,243,222
M0050,2024-07,90,6341.33,92,90
M0240,2024-02,1854,118212.91,1892,1854
M0181,2024-07,1893,475276.11,1998,1893
M0549,2024-08,2036,547272.65,2173,2036
M0247,2024-03,5948,2112390.77,6371,5948
M0578,2024-10,138,41203.36,144,138
M0398,2024-11,1271,53493.19,1308,1271
M0504,2024-12,176,25547.90,194,176
M0073,2024-01,67,21962.00,70,67
M0380,2024-07,66,5786.18,68,66
M0404,2024-07,1662,419544.13,1802,1662
M0150,2024-04,10973,790195.76,11483,10973
M0510,2024-08,8900,150706.66,9590,8900
M0323,2024-10,421,90601.09,438,421
M0130,2024-09,163,4939.87,170,163
M0285,2024-01,248,4621.00,258,248
M0374,2024-04,145,9088.86,149,145
M0084,2024-06,360,180131.88,384,360
M0175,2024-10,1451,25023.66,1483,1451
M0540,2024-12,129,37776.29,135,129
M0131,2024-07,188,6258.14,207,188
M0461,2024-11,2086,1202268.06,2125,2086
M0076,2024-11,2428,60970.38,2549,2428
M0203,2024-10,287,8760.82,298,287
M0145,2024-10,9526,3172648.71,10154,9526
M0491,2024-05,235,15998.01,239,235
M0161,2024-04,821,170195.47,849,821
M0592,2024-01,336,5269.28,349,336
M0236,2024-05,766,26488.63,834,766
M0517,2024-01,238,6197.61,250,238
M0556,2024-05,209,73235.31,228,209
M0401,2024-12,340,172979.30,367,340
M0160,2024-09,1400,66773.83,1532,1400
M0550,2024-09,263,76611.10,269,263
M0581,2024-02,873,31052.22,889,873
M0540,2024-11,90,25316.55,98,90
M0469,2024-09,81,1933.03,83,81
M0530,2024-12,2683,117523.53,2818,2683
M0224,2024-09,1480,23765.10,1632,1480
M0520,2024-10,91,2602.98,95,91
M0053,2024-08,2235,308526.21,2301,2235
M0465,2024-03,915,33705.29,938,915
M0116,2024-11,49,13857.18,53,49
M0133,2024-07,39,2218.38,42,39
M0572,2024-07,1402,49803.49,1465,1402
M0532,2024-10,3931,203451.68,4142,3931
M0438,2024-10,194,82733.18,204,194
M0316,2024-03,397,21625.55,430,397
M0328,2024-01,1649,29349.56,1710,1649
M0393,2024-10,284,8806.13,306,284
M0378,2024-04,1491,263802.96,1545,1491
M0490,2024-06,377,26384.09,408,377
M0248,2024-11,179,7218.54,189,179
M0578,2024-02,113,32818.99,119,113
M0033,2024-12,169,8874.56,175,169
M0453,2024-06,871,41178.54,902,871
M0172,2024-04,840,25402.85,918,840
M0056,2024-11,252,6232.62,268,252
M0110,2024-01,259,71321.61,278,259
M0326,2024-11,366,8045.75,392,366
M0126,2024-12,435,23041.86,466,435
M0232,2024-07,58,1419.26,62,58
M0158,2024-07,1503,40363.27,1567,1503
M0502,2024-08,1284,350377.28,1339,1284
M0219,2024-07,993,136892.05,1070,993
M0099,2024-06,9166,718788.38,9559,9166
M0380,2024-09,50,4586.33,53,50
M0244,2024-06,1790,14933.38,1902,1790
M0403,2024-08,283,99118.25,289,283
M0204,2024-05,211,4008.42,217,211
M0313,2024-05,6549,499121.07,7277,6549
M0149,2024-11,572,297589.47,582,572
M0180,2024-10,1679,317904.72,1809,1679
M0397,2024-07,240,84835.43,253,240
M0356,2024-08,2474,1248113.78,2550,2474
M0476,2024-01,133,24469.18,139,133
M0135,2024-04,172,3661.77,189,172
M0205,2024-04,148,18588.53,154,148
M0406,2024-06,164,2901.08,174,164
M0152,2024-08,320,118886.26,352,320
M0309,2024-06,102,3251.57,112,102
M0571,2024-05,308,124307.73,338,308
M0373,2024-11,808,47291.90,876,808
M0239,2024-02,216,74616.82,229,216
M0276,2024-07,228,8468.57,243,228
M0055,2024-10,3823,80675.04,4240,3823
M0397,2024-10,167,63576.97,179,167
M0590,2024-02,245,2645.86,261,245
M0480,2024-10,1677,831398.26,1831,1677
M0588,2024-11,306,53144.34,323,306
M0416,2024-11,7837,1352037.32,8465,7837
M0572,2024-04,1766,62426.45,1837,1766
M0364,2024-07,348,54832.33,372,348
M0178,2024-08,361,95288.84,369,361
M0056,2024-09,258,5869.73,274,258
M0507,2024-05,2001,734763.09,2208,2001
M0159,2024-09,1918,64622.60,2004,1918
M0171,2024-02,114,2126.22,117,114
M0069,2024-01,1831,351399.70,1933,1831
M0146,2024-03,1100,402357.87,1190,1100
M0445,2024-07,46,2873.20,49,46
M0132,2024-08,155,6688.02,168,155
M0585,2024-07,2024,60141.93,2141,2024
M0379,2024-09,9624,2462504.22,10307,9624
M0306,2024-08,127,32011.42,139,127
M0177,2024-12,325,6450.49,354,325
M0149,2024-07,700,380498.01,758,700
M0488,2024-07,4717,399178.23,5023,4717
M0250,2024-07,158,30467.58,164,158
M0015,2024-12,360,20703.98,386,360
M0073,2024-07,107,34891.55,112,107
M0571,2024-10,248,101903.76,270,248
M0430,2024-05,228,53427.04,250,228
M0178,2024-05,251,58718.57,261,251
M0332,2024-05,196,10920.83,208,196
M0423,2024-09,4501,2292808.72,4574,4501
M0534,2024-04,1054,51630.61,1120,1054
M0203,2024-02,253,7154.29,265,253
M0556,2024-02,186,67464.23,196,186
M0327,2024-07,81,51250.73,85,81
M0238,2024-05,149,4000.74,158,149
M0486,2024-03,129,55231.32,141,129
M0053,2024-11,1847,253870.59,1899,1847
M0525,2024-08,158,8313.69,164,158
M0484,2024-10,7775,204878.56,8372,7775
M0541,2024-07,714,66858.64,765,714
M0051,2024-12,449,22171.05,476,449
M0369,2024-02,213,12845.52,222,213
M0564,2024-08,197,9497.46,212,197
M0197,2024-10,1459,223005.59,1531,1459
M0204,2024-03,203,3912.71,218,203
M0180,2024-12,2557,514467.52,2782,2557
M0517,2024-09,238,6288.43,254,238
M0593,2024-04,967,34535.97,994,967
M0127,2024-02,71,1190.11,76,71
M0255,2024-12,209,14759.67,214,209
M0366,2024-02,123,5208.20,136,123
M0505,2024-10,174,6413.38,184,174
M0529,2024-10,1835,67660.99,1865,1835
M0503,2024-05,204,2934.33,220,204
M0496,2024-07,160,13747.03,176,160
M0532,2024-08,2974,142921.46,3263,2974
M0066,2024-10,1912,326616.55,2025,1912
M0430,2024-12,205,46591.87,219,205
M0067,2024-02,187,13289.21,207,187
M0092,2024-04,219,8796.35,238,219
M0141,2024-07,240,69502.76,252,240
M0029,2024-03,394,8397.49,409,394
M0390,2024-09,682,32365.92,702,682
M0220,2024-04,182,4332.03,198,182
M0368,2024-07,4469,109789.65,4894,4469
M0211,2024-02,53,15868.71,55,53
M0302,2024-01,43,2377.26,46,43
M0496,2024-02,174,15326.58,184,174
M0552,2024-03,237,116854.17,260,237
M0063,2024-06,210,43881.28,215,210
M0496,2024-03,167,14559.91,185,167
M0057,2024-02,107,45036.47,113,107
M0447,2024-05,173,4119.95,183,173
M0311,2024-02,1683,33028.18,1745,1683
M0580,2024-02,232,9001.87,255,232
M0352,2024-03,707,109730.79,720,707
M0084,2024-09,561,291803.80,598,561
M0187,2024-04,241,33802.91,245,241
M0580,2024-04,249,9790.28,259,249
M0293,2024-08,1803,219237.49,1915,1803
M0287,2024-12,239,5989.85,256,239
M0164,2024-01,47,21280.11,51,47
M0395,2024-05,9079,1062629.85,9321,9079
M0071,2024-05,922,11008.14,939,922
M0140,2024-08,902,117993.39,960,902
M0573,2024-11,68,4270.89,75,68
M0186,2024-04,236,35132.63,255,236
M0328,2024-08,1484,26059.40,1524,1484
M0245,2024-03,195,1891.75,214,195
M0258,2024-02,241,100413.86,265,241
M0030,2024-07,194,19033.00,213,194
M0213,2024-09,164,17863.70,179,164
M0020,2024-02,1929,122902.73,2008,1929
M0245,2024-10,191,1962.95,207,191
M0156,2024-12,264,3814.19,270,264
M0512,2024-03,7032,605092.55,7687,7032
M0111,2024-03,175,41941.59,188,175
M0383,2024-03,1331,673446.52,1464,1331
M0178,2024-01,246,61137.95,272,246
M0066,2024-12,1474,223275.47,1552,1474
M0522,2024-11,2082,867242.21,2300,2082
M0516,2024-01,212,4094.07,221,212
M0335,2024-10,120,5972.82,128,120
M0129,2024-10,309,17958.40,326,309
M0192,2024-04,56,10021.36,62,56
M0233,2024-05,1147,80043.31,1172,1147
M0196,2024-03,133,58351.54,135,133
M0558,2024-11,369,23631.84,400,369
M0102,2024-07,206,9911.54,216,206
M0134,2024-09,123,14524.10,131,123
M0001,2024-04,316,171038.37,331,316
M0439,2024-12,134,68282.26,140,134
M0212,2024-04,86,4258.95,88,86
M0330,2024-05,164,5782.42,175,164
M0181,2024-03,1443,386831.46,1573,1443
M0362,2024-03,62,3155.01,65,62
M0141,2024-09,178,49298.22,191,178
M0014,2024-02,247,30174.17,262,247
M0440,2024-12,95,18839.33,99,95
M0559,2024-08,1432,34484.41,1475,1432
M0065,2024-10,142,6480.37,148,142
M0264,2024-10,262,15025.91,283,262
M0382,2024-11,3328,884357.04,3664,3328
M0249,2024-09,915,298481.63,990,915
M0278,2024-10,40,24894.50,44,40
M0502,2024-01,936,239500.87,966,936
M0036,2024-05,9003,2990901.60,9915,9003
M0395,2024-10,8423,864265.71,8840,8423
M0071,2024-04,1043,11988.85,1088,1043
M0440,2024-02,111,21975.53,116,111
M0151,2024-11,145,51262.43,154,145
M0222,2024-02,83,2259.22,86,83
M0339,2024-10,1526,346748.69,1621,1526
M0442,2024-06,5294,1125482.33,5764,5294
M0451,2024-10,440,26271.91,473,440
M0132,2024-04,125,5401.43,132,125
M0035,2024-04,221,8817.75,234,221
M0018,2024-06,39,10680.19,40,39
M0280,2024-09,676,266933.19,716,676
M0188,2024-05,1382,26081.69,1525,1382
M0360,2024-03,2085,725043.29,2221,2085
M0381,2024-11,101,6247.80,112,101
M0561,2024-01,200,11632.13,210,200
M0099,2024-08,9612,718216.25,10383,9612
M0473,2024-01,105,56465.28,111,105
M0549,2024-09,2018,480210.40,2147,2018
M0174,2024-06,212,33855.93,234,212
M0353,2024-10,129,63169.34,133,129
M0401,2024-08,294,146363.58,325,294
M0441,2024-02,1438,34199.48,1536,1438
M0513,2024-03,1273,779326.79,1393,1273
M0596,2024-01,261,84310.90,267,261
M0261,2024-10,72,15655.89,78,72
M0377,2024-06,354,160485.40,387,354
M0213,2024-06,225,22641.37,236,225
M0069,2024-02,1635,339081.88,1737,1635
M0360,2024-12,2333,838867.94,2550,2333
M0383,2024-02,1356,667028.46,1408,1356
M0541,2024-05,588,56069.56,616,588
M0334,2024-08,1370,11383.22,1472,1370
M0200,2024-01,197,10784.65,208,197
M0249,2024-05,832,246768.77,850,832
M0229,2024-03,307,23871.94,333,307
M0506,2024-10,1408,24268.01,1492,1408
M0214,2024-08,10441,668421.97,11134,10441
M0421,2024-08,707,10882.31,735,707
M0135,2024-12,242,4897.69,256,242
M0165,2024-08,998,49353.46,1087,998
M0553,2024-07,75,30505.07,82,75
M0065,2024-01,186,9186.53,200,186
M0234,2024-06,290,18702.07,301,290
M0256,2024-11,157,49728.90,173,157
M0323,2024-02,370,71024.07,375,370
M0302,2024-12,48,2927.07,53,48
M0512,2024-02,6076,496783.21,6426,6076
M0268,2024-10,656,57883.07,706,656
M0402,2024-03,67,11127.20,71,67
M0059,2024-05,127,20376.61,129,127
M0023,2024-03,84,1961.82,92,84
M0203,2024-11,254,7538.20,266,254
M0393,2024-08,274,7995.19,298,274
M0066,2024-01,2000,347552.44,2194,2000
M0348,2024-11,360,12918.18,400,360
M0442,2024-08,5125,1029017.72,5594,5125
M0396,2024-11,10544,1065367.16,11229,10544
M0580,2024-07,268,11093.39,276,268
M0367,2024-05,72,3914.77,76,72
M0142,2024-06,1238,73056.34,1333,1238
M0559,2024-03,1441,40653.04,1555,1441
M0502,2024-11,974,240560.38,1013,974
M0479,2024-01,716,12449.14,792,716
M0263,2024-01,191,30979.03,201,191
M0051,2024-01,209,9333.66,227,209
M0427,2024-06,101,2333.56,110,101
M0214,2024-04,9733,577359.82,10768,9733
M0452,2024-02,95,4534.32,101,95
M0161,2024-02,749,153891.02,780,749
M0479,2024-07,746,11955.21,814,746
M0310,2024-11,254,11431.16,259,254
M0128,2024-10,259,144239.08,265,259
M0471,2024-01,224,6418.98,230,224
M0524,2024-03,240,71200.50,257,240
M0175,2024-12,1428,27151.52,1456,1428
M0466,2024-01,1034,249485.59,1140,1034
M0192,2024-07,95,16800.03,99,95
M0146,2024-08,1228,426629.15,1357,1228
M0571,2024-03,256,110587.35,277,256
M0555,2024-04,1649,45262.50,1714,1649
M0070,2024-09,2989,62786.62,3195,2989
M0505,2024-03,168,5848.52,172,168
M0263,2024-05,210,33320.84,214,210
M0002,2024-03,1007,165181.08,1109,1007
M0104,2024-05,81,7700.14,88,81
M0521,2024-01,1517,59558.55,1666,1517
M0598,2024-12,1477,100182.75,1519,1477
M0083,2024-12,516,15502.53,569,516
M0198,2024-10,391,14609.42,430,391
M0495,2024-08,601,9031.27,658,601
M0067,2024-06,247,16268.24,254,247
M0353,2024-12,115,56891.14,118,115
M0364,2024-12,336,50630.35,349,336
M0152,2024-09,273,98735.92,285,273
M0336,2024-09,270,46019.37,277,270
M0520,2024-11,88,2760.55,92,88
M0049,2024-05,273,139559.59,280,273
M0260,2024-11,194,39823.20,210,194
M0184,2024-10,187,50595.78,190,187
M0471,2024-06,265,7806.68,293,265
M0414,2024-07,139,1321.36,146,139
M0208,2024-12,10935,436761.80,11711,10935
M0525,2024-03,150,7754.43,161,150
M0170,2024-05,75,4495.70,81,75
M0395,2024-03,7612,823530.82,8129,7612
M0256,2024-08,207,56814.47,222,207
M0356,2024-09,2167,1010694.85,2373,2167
M0381,2024-04,83,5279.16,91,83
M0545,2024-03,128,2372.98,133,128
M0252,2024-05,1830,434496.34,1951,1830
M0075,2024-07,1003,33686.66,1076,1003
M0187,2024-09,295,39504.47,322,295
M0408,2024-06,243,7573.89,254,243
M0484,2024-11,8401,238740.23,8720,8401
M0374,2024-08,177,13223.89,187,177
M0150,2024-08,10564,784766.18,10897,10564
M0125,2024-01,222,9415.19,237,222
M0111,2024-10,148,38916.63,156,148
M0185,2024-01,552,31475.99,611,552
M0218,2024-04,143,35988.68,154,143
M0551,2024-03,264,31242.22,270,264
M0317,2024-01,387,59527.77,404,387
M0076,2024-06,1745,42792.75,1816,1745
M0464,2024-12,2010,39750.75,2187,2010
M0127,2024-05,63,1040.71,67,63
M0421,2024-01,770,12249.95,806,770
M0048,2024-09,106,30876.91,109,106
M0241,2024-03,251,17912.14,275,251
M0491,2024-12,291,19641.12,318,291
M0170,2024-02,72,4376.86,73,72
M0156,2024-03,273,3912.18,287,273
M0170,2024-04,70,4067.48,73,70
M0095,2024-01,1049,67247.49,1132,1049
M0588,2024-05,284,58239.76,295,284
M0387,2024-01,1811,45278.07,1982,1811
M0127,2024-06,82,1339.16,88,82
M0146,2024-07,728,262938.04,748,728
M0542,2024-06,990,93376.55,1022,990
M0344,2024-03,144,9714.29,149,144
M0555,2024-03,1769,45240.43,1914,1769
M0529,2024-02,2075,76054.19,2175,2075
M0044,2024-01,1261,12988.54,1378,1261
M0468,2024-02,9134,225180.73,9598,9134
M0520,2024-09,85,2708.76,90,85
M0179,2024-04,4679,221695.03,5054,4679
M0045,2024-05,153,9266.96,165,153
M0047,2024-10,269,45349.87,283,269
M0336,2024-07,306,54155.39,336,306
M0173,2024-07,86,1070.56,95,86
M0356,2024-01,1980,944746.15,2120,1980
M0459,2024-02,96,1782.71,105,96
M0474,2024-06,262,3816.30,273,262
M0322,2024-07,60,5014.81,63,60
M0227,2024-01,549,253670.09,566,549
M0382,2024-03,3710,1052431.40,4030,3710
M0199,2024-06,8583,92493.27,9445,8583
M0459,2024-06,76,1442.56,80,76
M0517,2024-12,253,6571.37,276,253
M0543,2024-04,125,46744.92,132,125
M0184,2024-04,190,52610.90,205,190
M0043,2024-11,1595,19610.28,1749,1595
M0210,2024-02,216,16540.58,236,216
M0281,2024-08,518,11540.75,571,518
M0287,2024-06,264,5986.81,293,264
M0582,2024-07,5277,375326.80,5659,5277
M0015,2024-05,223,13304.57,243,223
M0221,2024-09,890,61254.42,959,890
M0246,2024-12,355,185367.10,385,355
M0470,2024-06,602,91030.09,627,602
M0361,2024-06,821,28046.23,868,821
M0306,2024-10,116,29731.30,124,116
M0046,2024-03,134,4465.60,142,134
M0101,2024-03,1543,52746.51,1670,1543
M0592,2024-12,398,6245.74,424,398
M0349,2024-01,763,49866.08,820,763
M0143,2024-03,3342,1633772.62,3566,3342
M0037,2024-07,1208,591874.48,1321,1208
M0355,2024-06,1623,14798.03,1689,1623
M0040,2024-12,312,139024.26,328,312
M0544,2024-08,5346,1610998.58,5729,5346
M0405,2024-12,258,41416.71,274,258
M0464,2024-07,1971,44446.94,2060,1971
M0300,2024-12,12874,310459.27,13433,12874
M0067,2024-11,316,19620.80,336,316
M0309,2024-11,97,3161.53,102,97
M0274,2024-07,1437,44643.14,1550,1437
M0521,2024-05,1404,57667.73,1543,1404
M0422,2024-05,267,28263.33,272,267
M0593,2024-01,984,35992.75,1028,984
M0061,2024-03,76,11387.14,82,76
M0271,2024-10,213,77329.27,232,213
M0217,2024-05,1233,345510.02,1306,1233
M0545,2024-01,117,2129.14,123,117
M0301,2024-11,135,42738.13,150,135
M0339,2024-09,2166,528021.57,2400,2166
M0146,2024-04,1053,361116.33,1112,1053
M0301,2024-09,161,58976.31,171,161
M0513,2024-06,1538,792409.24,1665,1538
M0057,2024-05,113,52365.96,117,113
M0299,2024-12,1603,93361.61,1674,1603
M0571,2024-01,246,111909.98,262,246
M0309,2024-05,100,3083.27,107,100
M0211,2024-11,56,16590.77,59,56
M0401,2024-09,278,142468.66,300,278
M0231,2024-12,894,123223.33,919,894
M0022,2024-06,7470,298500.34,7968,7470
M0034,2024-02,6129,47785.57,6372,6129
M0252,2024-02,1688,371118.40,1853,1688
M0420,2024-09,1671,21119.66,1792,1671
M0042,2024-07,660,65877.29,699,660
M0292,2024-12,2867,208337.62,3011,2867
M0557,2024-10,362,16218.31,371,362
M0138,2024-04,166,74555.12,182,166
M0003,2024-07,222,4402.78,246,222
M0024,2024-01,143,39628.19,148,143
M0372,2024-03,51,1660.34,57,51
M0090,2024-07,3909,105163.97,4218,3909
M0401,2024-03,252,127471.07,266,252
M0005,2024-05,137,4613.84,139,137
M0487,2024-07,12599,207832.51,13751,12599
M0444,2024-11,316,28643.91,333,316
M0600,2024-11,174,82085.84,192,174
M0379,2024-02,6767,1632605.36,7232,6767
M0227,2024-10,583,277986.24,598,583
M0496,2024-01,166,14354.26,175,166
M0466,2024-08,1515,369195.67,1606,1515
M0120,2024-08,1420,90493.58,1482,1420
M0484,2024-03,6361,182495.74,6760,6361
M0539,2024-10,2482,100859.25,2523,2482
M0462,2024-04,1071,245499.56,1186,1071
M0288,2024-02,379,117462.84,411,379
M0258,2024-09,289,129837.80,295,289
M0494,2024-12,229,1797.21,253,229
M0440,2024-05,101,21553.56,107,101
M0076,2024-02,1296,29149.32,1396,1296
M0592,2024-11,309,5299.73,341,309
M0321,2024-09,460,10625.50,492,460
M0168,2024-08,848,19000.18,918,848
M0163,2024-12,2188,459750.11,2426,2188
M0345,2024-10,1833,44144.45,1863,1833
M0428,2024-12,105,31259.05,108,105
M0157,2024-10,1016,46535.02,1061,1016
M0265,2024-12,397,8638.23,418,397
M0439,2024-05,113,53957.89,120,113
M0203,2024-05,309,9213.23,316,309
M0425,2024-08,2023,293709.78,2067,2023
M0127,2024-08,76,1282.85,78,76
M0442,2024-02,3482,688016.69,3771,3482
M0443,2024-01,224,130832.78,232,224
M0032,2024-06,608,19192.42,666,608
M0473,2024-07,149,72260.46,163,149
M0037,2024-08,1987,1029772.22,2090,1987
M0149,2024-09,563,256315.29,608,563
M0579,2024-07,10563,391425.42,10863,10563
M0377,2024-10,258,119018.48,281,258
M0246,2024-03,237,142436.90,254,237
M0330,2024-01,159,5390.61,168,159
M0275,2024-06,10364,4087695.37,11344,10364
M0454,2024-07,201,1165.90,219,201
M0236,2024-09,833,26097.35,881,833
M0316,2024-02,350,16630.55,381,350
M0025,2024-07,332,56761.88,360,332
M0479,2024-10,637,10330.98,657,637
M0338,2024-05,445,107581.58,478,445
M0283,2024-11,852,57265.63,941,852
M0348,2024-09,233,8456.35,249,233
M0352,2024-01,585,100267.46,606,585
M0259,2024-07,265,100747.17,283,265
M0444,2024-09,360,38837.31,370,360
M0225,2024-08,1931,165514.87,2000,1931
M0335,2024-12,131,6957.04,144,131
M0227,2024-09,625,290467.90,641,625
M0548,2024-09,114,8210.85,117,114
M0504,2024-06,186,26410.55,189,186
M0011,2024-03,256,4560.27,268,256
M0213,2024-01,144,16919.06,153,144
M0386,2024-02,104,1174.11,112,104
M0012,2024-05,253,20241.09,258,253
M0104,2024-02,79,8342.40,82,79
M0098,2024-02,262,16242.39,267,262
M0295,2024-01,1872,25349.33,1973,1872
M0586,2024-04,73,25390.84,80,73
M0387,2024-11,2625,69698.51,2712,2625
M0436,2024-07,84,34848.98,90,84
M0476,2024-06,149,27170.53,155,149
M0507,2024-11,1841,638386.80,1893,1841
M0512,2024-12,12810,942435.84,14039,12810
M0203,2024-01,270,8725.54,297,270
M0274,2024-03,1355,47041.91,1403,1355
M0434,2024-09,51,256.43,55,51
M0191,2024-07,250,7965.78,276,250
M0265,2024-10,262,6774.40,269,262
M0202,2024-11,308,7306.88,328,308
M0171,2024-08,165,3500.18,182,165
M0505,2024-11,178,7027.10,190,178
M0105,2024-03,84,1206.76,91,84
M0423,2024-05,3938,2141164.08,4235,3938
M0072,2024-08,405,39927.31,433,405
M0460,2024-10,793,47286.99,867,793
M0293,2024-06,2079,253262.56,2280,2079
M0506,2024-06,1406,26143.73,1503,1406
M0072,2024-07,372,38100.71,386,372
M0129,2024-09,301,15746.12,312,301
M0288,2024-07,367,125235.41,403,367
M0195,2024-10,274,61243.07,289,274
M0595,2024-01,576,35162.87,586,576
M0136,2024-07,1898,150585.37,1930,1898
M0208,2024-07,11119,454899.60,11299,11119
M0594,2024-09,128,3373.90,133,128
M0079,2024-05,221,71776.65,233,221
M0152,2024-05,246,78347.24,262,246
M0007,2024-11,293,52919.39,303,293
M0216,2024-04,205,13815.21,218,205
M0374,2024-12,151,10733.22,158,151
M0168,2024-07,918,18195.79,1006,918
M0335,2024-11,121,5942.42,128,121
M0451,2024-08,578,32716.99,591,578
M0114,2024-04,84,1967.60,92,84
M0084,2024-12,421,198974.14,436,421
M0035,2024-09,235,10135.36,244,235
M0452,2024-06,82,3857.27,86,82
M0514,2024-03,72,3210.85,73,72
M0085,2024-09,244,10172.10,257,244
M0448,2024-06,192,30673.20,200,192
M0234,2024-04,263,16443.63,289,263
M0541,2024-09,707,72207.84,770,707
M0539,2024-07,2011,82171.88,2059,2011
M0010,2024-04,253,12654.74,280,253
M0501,2024-12,73,15614.44,79,73
M0418,2024-12,771,21388.28,825,771
M0594,2024-10,106,3041.39,115,106
M0470,2024-04,494,76027.59,524,494
M0278,2024-11,50,31331.56,53,50
M0516,2024-07,214,3907.44,222,214
M0237,2024-10,180,12219.19,199,180
M0021,2024-01,3073,90634.95,3388,3073
M0311,2024-11,1815,34958.05,1939,1815
M0299,2024-03,911,58907.14,933,911
M0573,2024-07,61,3989.30,65,61
M0333,2024-04,65,949.36,70,65
M0196,2024-01,110,47259.32,118,110
M0309,2024-04,106,3070.59,108,106
M0255,2024-07,204,15655.16,211,204
M0561,2024-06,188,10868.50,197,188
M0551,2024-07,268,32130.02,297,268
M0447,2024-04,183,4108.57,203,183
M0141,2024-10,174,48761.87,176,174
M0191,2024-05,225,6716.55,236,225
M0034,2024-04,7225,57257.65,7786,7225
M0264,2024-12,266,13166.13,279,266
M0553,2024-04,102,49301.75,110,102
M0464,2024-06,2082,44983.00,2160,2082
M0153,2024-10,2090,65199.24,2247,2090
M0388,2024-07,126,4024.42,135,126
M0142,2024-09,1371,81964.16,1481,1371
M0334,2024-10,1412,11849.29,1541,1412
M0184,2024-08,245,67741.61,255,245
M0091,2024-04,1822,284135.26,1910,1822
M0536,2024-02,441,73750.64,457,441
M0211,2024-06,36,9827.76,40,36
M0017,2024-07,121,17108.32,130,121
M0228,2024-12,170,84541.44,178,170
M0205,2024-08,224,28968.78,244,224
M0566,2024-12,1986,91688.81,2193,1986
M0360,2024-04,1959,713205.62,2137,1959
M0063,2024-05,187,36983.95,208,187
M0584,2024-08,268,82510.21,276,268
M0253,2024-04,873,26243.94,891,873
M0183,2024-05,253,34871.29,271,253
M0512,2024-08,7666,633472.95,7826,7666
M0272,2024-04,211,42719.34,221,211
M0247,2024-07,8500,2921260.05,9310,8500
M0476,2024-03,138,26363.06,150,138
M0064,2024-04,1892,527216.32,1933,1892
M0424,2024-08,560,158440.44,613,560
M0591,2024-06,94,18694.16,96,94
M0196,2024-11,122,48571.70,125,122
M0143,2024-11,3246,1617734.49,3521,3246
M0192,2024-06,84,14445.22,90,84
M0366,2024-03,127,5901.76,130,127
M0565,2024-05,295,47932.19,300,295
M0600,2024-07,130,58612.47,141,130
M0567,2024-05,1104,217922.70,1198,1104
M0296,2024-01,182,68687.07,189,182
M0575,2024-09,217,36764.26,234,217
M0251,2024-07,256,5771.52,276,256
M0349,2024-09,714,51197.02,746,714
M0418,2024-03,805,20536.06,854,805
M0254,2024-02,464,139357.31,508,464
M0407,2024-07,329,95430.27,352,329
M0456,2024-10,46,1572.86,48,46
M0129,2024-02,243,13263.91,262,243
M0168,2024-12,1023,19711.11,1042,1023
M0437,2024-05,90,23655.90,91,90
M0363,2024-03,243,19670.37,250,243
M0049,2024-10,874,433792.20,894,874
M0447,2024-12,188,4315.88,205,188
M0041,2024-09,1677,48261.75,1805,1677
M0465,2024-06,804,28828.56,885,804
M0147,2024-08,215,1289.88,222,215
M0397,2024-04,180,61934.97,197,180
M0118,2024-07,511,29680.24,542,511
M0493,2024-04,198,12176.01,208,198
M0090,2024-11,4401,116683.08,4617,4401
M0091,2024-07,2658,444699.52,2865,2658
M0428,2024-07,72,23395.62,75,72
M0280,2024-01,590,232768.78,632,590
M0025,2024-06,329,55168.91,341,329
M0384,2024-05,250,6668.59,273,250
M0543,2024-09,137,45246.57,139,137
M0596,2024-06,366,125317.79,384,366
M0181,2024-05,1593,415552.55,1636,1593
M0378,2024-07,1641,283738.45,1738,1641
M0037,2024-12,1326,659161.23,1382,1326
M0090,2024-02,4132,102101.10,4271,4132
M0571,2024-08,364,149771.86,382,364
M0386,2024-03,114,1201.60,125,114
M0276,2024-10,256,10285.25,265,256
M0018,2024-03,54,14868.28,56,54
M0120,2024-12,1627,94010.71,1754,1627
M0346,2024-10,84,1091.04,92,84
M0334,2024-03,1406,10585.37,1504,1406
M0303,2024-12,250,4499.61,256,250
M0285,2024-07,253,4482.56,277,253
M0201,2024-06,210,66439.55,214,210
M0497,2024-05,424,16349.46,460,424
M0057,2024-11,141,59242.52,153,141
M0112,2024-01,200,4742.09,205,200
M0535,2024-06,1482,44049.69,1572,1482
M0296,2024-11,179,67336.82,186,179
M0551,2024-08,268,31585.90,297,268
M0255,2024-09,181,13774.52,192,181
M0228,2024-08,212,103544.92,224,212
M0566,2024-09,1221,61110.82,1326,1221
M0354,2024-02,342,18997.57,365,342
M0335,2024-08,124,6048.87,135,124
M0384,2024-09,292,7890.83,299,292
M0247,2024-02,4707,1616467.03,4960,4707
M0085,2024-08,240,10126.80,252,240
M0305,2024-05,81,4184.69,86,81
M0325,2024-01,1497,975855.07,1520,1497
M0224,2024-03,1344,20307.63,1369,1344
M0269,2024-04,988,448859.81,1005,988
M0106,2024-03,4020,134074.28,4421,4020
M0559,2024-10,1652,38933.41,1794,1652
M0125,2024-11,219,8471.76,225,219
M0247,2024-05,6505,2374619.41,6753,6505
M0517,2024-10,217,4976.91,224,217
M0591,2024-12,110,20431.09,118,110
M0444,2024-02,244,21534.64,267,244
M0074,2024-09,302,169527.09,326,302
M0256,2024-02,113,33791.16,122,113
M0353,2024-11,129,69345.89,140,129
M0225,2024-07,1847,145968.95,2029,1847
M0258,2024-12,409,198082.55,448,409
M0549,2024-05,1915,462076.22,2117,1915
M0239,2024-05,237,86209.79,250,237
M0341,2024-10,2409,180085.47,2461,2409
M0272,2024-08,249,56065.33,275,249
M0078,2024-10,11935,415712.52,12681,11935
M0304,2024-11,146,1929.38,154,146
M0179,2024-05,3413,157583.86,3751,3413
M0568,2024-03,282,14073.42,304,282
M0060,2024-05,88,3837.21,93,88
M0012,2024-04,279,21590.17,301,279
M0368,2024-02,4540,113906.09,5040,4540
M0405,2024-06,318,51974.85,331,318
M0316,2024-07,523,25956.17,559,523
M0339,2024-08,2053,545448.70,2127,2053
M0223,2024-12,148,6297.47,160,148
M0449,2024-03,397,30221.73,404,397
M0471,2024-12,434,12516.00,466,434
M0399,2024-08,224,79955.73,234,224
M0014,2024-01,212,26875.45,221,212
M0281,2024-05,150,3735.85,160,150
M0116,2024-05,55,13061.09,58,55
M0505,2024-04,176,6287.15,184,176
M0427,2024-08,111,2405.76,116,111
M0481,2024-03,1178,539173.01,1284,1178
M0324,2024-01,5985,2092763.69,6206,5985
M0082,2024-07,133,3236.42,137,133
M0275,2024-01,9207,3813471.77,9897,9207
M0111,2024-07,260,71414.96,286,260
M0095,2024-11,1907,144256.90,1944,1907
M0468,2024-01,10208,262681.62,11335,10208
M0542,2024-10,1004,101574.27,1085,1004
M0463,2024-06,296,74416.81,312,296
M0374,2024-07,157,10467.19,173,157
M0579,2024-06,11337,433552.01,12023,11337
M0177,2024-02,302,6938.64,310,302
M0517,2024-02,255,6314.20,262,255
M0025,2024-05,269,42482.40,278,269
M0021,2024-07,3002,89832.82,3097,3002
M0167,2024-02,770,94167.01,831,770
M0217,2024-06,891,248411.79,930,891
M0315,2024-01,162,3084.50,174,162
M0220,2024-05,162,3560.34,166,162
M0172,2024-09,750,22007.01,773,750
M0591,2024-10,101,18677.02,105,101
M0583,2024-09,319,202317.95,349,319
M0392,2024-02,1056,368785.95,1173,1056
M0227,2024-12,744,343180.68,783,744
M0060,2024-06,87,3871.85,91,87
M0402,2024-01,73,12513.63,81,73
M0302,2024-07,48,2683.66,49,48
M0288,2024-09,600,207491.77,643,600
M0513,2024-10,1120,633248.10,1202,1120
M0293,2024-01,1687,212815.49,1780,1687
M0285,2024-02,227,4232.57,236,227
M0296,2024-02,189,67377.88,199,189
M0376,2024-05,1516,68401.41,1560,1516
M0092,2024-09,219,9046.70,240,219
M0172,2024-11,940,28384.78,1030,940
M0277,2024-09,747,50998.53,805,747
M0259,2024-10,221,84471.18,236,221
M0224,2024-01,1450,21078.46,1498,1450
M0175,2024-03,1560,26002.45,1609,1560
M0567,2024-02,1128,187676.15,1250,1128
M0112,2024-05,208,4517.15,216,208
M0486,2024-06,88,39241.30,90,88
M0429,2024-06,47,5193.39,49,47
M0500,2024-04,824,97358.66,852,824
M0144,2024-03,155,55964.49,164,155
M0330,2024-08,160,5663.68,163,160
M0172,2024-05,898,28082.10,919,898
M0255,2024-11,196,13815.22,209,196
M0532,2024-12,3281,159740.89,3569,3281
M0233,2024-06,1206,83776.69,1274,1206
M0073,2024-05,83,29612.29,85,83
M0358,2024-05,194,29903.03,208,194
M0201,2024-02,143,48151.68,153,143
M0577,2024-06,314,59623.96,344,314
M0394,2024-11,188,31830.64,197,188
M0379,2024-05,7102,1884514.64,7844,7102
M0548,2024-06,119,9820.51,127,119
M0169,2024-08,151,11034.80,159,151
M0486,2024-07,90,35501.05,98,90
M0281,2024-07,156,3725.31,161,156
M0211,2024-05,43,13978.31,46,43
M0041,2024-08,1475,45808.50,1602,1475
M0474,2024-05,285,3962.14,311,285
M0048,2024-06,129,35455.33,132,129
M0213,2024-04,157,16284.89,164,157
M0104,2024-10,85,7278.00,89,85
M0005,2024-02,138,4818.73,143,138
M0052,2024-11,241,3023.92,248,241
M0499,2024-09,1116,590420.73,1135,1116
M0193,2024-04,166,37679.43,171,166
M0010,2024-12,296,14001.05,317,296
M0441,2024-10,1473,35726.47,1615,1473
M0195,2024-09,295,66350.73,328,295
M0469,2024-01,82,1691.38,86,82
M0154,2024-12,304,12498.15,331,304
M0036,2024-11,8368,2757719.84,9143,8368
M0112,2024-04,224,4955.16,230,224
M0217,2024-02,1162,316290.64,1182,1162
M0363,2024-12,281,24325.20,299,281
M0238,2024-12,155,4321.21,160,155
M0564,2024-03,150,7007.41,163,150
M0527,2024-03,436,39775.40,481,436
M0059,2024-07,170,28898.23,176,170
M0192,2024-09,66,12410.07,71,66
M0418,2024-04,729,19766.39,755,729
M0124,2024-07,3036,1700843.53,3275,3036
M0595,2024-06,563,31828.09,621,563
M0392,2024-07,1812,558224.27,1927,1812
M0396,2024-09,11405,1144933.97,11826,11405
M0155,2024-08,845,91966.08,934,845
M0423,2024-04,3893,2191114.66,4223,3893
M0480,2024-12,1277,575716.44,1393,1277
M0193,2024-05,196,43485.64,211,196
M0448,2024-08,312,46317.94,339,312
M0490,2024-11,366,26753.60,378,366
M0243,2024-12,172,41052.20,189,172
M0131,2024-12,245,8612.03,262,245
M0395,2024-04,8655,969212.57,8793,8655
M0200,2024-12,391,22782.87,404,391
M0078,2024-08,11429,415788.38,12371,11429
M0498,2024-04,100,35609.36,107,100
M0091,2024-08,2427,380621.20,2536,2427
M0574,2024-10,583,145272.07,605,583
M0519,2024-12,40,21859.61,44,40
M0299,2024-02,841,48110.14,875,841
M0397,2024-09,181,69479.94,197,181
M0110,2024-10,284,73823.81,312,284
M0542,2024-04,984,100822.82,1021,984
M0039,2024-02,1606,443855.43,1679,1606
M0518,2024-07,194,10673.64,214,194
M0030,2024-10,209,21455.09,232,209
M0022,2024-03,7180,315774.50,7430,7180
M0526,2024-06,317,43674.68,347,317
M0266,2024-09,743,45878.18,805,743
M0274,2024-11,1275,47275.07,1410,1275
M0564,2024-06,202,9409.13,208,202
M0334,2024-05,1401,11554.19,1480,1401
M0163,2024-01,1569,343724.69,1602,1569
M0138,2024-12,224,85026.68,242,224
M0510,2024-10,10159,175864.57,10489,10159
M0514,2024-08,74,3745.55,78,74
M0196,2024-06,92,39631.14,99,92
M0212,2024-02,97,4628.11,102,97
M0498,2024-08,147,58031.98,159,147
M0323,2024-01,365,76616.63,385,365
M0357,2024-10,2036,93050.76,2242,2036
M0170,2024-07,66,4129.39,72,66
M0014,2024-12,338,45907.14,370,338
M0196,2024-04,133,57221.29,135,133
M0302,2024-03,43,2609.68,48,43
M0462,2024-12,919,244719.41,942,919
M0447,2024-06,195,4123.71,207,195
M0391,2024-01,3022,98402.03,3195,3022
M0113,2024-02,1741,1024743.74,1848,1741
M0252,2024-06,2088,466995.72,2273,2088
M0169,2024-01,175,13521.49,187,175
M0350,2024-09,498,206108.51,550,498
M0556,2024-08,261,95897.10,266,261
M0279,2024-05,318,34334.80,350,318
M0337,2024-12,2729,138868.84,2996,2729
M0520,2024-01,83,2759.71,88,83
M0441,2024-01,1728,42562.26,1775,1728
M0214,2024-12,13337,818446.22,13794,13337
M0319,2024-11,719,19485.26,775,719
M0146,2024-05,1046,346993.35,1119,1046
M0431,2024-03,199,1410.09,212,199
M0312,2024-10,216,16962.38,225,216
M0268,2024-04,712,61031.54,782,712
M0485,2024-05,136,4771.65,148,136
M0548,2024-12,193,14697.53,209,193
M0390,2024-07,571,27263.98,597,571
M0046,2024-08,178,5206.72,187,178
M0569,2024-01,777,27912.91,829,777
M0320,2024-12,770,204748.48,847,770
M0074,2024-03,268,131393.46,293,268
M0321,2024-05,516,12122.41,540,516
M0478,2024-12,95,8610.48,101,95
M0506,2024-01,1362,27678.36,1389,1362
M0536,2024-11,502,84179.70,545,502
M0061,2024-07,67,10208.60,71,67
M0283,2024-04,790,55416.81,866,790
M0135,2024-07,204,4104.94,220,204
M0225,2024-05,1870,167479.36,1958,1870
M0136,2024-04,1347,103973.90,1487,1347
M0238,2024-09,159,4042.69,163,159
M0389,2024-09,254,9389.95,265,254
M0497,2024-02,392,15015.68,405,392
M0331,2024-06,177,2628.14,196,177
M0106,2024-02,4784,132627.36,5045,4784
M0386,2024-12,135,1640.74,140,135
M0266,2024-01,708,43108.13,785,708
M0065,2024-03,169,8505.30,180,169
M0233,2024-08,1423,101725.79,1445,1423
M0420,2024-12,1685,18469.01,1832,1685
M0561,2024-07,237,13108.07,260,237
M0284,2024-05,4706,756849.30,5056,4706
M0328,2024-07,1595,32498.55,1635,1595
M0542,2024-12,1186,115381.99,1259,1186
M0398,2024-06,1428,57122.40,1565,1428
M0165,2024-07,1315,62677.79,1364,1315
M0249,2024-07,1453,476006.14,1532,1453
M0501,2024-09,68,15140.19,72,68
M0441,2024-07,1590,40988.75,1646,1590
M0278,2024-03,40,24970.20,42,40
M0490,2024-03,394,26474.49,411,394
M0128,2024-01,275,150429.83,304,275
M0549,2024-02,1545,405132.18,1704,1545
M0152,2024-07,368,125264.17,390,368
M0546,2024-05,671,31915.71,742,671
M0129,2024-08,262,16348.58,276,262
M0425,2024-02,1190,146095.79,1235,1190
M0508,2024-10,5409,368821.70,5975,5409
M0293,2024-04,1463,192452.69,1523,1463
M0401,2024-10,219,112308.86,236,219
M0150,2024-06,12138,878008.49,12844,12138
M0186,2024-12,295,46518.68,316,295
M0214,2024-10,10572,738012.23,11503,10572
M0469,2024-07,82,1738.71,85,82
M0411,2024-11,193,36868.10,208,193
M0558,2024-12,402,28061.37,442,402
M0250,2024-11,201,38307.70,210,201
M0381,2024-09,82,5041.01,83,82
M0182,2024-05,52,2613.45,57,52
M0335,2024-03,115,5906.62,127,115
M0480,2024-11,1522,696064.25,1649,1522
M0395,2024-08,10856,1101958.65,12048,10856
M0134,2024-01,112,13151.60,123,112
M0492,2024-07,322,8249.22,340,322
M0117,2024-12,378,252275.87,392,378
M0108,2024-10,174,55000.16,183,174
M0528,2024-05,173,33101.80,189,173
M0026,2024-10,2124,187777.82,2238,2124
M0529,2024-07,1845,66272.17,1968,1845
M0305,2024-04,77,4146.64,81,77
M0142,2024-03,1165,76812.32,1290,1165
M0222,2024-07,82,2245.25,86,82
M0561,2024-09,197,11115.21,203,197
M0535,2024-02,1307,40936.15,1380,1307
M0039,2024-11,1971,524642.90,2049,1971
M0275,2024-05,9801,4055041.10,10239,9801
M0156,2024-09,297,4059.20,320,297
M0290,2024-03,1681,253257.97,1779,1681
M0033,2024-06,172,8617.51,177,172
M0179,2024-11,4105,199731.34,4342,4105
M0239,2024-07,162,58458.70,175,162
M0184,2024-12,243,69043.82,254,243
M0431,2024-08,181,1197.93,197,181
M0137,2024-02,268,17233.89,277,268
M0138,2024-05,181,77296.55,188,181
M0066,2024-11,1529,250006.21,1648,1529
M0014,2024-11,256,30351.72,270,256
M0557,2024-04,399,16791.75,412,399
M0575,2024-05,217,39319.83,228,217
M0258,2024-03,278,118388.64,286,278
M0567,2024-10,1051,182734.40,1144,1051
M0393,2024-03,282,8165.04,292,282
M0394,2024-04,151,28172.18,159,151
M0558,2024-07,274,17603.12,280,274
M0197,2024-07,2551,395852.08,2832,2551
M0115,2024-08,1309,55006.69,1422,1309
M0229,2024-07,285,23688.54,300,285
M0258,2024-10,277,134093.09,289,277
M0053,2024-04,1815,245430.58,2010,1815
M0509,2024-01,308,57225.19,316,308
M0453,2024-07,891,42187.16,943,891
M0124,2024-05,2005,1153690.01,2053,2005
M0237,2024-08,161,9872.13,164,161
M0221,2024-03,914,65705.10,981,914
M0433,2024-02,141,54655.78,143,141
M0597,2024-10,118,1524.05,121,118
M0476,2024-09,137,24785.12,143,137
M0037,2024-01,1655,782480.25,1700,1655
M0322,2024-09,61,5215.28,67,61
M0160,2024-12,2585,124504.61,2630,2585
M0023,2024-09,100,2107.31,111,100
M0460,2024-03,502,31477.93,530,502
M0359,2024-01,240,4542.05,244,240
M0538,2024-12,3112,128029.95,3401,3112
M0088,2024-09,1270,67194.92,1291,1270
M0401,2024-11,258,131131.05,284,258
M0100,2024-01,77,22549.37,84,77
M0086,2024-04,101,49934.54,106,101
M0159,2024-03,1751,56825.21,1882,1751
M0094,2024-06,509,5674.46,528,509
M0465,2024-08,768,28872.52,826,768
M0256,2024-06,200,54622.43,221,200
M0044,2024-12,1252,13141.55,1281,1252
M0438,2024-07,126,50309.67,131,126
M0241,2024-05,253,20891.31,274,253
M0034,2024-07,6209,47472.33,6786,6209
M0384,2024-10,295,8313.25,313,295
M0116,2024-12,65,16285.74,69,65
M0094,2024-05,464,5775.63,481,464
M0542,2024-05,1129,113515.16,1168,1129
M0468,2024-06,8743,224421.80,9043,8743
M0237,2024-02,169,9696.81,178,169
M0542,2024-08,1089,105335.44,1116,1089
M0494,2024-07,203,1562.18,213,203
M0452,2024-12,83,3775.64,86,83
M0250,2024-04,176,35773.51,193,176
M0141,2024-08,226,64503.62,247,226
M0355,2024-09,1809,17111.79,1994,1809
M0531,2024-12,1788,102729.30,1880,1788
M0489,2024-06,301,3766.51,332,301
M0295,2024-07,2079,24264.06,2133,2079
M0450,2024-08,1209,166100.14,1283,1209
M0247,2024-11,6748,2404451.43,6940,6748
M0095,2024-07,1294,88665.70,1316,1294
M0146,2024-12,784,266178.08,823,784
M0173,2024-06,94,1204.97,98,94
M0271,2024-03,216,73416.70,235,216
M0569,2024-09,928,30413.52,1002,928
M0456,2024-05,48,1750.45,50,48
M0133,2024-01,37,2082.96,40,37
M0092,2024-05,232,9707.17,242,232
M0594,2024-05,108,2988.83,115,108
M0118,2024-12,738,42500.13,804,738
M0123,2024-10,2061,84245.12,2279,2061
M0104,2024-04,87,8098.77,91,87
M0374,2024-09,157,10165.97,161,157
M0029,2024-05,418,8304.92,426,418
M0144,2024-06,104,39853.44,113,104
M0351,2024-02,173,72791.57,180,173
M0044,2024-07,1238,13557.71,1333,1238
M0156,2024-05,263,3449.00,289,263
M0140,2024-05,932,120308.62,952,932
M0304,2024-03,117,1799.09,124,117
M0349,2024-12,763,50375.68,809,763
M0478,2024-07,52,4629.25,57,52
M0062,2024-09,316,42591.62,324,316
M0289,2024-07,733,17024.09,814,733
M0406,2024-08,172,3139.57,174,172
M0394,2024-07,183,33210.52,201,183
M0541,2024-12,700,62733.23,733,700
M0456,2024-04,49,1623.54,52,49
M0106,2024-08,4509,127650.93,4960,4509
M0242,2024-10,117,25031.60,121,117
M0526,2024-01,246,35020.33,260,246
M0454,2024-02,168,1034.56,173,168
M0278,2024-06,50,33485.20,51,50
M0387,2024-06,2044,50800.32,2138,2044
M0332,2024-02,141,8529.10,153,141
M0422,2024-12,301,30508.94,312,301
M0381,2024-03,75,4096.53,81,75
M0472,2024-07,227,3371.59,245,227
M0069,2024-11,1718,316807.22,1840,1718
M0001,2024-01,290,152761.05,317,290
M0273,2024-08,245,12541.99,266,245
M0213,2024-02,141,15564.32,148,141
M0008,2024-03,88,26484.35,91,88
M0546,2024-01,473,22060.61,489,473
M0193,2024-02,143,30318.48,158,143
M0582,2024-11,6450,417439.32,6804,6450
M0071,2024-10,1009,11909.77,1079,1009
M0451,2024-03,484,25511.64,533,484
M0532,2024-04,1168,59328.89,1230,1168
M0465,2024-10,912,32111.73,986,912
M0380,2024-11,48,4314.24,52,48
M0160,2024-01,1260,61547.95,1371,1260
M0377,2024-07,346,152789.49,353,346
M0011,2024-09,235,4234.07,244,235
M0334,2024-12,1588,13970.24,1627,1588
M0176,2024-07,907,210203.23,949,907
M0376,2024-04,2017,104598.49,2150,2017
M0257,2024-05,219,91389.34,231,219
M0462,2024-11,919,228606.83,970,919
M0276,2024-11,278,10909.85,290,278
M0537,2024-09,2209,66224.24,2291,2209
M0459,2024-07,78,1555.41,81,78
M0119,2024-09,112,18259.95,124,112
M0577,2024-05,244,45416.67,268,244
M0297,2024-01,274,51829.97,301,274
M0125,2024-03,212,9180.10,216,212
M0419,2024-02,1352,50598.82,1389,1352
M0283,2024-01,762,52729.70,784,762
M0284,2024-07,4289,684135.43,4486,4289
M0040,2024-11,266,105679.13,293,266
M0255,2024-02,149,10436.16,165,149
M0512,2024-06,8768,694746.01,9222,8768
M0042,2024-12,794,87121.83,836,794
M0521,2024-12,1657,66116.02,1716,1657
M0064,2024-10,1934,588303.40,2103,1934
M0373,2024-10,896,52106.83,952,896
M0006,2024-11,177,115140.64,191,177
M0434,2024-06,49,252.19,52,49
M0505,2024-06,183,6582.33,196,183
M0436,2024-12,110,42447.23,114,110
M0158,2024-12,1859,47193.29,2025,1859
M0374,2024-11,145,9225.05,148,145
M0548,2024-05,128,9833.99,131,128
M0540,2024-10,108,27898.64,112,108
M0140,2024-10,954,128014.31,970,954
M0463,2024-12,328,84469.61,340,328
M0283,2024-05,873,65851.54,955,873
M0232,2024-05,55,1189.19,59,55
M0161,2024-03,794,148520.05,840,794
M0285,2024-12,272,4728.02,287,272
M0184,2024-07,248,64700.57,253,248
M0547,2024-05,269,5310.37,287,269
M0266,2024-11,1124,64323.60,1218,1124
M0013,2024-11,220,1738.31,224,220
M0576,2024-01,1566,63866.91,1736,1566
M0392,2024-05,1319,425357.13,1411,1319
M0273,2024-09,226,12370.05,245,226
M0465,2024-12,753,24989.99,777,753
M0579,2024-08,11627,419288.74,12103,11627
M0524,2024-05,220,61938.19,240,220
M0127,2024-01,77,1221.60,82,77
M0346,2024-07,83,1103.27,92,83
M0512,2024-01,6145,514915.31,6825,6145
M0477,2024-03,110,8276.73,122,110
M0055,2024-09,2939,60449.12,3050,2939
M0533,2024-02,40,8208.45,43,40
M0234,2024-10,253,15992.31,269,253
M0435,2024-02,7205,153021.19,7365,7205
M0009,2024-03,273,2849.54,299,273
M0402,2024-12,82,14633.00,86,82
M0312,2024-08,151,11486.44,162,151
M0313,2024-07,6061,469628.50,6724,6061
M0038,2024-08,236,34979.06,240,236
M0439,2024-09,123,63838.93,134,123
M0049,2024-08,846,421816.53,933,846
M0434,2024-08,47,234.12,49,47
M0509,2024-08,279,53485.34,301,279
M0288,2024-11,473,154310.04,488,473
M0376,2024-02,2162,104993.99,2266,2162
M0422,2024-01,283,28085.96,303,283
M0400,2024-03,152,40035.87,160,152
M0347,2024-06,200,14795.24,219,200
M0439,2024-11,124,67067.28,130,124
M0034,2024-05,6274,47789.06,6381,6274
M0312,2024-02,144,10059.06,160,144
M0355,2024-11,1810,17199.54,1952,1810
M0149,2024-10,572,303391.39,581,572
M0005,2024-12,288,9965.10,294,288
M0197,2024-03,1708,260467.38,1856,1708
M0086,2024-08,163,76196.68,170,163
M0027,2024-05,1339,298586.19,1412,1339
M0234,2024-12,322,20291.33,347,322
M0390,2024-04,654,29433.89,716,654
M0332,2024-03,168,9180.52,178,168
M0398,2024-09,1177,48800.91,1235,1177
M0113,2024-11,1715,1078373.66,1833,1715
M0055,2024-04,838,18235.56,873,838
M0522,2024-12,1788,828624.59,1839,1788
M0483,2024-11,120,2737.61,132,120
M0189,2024-03,5023,36726.34,5421,5023
M0043,2024-06,1620,19980.56,1781,1620
M0331,2024-10,185,2955.75,199,185
M0044,2024-08,1347,13801.35,1373,1347
M0106,2024-12,4707,157740.22,4818,4707
M0535,2024-03,1422,42249.56,1537,1422
M0048,2024-07,154,45066.24,168,154
M0046,2024-01,127,4011.75,136,127
M0011,2024-10,178,3405.09,196,178
M0536,2024-04,509,80902.10,519,509
M0326,2024-02,339,7599.49,349,339
M0556,2024-07,292,108227.92,321,292
M0340,2024-03,1932,343506.63,2016,1932
M0178,2024-06,374,90649.32,411,374
M0122,2024-09,4057,49238.18,4470,4057
M0075,2024-01,1121,40691.42,1144,1121
M0343,2024-07,436,28326.10,471,436
M0552,2024-02,257,120779.11,261,257
M0527,2024-11,482,42149.96,503,482
M0325,2024-03,1678,1055757.53,1767,1678
M0281,2024-03,157,3693.67,165,157
M0052,2024-09,248,3440.37,258,248
M0252,2024-11,1411,300952.45,1513,1411
M0496,2024-06,153,13727.30,165,153
M0484,2024-02,4949,139358.58,5194,4949
M0471,2024-07,248,6852.93,251,248
M0134,2024-08,154,18815.86,159,154
M0351,2024-08,256,107430.40,282,256
M0057,2024-06,174,70710.12,185,174
M0095,2024-08,1616,123460.96,1646,1616
M0040,2024-01,214,81850.59,223,214
M0189,2024-07,4727,33897.20,5107,4727
M0508,2024-01,5488,397095.57,5662,5488
M0200,2024-04,177,10338.87,180,177
M0369,2024-08,261,15163.69,272,261
M0014,2024-05,308,37538.76,316,308
M0552,2024-09,428,227812.04,452,428
M0600,2024-06,152,73145.14,165,152
M0465,2024-11,824,29691.92,868,824
M0003,2024-03,192,4295.39,205,192
M0586,2024-09,85,27877.02,93,85
M0132,2024-06,138,6156.39,146,138
M0485,2024-09,133,4662.94,141,133
M0327,2024-11,57,36384.89,61,57
M0553,2024-01,109,49409.71,118,109
M0478,2024-08,57,5380.14,58,57
M0528,2024-03,161,29653.84,173,161
M0258,2024-04,321,141245.22,344,321
M0515,2024-02,1084,35356.78,1113,1084
M0535,2024-12,1769,53922.43,1959,1769
M0558,2024-02,200,13413.19,211,200
M0508,2024-05,5402,353794.72,5533,5402
M0417,2024-06,2506,922185.80,2686,2506
M0310,2024-07,197,8485.19,212,197
M0339,2024-03,1327,300444.57,1375,1327
M0431,2024-10,201,1427.93,212,201
M0416,2024-02,7647,1473635.65,8015,7647
M0464,2024-04,2040,46024.53,2187,2040
M0174,2024-11,286,47244.17,294,286
M0071,2024-09,1177,13543.32,1241,1177
M0082,2024-04,133,3110.68,147,133
M0343,2024-08,511,30377.30,557,511
M0391,2024-03,3729,117470.10,3860,3729
M0565,2024-10,246,40854.74,260,246
M0517,2024-08,232,5619.45,237,232
M0203,2024-07,261,8111.39,278,261
M0039,2024-10,1574,447463.75,1746,1574
M0541,2024-08,688,63676.71,751,688
M0103,2024-10,9437,2268273.59,10303,9437
M0453,2024-09,897,40637.05,918,897
M0056,2024-12,261,6385.55,284,261
M0177,2024-03,327,7077.00,362,327
M0103,2024-06,11398,2732970.61,12377,11398
M0298,2024-03,5061,1477418.06,5218,5061
M0541,2024-03,468,49229.83,504,468
M0170,2024-01,74,4435.76,81,74
M0275,2024-11,10635,4356887.21,11037,10635
M0499,2024-10,872,453769.62,962,872
M0126,2024-06,283,13543.31,298,283
M0025,2024-02,208,32616.80,214,208
M0207,2024-10,130,2714.34,132,130
M0525,2024-05,160,7826.06,169,160
M0413,2024-05,8507,521045.61,9199,8507
M0467,2024-07,165,17304.74,183,165
M0111,2024-06,229,54114.35,251,229
M0506,2024-03,1704,35077.08,1757,1704
M0399,2024-07,117,49067.39,123,117
M0019,2024-12,243,3502.99,253,243
M0184,2024-02,162,46213.06,165,162
M0274,2024-09,1255,40226.85,1380,1255
M0423,2024-08,6388,3726300.60,7082,6388
M0436,2024-02,119,46973.12,121,119
M0600,2024-12,155,73126.86,169,155
M0494,2024-04,203,1748.36,222,203
M0110,2024-03,247,72056.30,260,247
M0563,2024-06,1615,339226.46,1725,1615
M0049,2024-12,487,253501.30,541,487
M0284,2024-09,5154,668598.26,5543,5154
M0383,2024-01,1638,854366.23,1758,1638
M0218,2024-05,156,41467.01,160,156
M0055,2024-12,4949,95124.46,5406,4949
M0461,2024-10,1800,1130418.09,1889,1800
M0088,2024-04,1398,72064.57,1447,1398
M0116,2024-07,72,17768.64,77,72
M0351,2024-10,183,72175.63,202,183
M0165,2024-01,1076,51181.35,1103,1076
M0240,2024-06,1849,121978.27,1895,1849
M0541,2024-11,520,54090.60,528,520
M0197,2024-05,1926,284387.29,2041,1926
M0365,2024-12,156,4694.76,168,156
M0364,2024-06,335,53063.85,343,335
M0467,2024-03,228,23383.78,241,228
M0599,2024-01,3972,134565.30,4342,3972
M0369,2024-01,195,11126.47,215,195
M0116,2024-10,54,13795.44,57,54
M0483,2024-04,106,2443.30,117,106
M0511,2024-10,272,79925.88,279,272
M0047,2024-09,285,53951.43,305,285
M0330,2024-03,195,6568.78,199,195
M0302,2024-11,44,2533.85,45,44
M0159,2024-02,1525,46638.69,1603,1525
M0509,2024-09,316,58795.94,349,316
M0272,2024-06,238,55469.66,249,238
M0292,2024-03,1309,84631.18,1376,1309
M0331,2024-02,160,2365.35,164,160
M0313,2024-11,6658,480243.07,6953,6658
M0327,2024-04,55,35851.35,60,55
M0413,2024-04,7449,450140.12,8088,7449
M0006,2024-04,186,123433.13,191,186
M0075,2024-02,1182,38953.09,1238,1182
M0013,2024-01,51,375.24,54,51
M0189,2024-12,5212,35704.39,5533,5212
M0241,2024-06,265,19891.62,269,265
M0434,2024-04,51,258.89,53,51
M0225,2024-11,2958,235938.87,3085,2958
M0295,2024-05,2027,27860.50,2070,2027
M0005,2024-11,216,7537.44,237,216
M0582,2024-05,4200,275210.15,4548,4200
M0342,2024-07,1336,46267.02,1391,1336
M0018,2024-05,57,16580.63,63,57
M0562,2024-12,244,1559.03,260,244
M0079,2024-03,240,74698.11,263,240
M0021,2024-12,3653,112554.60,3999,3653
M0033,2024-08,174,8515.13,180,174
M0310,2024-05,218,9244.75,228,218
M0109,2024-04,170,8619.57,188,170
M0456,2024-09,45,1492.49,47,45
M0486,2024-12,98,43529.41,109,98
M0265,2024-11,388,8994.52,406,388
M0046,2024-02,149,4775.01,159,149
M0581,2024-11,1007,32560.13,1049,1007
M0422,2024-04,266,27334.56,282,266
M0102,2024-11,261,11068.23,283,261
M0325,2024-12,2408,1619469.31,2588,2408
M0173,2024-02,92,1173.85,102,92
M0558,2024-03,230,14337.25,244,230
M0534,2024-07,1227,62664.89,1286,1227
M0496,2024-08,538,54098.08,558,538
M0048,2024-12,125,32922.55,132,125
M0536,2024-06,674,107829.57,717,674
M0107,2024-09,5687,317864.56,5779,5687
M0139,2024-05,274,19396.40,303,274
M0264,2024-06,267,15747.20,273,267
M0301,2024-05,162,57434.28,170,162
M0457,2024-08,2177,203702.92,2284,2177
M0357,2024-12,2216,118255.28,2292,2216
M0018,2024-04,57,16550.08,63,57
M0526,2024-10,254,35532.68,272,254
M0164,2024-03,46,20702.20,47,46
M0318,2024-05,1091,225422.58,1122,1091
M0451,2024-09,482,26795.73,529,482
M0078,2024-04,11174,409761.11,11358,11174
M0246,2024-01,220,116721.83,229,220
M0533,2024-07,60,12719.08,61,60
M0023,2024-06,115,2601.24,127,115
M0171,2024-05,138,2747.86,152,138
M0127,2024-03,78,1282.13,85,78
M0366,2024-05,156,6579.20,159,156
M0136,2024-02,1395,111235.79,1544,1395
M0411,2024-07,252,44954.97,264,252
M0277,2024-12,1210,83064.28,1290,1210
M0470,2024-05,576,85405.26,621,576
M0204,2024-07,186,3736.22,194,186
M0571,2024-06,388,163928.16,429,388
M0025,2024-10,218,35916.87,226,218
M0429,2024-04,48,5236.85,52,48
M0253,2024-03,923,29513.18,998,923
M0026,2024-11,2761,230620.60,3012,2761
M0559,2024-02,1429,35375.85,1458,1429
M0449,2024-12,747,55409.76,815,747
M0537,2024-04,1937,55868.87,2041,1937
M0565,2024-09,292,50421.65,320,292
M0231,2024-02,610,97344.76,666,610
M0562,2024-10,224,1487.01,228,224
M0237,2024-04,158,8865.34,163,158
M0418,2024-11,782,19301.67,864,782
M0054,2024-09,72,1422.29,79,72
M0231,2024-03,557,80856.49,616,557
M0342,2024-03,925,31010.31,951,925
M0333,2024-01,63,924.36,70,63
M0532,2024-05,1225,52048.55,1247,1225
M0358,2024-02,169,28896.56,173,169
M0401,2024-07,359,190126.41,376,359
M0500,2024-09,853,97254.19,881,853
M0448,2024-04,258,44915.78,281,258
M0172,2024-02,853,27480.55,874,853
M0312,2024-01,168,12973.77,179,168
M0133,2024-04,37,2205.09,38,37
M0485,2024-03,112,4366.11,118,112
M0577,2024-08,306,57594.10,334,306
M0078,2024-02,8108,298989.26,8972,8108
M0098,2024-06,224,13820.63,228,224
M0125,2024-08,204,8217.06,225,204
M0103,2024-05,10112,2495434.17,11196,10112
M0385,2024-04,937,107183.35,975,937
M0457,2024-09,1978,202111.01,2122,1978
M0240,2024-07,1705,107445.62,1764,1705
M0112,2024-09,207,4466.52,225,207
M0378,2024-05,1623,265698.45,1774,1623
M0038,2024-10,136,21247.26,148,136
M0301,2024-06,192,59914.44,202,192
M0242,2024-04,118,22200.86,128,118
M0201,2024-11,170,54417.24,173,170
M0103,2024-07,14383,3091703.67,15727,14383
M0599,2024-08,4594,155791.76,4995,4594
M0352,2024-12,891,145640.66,952,891
M0218,2024-06,188,50652.54,197,188
M0473,2024-08,128,71030.97,131,128
M0359,2024-10,205,3625.05,213,205
M0027,2024-03,1430,344017.45,1573,1430
M0292,2024-04,1443,103847.47,1548,1443
M0540,2024-08,128,34473.16,139,128
M0397,2024-01,165,63281.95,177,165
M0388,2024-05,93,3140.74,103,93
M0503,2024-02,194,2611.10,197,194
M0546,2024-09,627,33496.46,652,627
M0238,2024-11,175,4234.49,190,175
M0510,2024-09,9188,160318.83,10141,9188
M0373,2024-01,724,42423.04,789,724
M0303,2024-05,235,4319.58,244,235
M0444,2024-06,364,36122.04,379,364
M0076,2024-03,1537,35137.90,1586,1537
M0460,2024-01,613,38460.54,634,613
M0352,2024-02,581,98354.34,611,581
M0554,2024-02,1199,169857.58,1311,1199
M0450,2024-03,784,88826.02,819,784
M0540,2024-01,94,27672.28,100,94
M0218,2024-01,116,30548.58,125,116
M0513,2024-01,941,534258.64,957,941
M0594,2024-12,124,3188.98,128,124
M0324,2024-09,7867,2720278.35,8688,7867
M0161,2024-07,1231,230869.75,1312,1231
M0005,2024-08,152,5178.88,158,152
M0396,2024-12,11928,1318777.99,13105,11928
M0094,2024-12,545,6876.79,596,545
M0211,2024-01,49,14212.58,51,49
M0380,2024-04,54,4757.37,56,54
M0313,2024-06,6027,421390.18,6353,6027
M0391,2024-12,3681,113787.56,3997,3681
M0231,2024-06,953,137540.57,1051,953
M0073,2024-12,89,25411.93,97,89
M0539,2024-08,1744,75623.51,1799,1744
M0289,2024-02,659,15817.85,687,659
M0474,2024-01,247,3709.91,256,247
M0298,2024-05,4489,1237593.07,4749,4489
M0122,2024-07,4646,55828.91,4790,4646
M0514,2024-07,82,4048.74,83,82
M0580,2024-10,306,12629.03,319,306
M0288,2024-05,424,140249.83,464,424
M0101,2024-11,1743,58645.41,1877,1743
M0264,2024-03,320,18611.09,342,320
M0371,2024-07,47,918.30,52,47
M0128,2024-04,290,155920.58,305,290
M0505,2024-01,164,6946.23,169,164
M0346,2024-03,85,1200.55,90,85
M0527,2024-01,499,49856.30,535,499
M0398,2024-07,1364,50472.37,1461,1364
M0153,2024-11,2837,87179.50,2886,2837
M0585,2024-09,2064,59134.95,2260,2064
M0370,2024-09,200,4242.81,216,200
M0511,2024-08,348,114905.16,386,348
M0190,2024-02,551,19317.31,582,551
M0396,2024-02,10730,1081856.96,11180,10730
M0378,2024-09,5602,930127.20,5824,5602
M0295,2024-04,1772,23549.49,1941,1772
M0598,2024-06,932,60941.94,984,932
M0297,2024-11,267,50786.74,275,267
M0394,2024-08,168,30893.95,183,168
M0587,2024-11,259,14904.01,278,259
M0469,2024-11,78,1811.02,81,78
M0337,2024-02,1486,70962.25,1518,1486
M0193,2024-03,205,44655.22,223,205
M0183,2024-02,216,34346.98,237,216
M0540,2024-07,125,34250.70,135,125
M0373,2024-09,928,55152.75,971,928
M0084,2024-11,518,252069.78,530,518
M0465,2024-07,805,31315.41,867,805
M0526,2024-03,224,36340.09,246,224
M0486,2024-09,167,74592.16,179,167
M0101,2024-05,1866,57735.26,1994,1866
M0471,2024-02,212,6344.07,231,212
M0321,2024-04,463,11564.34,496,463
M0174,2024-05,292,45454.78,309,292
M0354,2024-11,345,18399.72,384,345
M0449,2024-08,432,33098.75,464,432
M0407,2024-02,196,58992.05,215,196
M0350,2024-12,664,299461.46,729,664
M0371,2024-04,55,1063.23,60,55
M0046,2024-12,263,8337.94,273,263
M0558,2024-01,215,14647.70,226,215
M0115,2024-07,1236,51511.20,1339,1236
M0573,2024-08,68,4201.06,72,68
M0214,2024-09,10812,670012.72,11626,10812
M0249,2024-02,768,245184.28,804,768
M0313,2024-10,6481,535145.15,7167,6481
M0428,2024-10,110,32069.31,118,110
M0336,2024-11,303,53266.55,336,303
M0445,2024-06,47,2971.90,51,47
M0530,2024-03,1504,63373.15,1666,1504
M0312,2024-06,177,12847.13,183,177
M0083,2024-02,489,15009.80,503,489
M0437,2024-12,109,27701.19,120,109
M0415,2024-06,14178,1596780.99,14702,14178
M0107,2024-08,5598,299487.35,6119,5598
M0035,2024-05,206,8518.65,226,206
M0199,2024-01,9534,103713.64,10281,9534
M0567,2024-01,1130,184193.86,1183,1130
M0476,2024-04,139,26318.31,145,139
M0371,2024-03,55,1114.22,59,55
M0319,2024-04,892,21725.23,956,892
M0286,2024-10,62,1185.17,67,62
M0399,2024-01,163,58543.91,175,163
M0148,2024-02,98,2983.91,108,98
M0233,2024-01,1014,69570.28,1100,1014
M0313,2024-12,7430,566539.90,7806,7430
M0222,2024-04,85,2434.37,92,85
M0505,2024-02,185,6639.74,193,185
M0418,2024-10,712,20151.13,725,712
M0321,2024-12,605,14029.81,623,605
M0292,2024-02,1315,98831.42,1384,1315
M0296,2024-03,159,57247.51,165,159
M0479,2024-12,809,13868.52,827,809
M0170,2024-06,69,3804.87,76,69
M0039,2024-04,2051,578797.99,2195,2051
M0490,2024-02,390,27271.52,415,390
M0510,2024-02,10633,195757.38,11423,10633
M0117,2024-06,346,248954.08,380,346
M0090,2024-05,4730,127406.22,4906,4730
M0457,2024-12,2134,204419.09,2173,2134
M0043,2024-03,1675,19316.17,1783,1675
M0135,2024-06,195,4010.07,198,195
M0320,2024-03,586,155499.78,647,586
M0176,2024-11,782,171591.13,847,782
M0093,2024-03,59,1684.77,61,59
M0419,2024-04,1414,47051.38,1563,1414
M0371,2024-12,60,1261.95,66,60
M0379,2024-07,5468,1386646.57,5961,5468
M0326,2024-07,382,8688.99,409,382
M0307,2024-09,235,10585.67,240,235
M0045,2024-07,159,10453.29,173,159
M0235,2024-07,1012,72139.57,1121,1012
M0548,2024-03,109,8850.99,117,109
M0374,2024-01,164,11351.67,169,164
M0149,2024-05,572,285827.44,611,572
M0166,2024-05,93,2866.74,98,93
M0359,2024-02,208,3566.17,224,208
M0457,2024-06,2261,238406.52,2314,2261
M0398,2024-04,1351,55720.10,1402,1351
M0523,2024-09,130,81255.41,138,130
M0269,2024-01,1017,519532.32,1083,1017
M0086,2024-01,113,52575.29,119,113
M0034,2024-06,6834,51556.91,7365,6834
M0024,2024-11,138,37417.55,146,138
M0127,2024-11,67,1057.99,71,67
M0364,2024-09,273,44017.64,300,273
M0520,2024-07,82,2676.65,90,82
M0551,2024-09,296,36126.92,320,296
M0291,2024-09,509,42014.98,524,509
M0578,2024-06,171,51471.15,175,171
M0447,2024-03,186,4154.38,206,186
M0458,2024-03,6720,498219.80,6940,6720
M0077,2024-10,103,30210.45,111,103
M0261,2024-06,99,23293.45,102,99
M0399,2024-11,171,63339.64,185,171
M0407,2024-10,245,74373.57,269,245
M0092,2024-12,239,10322.48,255,239
M0261,2024-04,64,15275.71,70,64
M0479,2024-09,798,14343.57,814,798
M0114,2024-07,99,2527.45,106,99
M0238,2024-02,150,4246.18,156,150
M0129,2024-04,234,13827.54,242,234
M0557,2024-08,304,12780.17,325,304
M0077,2024-03,104,30848.58,108,104
M0566,2024-05,1370,64889.40,1494,1370
M0572,2024-06,1554,55264.66,1640,1554
M0339,2024-02,1274,308274.86,1318,1274
M0505,2024-09,194,7148.59,214,194
M0218,2024-02,106,25648.02,118,106
M0239,2024-11,227,83346.55,245,227
M0585,2024-02,1973,59139.90,2171,1973
M0404,2024-08,1611,383631.74,1659,1611
M0539,2024-02,1615,70325.50,1751,1615
M0234,2024-02,261,16738.98,269,261
M0303,2024-03,214,3943.33,224,214
M0020,2024-05,1803,134604.51,1874,1803
M0202,2024-01,294,7363.56,305,294
M0476,2024-12,177,33687.70,187,177
M0528,2024-06,184,33409.03,187,184
M0128,2024-03,293,137802.80,319,293
M0006,2024-03,195,135014.50,216,195
M0382,2024-05,3228,957744.83,3319,3228
M0574,2024-01,797,227603.71,817,797
M0407,2024-05,259,82137.42,286,259
M0565,2024-01,291,50992.04,300,291
M0129,2024-12,399,25853.96,439,399
M0226,2024-11,97,2525.21,105,97
M0575,2024-03,165,29021.45,183,165
M0221,2024-06,998,70747.58,1022,998
M0106,2024-11,4130,137303.42,4223,4130
M0182,2024-11,51,2829.32,53,51
M0256,2024-10,130,38254.79,136,130
M0226,2024-04,88,2215.88,93,88
M0584,2024-05,255,80533.02,282,255
M0578,2024-04,143,41177.69,155,143
M0031,2024-01,2100,55712.45,2139,2100
M0195,2024-11,280,66643.59,302,280
M0116,2024-09,47,12623.98,50,47
M0154,2024-07,296,12544.63,311,296
M0499,2024-01,910,499862.86,992,910
M0177,2024-08,258,5100.58,269,258
M0172,2024-01,737,22375.42,812,737
M0225,2024-06,2019,158560.32,2176,2019
M0004,2024-09,11182,2461302.92,11903,11182
M0552,2024-05,239,109634.89,256,239
M0235,2024-03,884,56373.22,983,884
M0466,2024-09,1649,422361.64,1709,1649
M0579,2024-10,10180,371047.60,11232,10180
M0067,2024-05,188,11521.56,208,188
M0572,2024-08,1459,54731.78,1553,1459
M0097,2024-08,141,21589.49,149,141
M0122,2024-03,4083,50305.29,4336,4083
M0141,2024-02,134,33538.36,136,134
M0460,2024-08,726,44141.74,785,726
M0599,2024-06,5254,170399.51,5631,5254
M0433,2024-08,246,98006.70,256,246
M0053,2024-07,1263,163951.73,1314,1263
M0295,2024-09,1812,24817.69,1909,1812
M0597,2024-07,114,1388.10,125,114
M0514,2024-04,73,3474.94,79,73
M0445,2024-09,52,3254.35,58,52
M0483,2024-05,114,2695.91,120,114
M0375,2024-04,515,9969.60,546,515
M0235,2024-01,918,64715.17,990,918
M0222,2024-03,77,2221.20,84,77
M0589,2024-08,1034,69083.03,1133,1034
M0205,2024-07,222,26157.31,230,222
M0598,2024-11,1237,89562.58,1367,1237
M0008,2024-10,105,31439.67,108,105
M0301,2024-03,127,41801.49,141,127
M0024,2024-08,209,60061.62,232,209
M0153,2024-05,1694,51823.75,1845,1694
M0581,2024-10,909,30579.23,938,909
M0558,2024-04,244,16418.62,251,244
M0226,2024-01,80,2236.14,84,80
M0008,2024-06,89,26748.69,94,89
M0568,2024-11,268,13434.12,279,268
M0323,2024-07,549,114541.95,607,549
M0114,2024-11,184,4050.47,203,184
M0328,2024-09,1919,34156.91,2049,1919
M0055,2024-06,923,19026.65,983,923
M0118,2024-03,362,18560.45,388,362
M0035,2024-02,217,9534.26,237,217
M0575,2024-12,270,43893.16,298,270
M0343,2024-06,385,24126.55,414,385
M0348,2024-10,304,10114.20,323,304
M0261,2024-07,98,21701.71,102,98
M0485,2024-02,89,3004.53,93,89
M0082,2024-03,143,3648.46,149,143
M0444,2024-05,296,29481.55,312,296
M0048,2024-11,103,29992.88,109,103
M0287,2024-04,257,6114.16,273,257
M0285,2024-09,322,5514.15,347,322
M0176,2024-03,808,198307.03,888,808
M0204,2024-08,188,3595.12,205,188
M0020,2024-12,2055,153655.67,2259,2055
M0372,2024-01,50,1623.92,52,50
M0471,2024-09,268,7484.56,289,268
M0543,2024-12,165,59381.24,174,165
M0213,2024-07,219,24741.01,238,219
M0345,2024-09,2184,51116.49,2249,2184
M0553,2024-11,112,51449.27,124,112
M0534,2024-05,1326,71653.33,1360,1326
M0092,2024-06,231,8925.41,246,231
M0087,2024-01,46,12624.16,50,46
M0171,2024-03,140,2719.71,151,140
M0163,2024-06,2694,505207.07,2762,2694
M0127,2024-09,63,1054.34,67,63
M0403,2024-06,275,101784.09,283,275
M0168,2024-06,1033,21192.70,1051,1033
M0099,2024-05,8241,553025.93,8512,8241
M0287,2024-10,219,5062.79,235,219
M0113,2024-01,1635,947497.68,1664,1635
M0386,2024-04,120,1249.43,125,120
M0108,2024-06,114,41662.74,119,114
